{"resourceType":"CodeSystem","id":"questionnaire-usage-mode","meta":{"lastUpdated":"2020-04-09T21:10:28.568+00:00"},"text":{"status":"generated","div":"<div xmlns=\"http://www.w3.org/1999/xhtml\"><p>This code system <code>http://terminology.hl7.org/CodeSystem/questionnaire-usage-mode</code> defines the following codes:</p><table class=\"codes\"><tr><td style=\"white-space:nowrap\"><b>Code</b></td><td><b>Display</b></td><td><b>Definition</b></td></tr><tr><td style=\"white-space:nowrap\">capture-display<a name=\"questionnaire-usage-mode-capture-display\"> </a></td><td>Capture &amp; Display</td><td>Render the item regardless of usage mode.</td></tr><tr><td style=\"white-space:nowrap\">capture<a name=\"questionnaire-usage-mode-capture\"> </a></td><td>Capture Only</td><td>Render the item only when capturing data.</td></tr><tr><td style=\"white-space:nowrap\">display<a name=\"questionnaire-usage-mode-display\"> </a></td><td>Display Only</td><td>Render the item only when displaying a completed form.</td></tr><tr><td style=\"white-space:nowrap\">display-non-empty<a name=\"questionnaire-usage-mode-display-non-empty\"> </a></td><td>Display when Answered</td><td>Render the item only when displaying a completed form and the item has been answered (or has child items that have been answered).</td></tr><tr><td style=\"white-space:nowrap\">capture-display-non-empty<a name=\"questionnaire-usage-mode-capture-display-non-empty\"> </a></td><td>Capture or, if answered, Display</td><td>Render the item when capturing data or when displaying a completed form and the item has been answered (or has child items that have been answered).</td></tr></table></div>"},"url":"http://terminology.hl7.org/CodeSystem/questionnaire-usage-mode","identifier":[{"system":"urn:ietf:rfc:3986","value":"urn:oid:2.16.840.1.113883.4.642.1.1274"}],"version":"0.1.0","name":"QuestionnaireItemUsageMode","title":"QuestionnaireItemUsageMode","status":"draft","experimental":false,"date":"2020-04-09T21:10:28+00:00","publisher":"HL7 (FHIR Project)","contact":[{"telecom":[{"system":"url","value":"http://hl7.org/fhir"},{"system":"email","value":"fhir@lists.hl7.org"}]}],"description":"Identifies the modes of usage of a questionnaire that should enable a particular questionnaire item.","caseSensitive":true,"valueSet":"http://terminology.hl7.org/ValueSet/questionnaire-usage-mode","content":"complete","concept":[{"code":"capture-display","display":"Capture & Display","definition":"Render the item regardless of usage mode."},{"code":"capture","display":"Capture Only","definition":"Render the item only when capturing data."},{"code":"display","display":"Display Only","definition":"Render the item only when displaying a completed form."},{"code":"display-non-empty","display":"Display when Answered","definition":"Render the item only when displaying a completed form and the item has been answered (or has child items that have been answered)."},{"code":"capture-display-non-empty","display":"Capture or, if answered, Display","definition":"Render the item when capturing data or when displaying a completed form and the item has been answered (or has child items that have been answered)."}]}