{"resourceType":"CodeSystem","id":"adverse-event-causality-method","meta":{"lastUpdated":"2020-04-09T21:10:28.568+00:00"},"text":{"status":"generated","div":"<div xmlns=\"http://www.w3.org/1999/xhtml\"><p>This code system <code>http://terminology.hl7.org/CodeSystem/adverse-event-causality-method</code> defines the following codes:</p><table class=\"codes\"><tr><td style=\"white-space:nowrap\"><b>Code</b></td><td><b>Display</b></td></tr><tr><td style=\"white-space:nowrap\">probability-scale<a name=\"adverse-event-causality-method-probability-scale\"> </a></td><td>Probability Scale</td></tr><tr><td style=\"white-space:nowrap\">bayesian<a name=\"adverse-event-causality-method-bayesian\"> </a></td><td>Bayesian</td></tr><tr><td style=\"white-space:nowrap\">checklist<a name=\"adverse-event-causality-method-checklist\"> </a></td><td>Checklist</td></tr></table></div>"},"extension":[{"url":"http://hl7.org/fhir/StructureDefinition/structuredefinition-wg","valueCode":"pc"},{"url":"http://hl7.org/fhir/StructureDefinition/structuredefinition-fmm","valueInteger":1}],"url":"http://terminology.hl7.org/CodeSystem/adverse-event-causality-method","identifier":[{"system":"urn:ietf:rfc:3986","value":"urn:oid:2.16.840.1.113883.4.642.1.1255"}],"version":"0.1.0","name":"AdverseEventCausalityMethod","title":"AdverseEventCausalityMethod","status":"draft","experimental":false,"date":"2020-04-09T21:10:28+00:00","publisher":"HL7 (FHIR Project)","contact":[{"telecom":[{"system":"url","value":"http://hl7.org/fhir"},{"system":"email","value":"fhir@lists.hl7.org"}]}],"description":"TODO.","caseSensitive":true,"valueSet":"http://terminology.hl7.org/ValueSet/adverse-event-causality-method","content":"complete","concept":[{"code":"probability-scale","display":"Probability Scale"},{"code":"bayesian","display":"Bayesian"},{"code":"checklist","display":"Checklist"}]}