{"resourceType":"CodeSystem","id":"MTHMDRSPA","text":{"status":"generated","div":"<div xmlns=\"http://www.w3.org/1999/xhtml\"><p>This code system <code>http://terminology.hl7.org/CodeSystem/MTHMDRSPA</code> defines codes, but no codes are represented here</p></div>"},"url":"http://terminology.hl7.org/CodeSystem/MTHMDRSPA","identifier":[{"system":"urn:ietf:rfc:3986","value":"urn:oid:2.16.840.1.113883.6.165"}],"version":"2.0.1","name":"MTHMDRSPA","title":"MTH MedDRA Spanish","status":"retired","experimental":false,"date":"2021-11-09T10:00:00+10:00","publisher":"TBD - External Body","contact":[{"name":"MedDRA MSSO/ Northrop Grumman,MedDRA MSSO/ Northrop Grumman"}],"description":"Metathesaurus Forms of Medical Dictionary for Regulatory Activities Terminology (MedDRA) Version 7.0, Spanish Edition. Bethesda, MD: National Library of Medicine, March 2004.","caseSensitive":true,"content":"not-present"}