{"resourceType":"CodeSystem","id":"consentverification","meta":{"lastUpdated":"2020-04-09T21:10:28.568+00:00","profile":["http://hl7.org/fhir/StructureDefinition/shareablecodesystem"]},"text":{"status":"generated","div":"<div xmlns=\"http://www.w3.org/1999/xhtml\"><p>This code system <code>http://terminology.hl7.org/CodeSystem/consentverification</code> defines the following codes:</p><table class=\"codes\"><tr><td style=\"white-space:nowrap\"><b>Code</b></td><td><b>Display</b></td><td><b>Definition</b></td></tr><tr><td style=\"white-space:nowrap\">family<a name=\"consentverification-family\"> </a></td><td>FamilyVerified</td><td>Verification by Family/RelatedPerson</td></tr><tr><td style=\"white-space:nowrap\">validation<a name=\"consentverification-validation\"> </a></td><td>Validation</td><td>Periodic Re-validation of Grantee decision</td></tr></table></div>"},"extension":[{"url":"http://hl7.org/fhir/StructureDefinition/structuredefinition-wg","valueCode":"cbcc"},{"url":"http://hl7.org/fhir/StructureDefinition/structuredefinition-fmm","valueInteger":2}],"url":"http://terminology.hl7.org/CodeSystem/consentverification","identifier":[{"system":"urn:ietf:rfc:3986","value":"urn:oid:2.16.840.1.113883.4.642.1.0"}],"version":"0.1.0","name":"ConsentVerificationCodes","title":"Consent Verification Codes","status":"draft","experimental":false,"date":"2023-07-18T00:43:45-06:00","publisher":"CBCC","contact":[{"telecom":[{"system":"url","value":"http://hl7.org/fhir"}]}],"description":"This value set includes base Consent Verification codes.","caseSensitive":true,"valueSet":"http://terminology.hl7.org/ValueSet/consent-verification","content":"complete","concept":[{"code":"family","display":"FamilyVerified","definition":"Verification by Family/RelatedPerson"},{"code":"validation","display":"Validation","definition":"Periodic Re-validation of Grantee decision"}]}