{"resourceType":"CodeSystem","id":"nddf","text":{"status":"generated","div":"<div xmlns=\"http://www.w3.org/1999/xhtml\"><p>This code system <code>http://terminology.hl7.org/CodeSystem/nddf</code> defines codes, but no codes are represented here</p></div>"},"url":"http://terminology.hl7.org/CodeSystem/nddf","identifier":[{"system":"urn:ietf:rfc:3986","value":"urn:oid:2.16.840.1.113883.6.208"}],"version":"2.0.1","name":"Nddf","title":"National Drug Data File","status":"retired","experimental":false,"date":"2021-11-09T10:00:00+10:00","publisher":"TBD - External Body","description":"National Drug Data File Plus Source Vocabulary 2004. San Bruno, CA: First DataBank, March 11, 2004.\r\n\r\nThis entry was generated to support the Sources in the UMLS. Additional metadata is still missing.","caseSensitive":true,"content":"not-present"}