{"resourceType":"CodeSystem","id":"icd10-CA","text":{"status":"generated","div":"<div xmlns=\"http://www.w3.org/1999/xhtml\"><p>This code system <code>http://hl7.org/fhir/sid/icd-10-ca</code> defines codes, but no codes are represented here</p></div>"},"url":"http://hl7.org/fhir/sid/icd-10-ca","identifier":[{"system":"urn:ietf:rfc:3986","value":"urn:oid:2.16.840.1.113883.6.94"}],"version":"3.0.1","name":"ICD10CA","title":"International Statistical Classification of Diseases and Related Health Problems, 10th Revision, Canada","status":"active","experimental":false,"date":"2020-09-24T00:00:00-04:00","publisher":"Canadian Institute for Health Information","contact":[{"name":"Canadian Institute for Health Information","telecom":[{"system":"email","value":"classifications@cihi.ca"}]}],"description":"ICD-10-CA (International Statistical Classification of Diseases and Related Health Problems, 10th Revision, Canada) was developed by the World Health Organization (WHO) and enhanced by CIHI to meet Canadian morbidity data needs. ICD-10-CA classifies diseases, injuries and causes of death, as well as external causes of injury and poisoning. It also includes conditions and situations that are not diseases but represent risk factors to health, such as occupational and environmental factors, lifestyle and psychosocial circumstances.","caseSensitive":true,"content":"not-present"}