{"resourceType":"CodeSystem","id":"parameter-group","meta":{"lastUpdated":"2020-04-09T21:10:28.568+00:00"},"text":{"status":"generated","div":"<div xmlns=\"http://www.w3.org/1999/xhtml\"><p>This code system <code>http://terminology.hl7.org/CodeSystem/parameter-group</code> defines the following codes:</p><table class=\"codes\"><tr><td style=\"white-space:nowrap\"><b>Code</b></td><td><b>Display</b></td><td><b>Definition</b></td></tr><tr><td style=\"white-space:nowrap\">haemodynamic<a name=\"parameter-group-haemodynamic\"> </a></td><td>Haemodynamic Parameter Group</td><td>Haemodynamic Parameter Group - MDC_PGRP_HEMO.</td></tr><tr><td style=\"white-space:nowrap\">ecg<a name=\"parameter-group-ecg\"> </a></td><td>ECG Parameter Group</td><td>ECG Parameter Group - MDC_PGRP_ECG.</td></tr><tr><td style=\"white-space:nowrap\">respiratory<a name=\"parameter-group-respiratory\"> </a></td><td>Respiratory Parameter Group</td><td>Respiratory Parameter Group - MDC_PGRP_RESP.</td></tr><tr><td style=\"white-space:nowrap\">ventilation<a name=\"parameter-group-ventilation\"> </a></td><td>Ventilation Parameter Group</td><td>Ventilation Parameter Group - MDC_PGRP_VENT.</td></tr><tr><td style=\"white-space:nowrap\">neurological<a name=\"parameter-group-neurological\"> </a></td><td>Neurological Parameter Group</td><td>Neurological Parameter Group - MDC_PGRP_NEURO.</td></tr><tr><td style=\"white-space:nowrap\">drug-delivery<a name=\"parameter-group-drug-delivery\"> </a></td><td>Drug Delivery Parameter Group</td><td>Drug Delivery Parameter Group - MDC_PGRP_DRUG.</td></tr><tr><td style=\"white-space:nowrap\">fluid-chemistry<a name=\"parameter-group-fluid-chemistry\"> </a></td><td>Fluid Chemistry Parameter Group</td><td>Fluid Chemistry Parameter Group - MDC_PGRP_FLUID.</td></tr><tr><td style=\"white-space:nowrap\">blood-chemistry<a name=\"parameter-group-blood-chemistry\"> </a></td><td>Blood Chemistry Parameter Group</td><td>Blood Chemistry Parameter Group - MDC_PGRP_BLOOD_CHEM.</td></tr><tr><td style=\"white-space:nowrap\">miscellaneous<a name=\"parameter-group-miscellaneous\"> </a></td><td>Miscellaneous Parameter Group</td><td>Miscellaneous Parameter Group - MDC_PGRP_MISC.</td></tr></table></div>"},"url":"http://terminology.hl7.org/CodeSystem/parameter-group","identifier":[{"system":"urn:ietf:rfc:3986","value":"urn:oid:2.16.840.1.113883.4.642.1.1264"}],"version":"0.1.0","name":"DeviceDefinitionParameterGroup","title":"DeviceDefinitionParameterGroup","status":"draft","experimental":false,"date":"2020-04-09T21:10:28+00:00","publisher":"HL7 (FHIR Project)","contact":[{"telecom":[{"system":"url","value":"http://hl7.org/fhir"},{"system":"email","value":"fhir@lists.hl7.org"}]}],"description":"Codes identifying groupings of parameters; e.g. Cardiovascular.","caseSensitive":true,"valueSet":"http://terminology.hl7.org/ValueSet/parameter-group","content":"complete","concept":[{"code":"haemodynamic","display":"Haemodynamic Parameter Group","definition":"Haemodynamic Parameter Group - MDC_PGRP_HEMO."},{"code":"ecg","display":"ECG Parameter Group","definition":"ECG Parameter Group - MDC_PGRP_ECG."},{"code":"respiratory","display":"Respiratory Parameter Group","definition":"Respiratory Parameter Group - MDC_PGRP_RESP."},{"code":"ventilation","display":"Ventilation Parameter Group","definition":"Ventilation Parameter Group - MDC_PGRP_VENT."},{"code":"neurological","display":"Neurological Parameter Group","definition":"Neurological Parameter Group - MDC_PGRP_NEURO."},{"code":"drug-delivery","display":"Drug Delivery Parameter Group","definition":"Drug Delivery Parameter Group - MDC_PGRP_DRUG."},{"code":"fluid-chemistry","display":"Fluid Chemistry Parameter Group","definition":"Fluid Chemistry Parameter Group - MDC_PGRP_FLUID."},{"code":"blood-chemistry","display":"Blood Chemistry Parameter Group","definition":"Blood Chemistry Parameter Group - MDC_PGRP_BLOOD_CHEM."},{"code":"miscellaneous","display":"Miscellaneous Parameter Group","definition":"Miscellaneous Parameter Group - MDC_PGRP_MISC."}]}