{"resourceType":"CodeSystem","id":"audit-event-outcome","meta":{"lastUpdated":"2020-04-09T21:10:28.568+00:00"},"text":{"status":"generated","div":"<div xmlns=\"http://www.w3.org/1999/xhtml\"><p>This code system <code>http://terminology.hl7.org/CodeSystem/audit-event-outcome</code> defines the following codes:</p><table class=\"codes\"><tr><td style=\"white-space:nowrap\"><b>Code</b></td><td><b>Display</b></td><td><b>Definition</b></td></tr><tr><td style=\"white-space:nowrap\">0<a name=\"audit-event-outcome-0\"> </a></td><td>Success</td><td>The operation completed successfully (whether with warnings or not).</td></tr><tr><td style=\"white-space:nowrap\">4<a name=\"audit-event-outcome-4\"> </a></td><td>Minor failure</td><td>The action was not successful due to some kind of minor failure (often equivalent to an HTTP 400 response).</td></tr><tr><td style=\"white-space:nowrap\">8<a name=\"audit-event-outcome-8\"> </a></td><td>Serious failure</td><td>The action was not successful due to some kind of unexpected error (often equivalent to an HTTP 500 response).</td></tr><tr><td style=\"white-space:nowrap\">12<a name=\"audit-event-outcome-12\"> </a></td><td>Major failure</td><td>An error of such magnitude occurred that the system is no longer available for use (i.e. the system died).</td></tr></table></div>"},"extension":[{"url":"http://hl7.org/fhir/StructureDefinition/structuredefinition-wg","valueCode":"sec"},{"url":"http://hl7.org/fhir/StructureDefinition/structuredefinition-fmm","valueInteger":3}],"url":"http://terminology.hl7.org/CodeSystem/audit-event-outcome","identifier":[{"system":"urn:ietf:rfc:3986","value":"urn:oid:2.16.840.1.113883.4.642.1.0"}],"version":"0.1.0","name":"AuditEventOutcome","title":"AuditEventOutcome","status":"draft","experimental":false,"date":"2020-04-09T21:10:28+00:00","publisher":"HL7 (FHIR Project)","contact":[{"telecom":[{"system":"url","value":"http://hl7.org/fhir"},{"system":"email","value":"fhir@lists.hl7.org"}]}],"description":"Indicates whether the event succeeded or failed.","caseSensitive":true,"valueSet":"http://terminology.hl7.org/ValueSet/audit-event-outcome","content":"complete","concept":[{"code":"0","display":"Success","definition":"The operation completed successfully (whether with warnings or not)."},{"code":"4","display":"Minor failure","definition":"The action was not successful due to some kind of minor failure (often equivalent to an HTTP 400 response)."},{"code":"8","display":"Serious failure","definition":"The action was not successful due to some kind of unexpected error (often equivalent to an HTTP 500 response)."},{"code":"12","display":"Major failure","definition":"An error of such magnitude occurred that the system is no longer available for use (i.e. the system died)."}]}