{"resourceType":"CodeSystem","id":"NCPDPPrescriptionOriginCode","text":{"status":"generated","div":"<div xmlns=\"http://www.w3.org/1999/xhtml\"><p>This code system <code>http://terminology.hl7.org/CodeSystem/NCPDPPrescriptionOriginCode</code> defines codes, but no codes are represented here</p></div>"},"url":"http://terminology.hl7.org/CodeSystem/NCPDPPrescriptionOriginCode","version":"1.0.2","name":"NCPDPPrescriptionOriginCode","title":"NCPDP Prescription Origin Code","status":"active","experimental":false,"date":"2021-03-10T00:00:00-04:00","publisher":"National Council for Prescription Drug Programs","contact":[{"name":"National Council for Prescription Drug Programs","telecom":[{"system":"phone","value":"480.477.1000"},{"system":"email","value":"info@ncpdp.org"}]}],"description":"Code indicating the origin of the prescription. Indicates whether the prescription was transmitted as an electronic prescription, by phone, by fax, or as a written paper copy.","caseSensitive":true,"content":"not-present"}