{"resourceType":"CodeSystem","id":"goal-acceptance-status","meta":{"lastUpdated":"2020-04-09T21:10:28.568+00:00"},"text":{"status":"generated","div":"<div xmlns=\"http://www.w3.org/1999/xhtml\"><p>This code system <code>http://terminology.hl7.org/CodeSystem/goal-acceptance-status</code> defines the following codes:</p><table class=\"codes\"><tr><td style=\"white-space:nowrap\"><b>Code</b></td><td><b>Display</b></td><td><b>Definition</b></td></tr><tr><td style=\"white-space:nowrap\">agree<a name=\"goal-acceptance-status-agree\"> </a></td><td>Agree</td><td>Stakeholder supports pursuit of the goal.</td></tr><tr><td style=\"white-space:nowrap\">disagree<a name=\"goal-acceptance-status-disagree\"> </a></td><td>Disagree</td><td>Stakeholder is not in support of the pursuit of the goal.</td></tr><tr><td style=\"white-space:nowrap\">pending<a name=\"goal-acceptance-status-pending\"> </a></td><td>Pending</td><td>Stakeholder has not yet made a decision on whether they support the goal.</td></tr></table></div>"},"url":"http://terminology.hl7.org/CodeSystem/goal-acceptance-status","identifier":[{"system":"urn:ietf:rfc:3986","value":"urn:oid:2.16.840.1.113883.4.642.1.1270"}],"version":"0.1.0","name":"GoalAcceptanceStatus","title":"GoalAcceptanceStatus","status":"draft","experimental":false,"date":"2020-04-09T21:10:28+00:00","publisher":"HL7 (FHIR Project)","contact":[{"telecom":[{"system":"url","value":"http://hl7.org/fhir"},{"system":"email","value":"fhir@lists.hl7.org"}]}],"description":"Codes indicating whether the goal has been accepted by a stakeholder.","caseSensitive":true,"valueSet":"http://terminology.hl7.org/ValueSet/goal-acceptance-status","content":"complete","concept":[{"code":"agree","display":"Agree","definition":"Stakeholder supports pursuit of the goal."},{"code":"disagree","display":"Disagree","definition":"Stakeholder is not in support of the pursuit of the goal."},{"code":"pending","display":"Pending","definition":"Stakeholder has not yet made a decision on whether they support the goal."}]}