{"resourceType":"CodeSystem","id":"CE","text":{"status":"generated","div":"<div xmlns=\"http://www.w3.org/1999/xhtml\"><p>This code system <code>http://terminology.hl7.org/CodeSystem/CE</code> defines codes, but no codes are represented here</p></div>"},"url":"http://terminology.hl7.org/CodeSystem/CE","identifier":[{"system":"urn:ietf:rfc:3986","value":"urn:oid:2.16.840.1.113883.6.80"}],"version":"2.0.1","name":"CE","title":"CEN ECG diagnostic codes","status":"retired","experimental":false,"date":"2021-11-09T10:00:00+10:00","publisher":"TBD - External Body","description":"CEN ECG diagnostic codes","caseSensitive":true,"content":"not-present"}