{"resourceType":"CodeSystem","id":"push-type-available","meta":{"lastUpdated":"2020-04-09T21:10:28.568+00:00","profile":["http://hl7.org/fhir/StructureDefinition/shareablecodesystem"]},"text":{"status":"generated","div":"<div xmlns=\"http://www.w3.org/1999/xhtml\"><p>This code system <code>http://terminology.hl7.org/CodeSystem/push-type-available</code> defines the following codes:</p><table class=\"codes\"><tr><td style=\"white-space:nowrap\"><b>Code</b></td><td><b>Display</b></td></tr><tr><td style=\"white-space:nowrap\">specific<a name=\"push-type-available-specific\"> </a></td><td>Specific requested changes</td></tr><tr><td style=\"white-space:nowrap\">any<a name=\"push-type-available-any\"> </a></td><td>Any changes</td></tr><tr><td style=\"white-space:nowrap\">source<a name=\"push-type-available-source\"> </a></td><td>As defined by source</td></tr></table></div>"},"extension":[{"url":"http://hl7.org/fhir/StructureDefinition/structuredefinition-wg","valueCode":"pa"}],"url":"http://terminology.hl7.org/CodeSystem/push-type-available","identifier":[{"system":"urn:ietf:rfc:3986","value":"urn:oid:2.16.840.1.113883.4.642.1.899"}],"version":"0.1.0","name":"Push_type_available","title":"Push-type-available","status":"draft","experimental":false,"date":"2018-06-05T14:06:02+00:00","publisher":"HL7 (FHIR Project)","contact":[{"telecom":[{"system":"url","value":"http://hl7.org/fhir"},{"system":"email","value":"fhir@lists.hl7.org"}]},{"telecom":[{"system":"url","value":"http://hl7.org/fhir"},{"system":"email","value":"fhir@lists.hl7.org"}]}],"description":"Type of alerts/updates the primary source can send","caseSensitive":true,"valueSet":"http://terminology.hl7.org/ValueSet/verificationresult-push-type-available","content":"complete","concept":[{"code":"specific","display":"Specific requested changes"},{"code":"any","display":"Any changes"},{"code":"source","display":"As defined by source"}]}