{"resourceType":"CodeSystem","id":"CDCNHSN","text":{"status":"generated","div":"<div xmlns=\"http://www.w3.org/1999/xhtml\"><p>This code system <code>https://www.cdc.gov/nhsn/cdaportal/terminology/codesystem/cdcnhsn.html</code> defines codes, but no codes are represented here</p></div>"},"url":"https://www.cdc.gov/nhsn/cdaportal/terminology/codesystem/cdcnhsn.html","identifier":[{"system":"urn:ietf:rfc:3986","value":"urn:oid:2.16.840.1.113883.6.277"}],"version":"3.0.1","name":"CDCNHSN","title":"NHSN Surveillance System Codes","status":"active","experimental":false,"date":"2021-03-24T00:00:00-00:00","publisher":"U.S. Centers for Disease Control and Prevention (CDC), National Healthcare Safety Network (NHSN)","contact":[{"name":"U.S. Centers for Disease Control and Prevention (CDC), National Healthcare Safety Network (NHSN)","telecom":[{"system":"email","value":"nhsncda@cdc.gov"},{"system":"url","value":"https://www.cdc.gov/nhsn"}]}],"description":"A set of healthcare surveillance vocabulary concepts and associated identifiers intended solely for data submissions to the National Healthcare Safety Network (NHSN). Other uses are not recommended.\r\n\r\nThe CDCNHSN code system is highly specialized to meet the needs of NHSN surveillance reporting, is undergoing changes, and is not recommended for creating value sets to be used outside of NHSN.","caseSensitive":true,"content":"not-present"}