{"resourceType":"CodeSystem","id":"v2-0006","text":{"status":"generated","div":"<div xmlns=\"http://www.w3.org/1999/xhtml\"><p><b>Properties</b></p><p><b>This code system  defines the following properties for its concepts</b></p><table class=\"grid\"><tr><td><b>Code</b></td><td><b>URI</b></td><td><b>Type</b></td><td><b>Description</b></td></tr><tr><td>status</td><td>http://terminology.hl7.org/CodeSystem/utg-concept-properties#status</td><td>code</td><td>Status of the concept</td></tr><tr><td>deprecated</td><td>http://terminology.hl7.org/CodeSystem/utg-concept-properties#v2-table-deprecated</td><td>code</td><td>Version of HL7 in which the code was deprecated</td></tr></table><p><b>Concepts</b></p><p>This code system <code>http://terminology.hl7.org/CodeSystem/v2-0006</code> defines the following codes:</p><table class=\"codes\"><tr><td style=\"white-space:nowrap\"><b>Code</b></td><td><b>Display</b></td><td><b>Definition</b></td><td><b>deprecated</b></td><td><b>Deutsch (German, de)</b></td></tr><tr><td style=\"white-space:nowrap\">A<a name=\"v2-0006-A\"> </a></td><td>Atheist</td><td>Atheist</td><td>2.9</td><td>Atheist</td></tr><tr><td style=\"white-space:nowrap\">B<a name=\"v2-0006-B\"> </a></td><td>Baptist</td><td>Baptist</td><td>2.9</td><td>Baptist</td></tr><tr><td style=\"white-space:nowrap\">C<a name=\"v2-0006-C\"> </a></td><td>Catholic</td><td>Catholic</td><td>2.9</td><td>Katholik</td></tr><tr><td style=\"white-space:nowrap\">E<a name=\"v2-0006-E\"> </a></td><td>Episcopalian</td><td>Episcopalian</td><td>2.9</td><td>Episkopale</td></tr><tr><td style=\"white-space:nowrap\">J<a name=\"v2-0006-J\"> </a></td><td>Judaism</td><td>Judaism</td><td>2.9</td><td>Jude</td></tr><tr><td style=\"white-space:nowrap\">L<a name=\"v2-0006-L\"> </a></td><td>Lutheran</td><td>Lutheran</td><td>2.9</td><td>Lutheraner</td></tr><tr><td style=\"white-space:nowrap\">M<a name=\"v2-0006-M\"> </a></td><td>Church of Latter Day Saints (Mormon)</td><td>Church of Latter Day Saints (Mormon)</td><td>2.9</td><td>Mormone</td></tr><tr><td style=\"white-space:nowrap\">N<a name=\"v2-0006-N\"> </a></td><td>Hindu</td><td>Hindu</td><td>2.9</td><td>Hinduist</td></tr><tr><td style=\"white-space:nowrap\">P<a name=\"v2-0006-P\"> </a></td><td>Protestant</td><td>Protestant</td><td>2.9</td><td>Protestant</td></tr><tr><td style=\"white-space:nowrap\">AGN<a name=\"v2-0006-AGN\"> </a></td><td>Agnostic</td><td>Agnostic</td><td/><td/></tr><tr><td style=\"white-space:nowrap\">ATH<a name=\"v2-0006-ATH\"> </a></td><td>Atheist</td><td>Atheist</td><td/><td>Atheist</td></tr><tr><td style=\"white-space:nowrap\">BAH<a name=\"v2-0006-BAH\"> </a></td><td>Baha'i</td><td>Baha'i</td><td/><td/></tr><tr><td style=\"white-space:nowrap\">BRE<a name=\"v2-0006-BRE\"> </a></td><td>Brethren</td><td>Brethren</td><td/><td/></tr><tr><td style=\"white-space:nowrap\">BUD<a name=\"v2-0006-BUD\"> </a></td><td>Buddhist</td><td>Buddhist</td><td/><td>Buddhist</td></tr><tr><td style=\"white-space:nowrap\">BMA<a name=\"v2-0006-BMA\"> </a></td><td>Buddhist: Mahayana</td><td>Buddhist: Mahayana</td><td/><td/></tr><tr><td style=\"white-space:nowrap\">BTH<a name=\"v2-0006-BTH\"> </a></td><td>Buddhist: Theravada</td><td>Buddhist: Theravada</td><td/><td/></tr><tr><td style=\"white-space:nowrap\">BTA<a name=\"v2-0006-BTA\"> </a></td><td>Buddhist: Tantrayana</td><td>Buddhist: Tantrayana</td><td/><td/></tr><tr><td style=\"white-space:nowrap\">BOT<a name=\"v2-0006-BOT\"> </a></td><td>Buddhist: Other</td><td>Buddhist: Other</td><td/><td/></tr><tr><td style=\"white-space:nowrap\">CFR<a name=\"v2-0006-CFR\"> </a></td><td>Chinese Folk Religionist</td><td>Chinese Folk Religionist</td><td/><td/></tr><tr><td style=\"white-space:nowrap\">CHR<a name=\"v2-0006-CHR\"> </a></td><td>Christian</td><td>Christian</td><td/><td/></tr><tr><td style=\"white-space:nowrap\">ABC<a name=\"v2-0006-ABC\"> </a></td><td>Christian: American Baptist Church</td><td>Christian: American Baptist Church</td><td/><td/></tr><tr><td style=\"white-space:nowrap\">AMT<a name=\"v2-0006-AMT\"> </a></td><td>Christian: African Methodist Episcopal</td><td>Christian: African Methodist Episcopal</td><td/><td/></tr><tr><td style=\"white-space:nowrap\">AME<a name=\"v2-0006-AME\"> </a></td><td>Christian: African Methodist Episcopal Zion</td><td>Christian: African Methodist Episcopal Zion</td><td/><td/></tr><tr><td style=\"white-space:nowrap\">ANG<a name=\"v2-0006-ANG\"> </a></td><td>Christian: Anglican</td><td>Christian: Anglican</td><td/><td/></tr><tr><td style=\"white-space:nowrap\">AOG<a name=\"v2-0006-AOG\"> </a></td><td>Christian: Assembly of God</td><td>Christian: Assembly of God</td><td/><td/></tr><tr><td style=\"white-space:nowrap\">BAP<a name=\"v2-0006-BAP\"> </a></td><td>Christian: Baptist</td><td>Christian: Baptist</td><td/><td/></tr><tr><td style=\"white-space:nowrap\">CRR<a name=\"v2-0006-CRR\"> </a></td><td>Christian: Christian Reformed</td><td>Christian: Christian Reformed</td><td/><td/></tr><tr><td style=\"white-space:nowrap\">CHS<a name=\"v2-0006-CHS\"> </a></td><td>Christian: Christian Science</td><td>Christian: Christian Science</td><td/><td/></tr><tr><td style=\"white-space:nowrap\">CMA<a name=\"v2-0006-CMA\"> </a></td><td>Christian: Christian Missionary Alliance</td><td>Christian: Christian Missionary Alliance</td><td/><td/></tr><tr><td style=\"white-space:nowrap\">COC<a name=\"v2-0006-COC\"> </a></td><td>Christian: Church of Christ</td><td>Christian: Church of Christ</td><td/><td/></tr><tr><td style=\"white-space:nowrap\">COG<a name=\"v2-0006-COG\"> </a></td><td>Christian: Church of God</td><td>Christian: Church of God</td><td/><td/></tr><tr><td style=\"white-space:nowrap\">COI<a name=\"v2-0006-COI\"> </a></td><td>Christian: Church of God in Christ</td><td>Christian: Church of God in Christ</td><td/><td/></tr><tr><td style=\"white-space:nowrap\">COM<a name=\"v2-0006-COM\"> </a></td><td>Christian: Community</td><td>Christian: Community</td><td/><td/></tr><tr><td style=\"white-space:nowrap\">COL<a name=\"v2-0006-COL\"> </a></td><td>Christian: Congregational</td><td>Christian: Congregational</td><td/><td/></tr><tr><td style=\"white-space:nowrap\">EOT<a name=\"v2-0006-EOT\"> </a></td><td>Christian: Eastern Orthodox</td><td>Christian: Eastern Orthodox</td><td/><td/></tr><tr><td style=\"white-space:nowrap\">EVC<a name=\"v2-0006-EVC\"> </a></td><td>Christian: Evangelical Church</td><td>Christian: Evangelical Church</td><td/><td>evangelisch</td></tr><tr><td style=\"white-space:nowrap\">EPI<a name=\"v2-0006-EPI\"> </a></td><td>Christian: Episcopalian</td><td>Christian: Episcopalian</td><td/><td/></tr><tr><td style=\"white-space:nowrap\">FWB<a name=\"v2-0006-FWB\"> </a></td><td>Christian: Free Will Baptist</td><td>Christian: Free Will Baptist</td><td/><td/></tr><tr><td style=\"white-space:nowrap\">FRQ<a name=\"v2-0006-FRQ\"> </a></td><td>Christian: Friends</td><td>Christian: Friends</td><td/><td/></tr><tr><td style=\"white-space:nowrap\">FUL<a name=\"v2-0006-FUL\"> </a></td><td>Christian: Full Gospel</td><td>Christian: Full Gospel</td><td/><td/></tr><tr><td style=\"white-space:nowrap\">GRE<a name=\"v2-0006-GRE\"> </a></td><td>Christian: Greek Orthodox</td><td>Christian: Greek Orthodox</td><td/><td/></tr><tr><td style=\"white-space:nowrap\">JWN<a name=\"v2-0006-JWN\"> </a></td><td>Christian: Jehovah's Witness</td><td>Christian: Jehovah's Witness</td><td/><td/></tr><tr><td style=\"white-space:nowrap\">MOM<a name=\"v2-0006-MOM\"> </a></td><td>Christian: Latter-day Saints</td><td>Christian: Latter-day Saints</td><td/><td/></tr><tr><td style=\"white-space:nowrap\">LUT<a name=\"v2-0006-LUT\"> </a></td><td>Christian: Lutheran</td><td>Christian: Lutheran</td><td/><td/></tr><tr><td style=\"white-space:nowrap\">LMS<a name=\"v2-0006-LMS\"> </a></td><td>Christian: Lutheran Missouri Synod</td><td>Christian: Lutheran Missouri Synod</td><td/><td/></tr><tr><td style=\"white-space:nowrap\">MEN<a name=\"v2-0006-MEN\"> </a></td><td>Christian: Mennonite</td><td>Christian: Mennonite</td><td/><td/></tr><tr><td style=\"white-space:nowrap\">MET<a name=\"v2-0006-MET\"> </a></td><td>Christian: Methodist</td><td>Christian: Methodist</td><td/><td/></tr><tr><td style=\"white-space:nowrap\">NAZ<a name=\"v2-0006-NAZ\"> </a></td><td>Christian: Church of the Nazarene</td><td>Christian: Church of the Nazarene</td><td/><td/></tr><tr><td style=\"white-space:nowrap\">ORT<a name=\"v2-0006-ORT\"> </a></td><td>Christian: Orthodox</td><td>Christian: Orthodox</td><td/><td/></tr><tr><td style=\"white-space:nowrap\">PEN<a name=\"v2-0006-PEN\"> </a></td><td>Christian: Pentecostal</td><td>Christian: Pentecostal</td><td/><td/></tr><tr><td style=\"white-space:nowrap\">COP<a name=\"v2-0006-COP\"> </a></td><td>Christian: Other Pentecostal</td><td>Christian: Other Pentecostal</td><td/><td/></tr><tr><td style=\"white-space:nowrap\">PRE<a name=\"v2-0006-PRE\"> </a></td><td>Christian: Presbyterian</td><td>Christian: Presbyterian</td><td/><td/></tr><tr><td style=\"white-space:nowrap\">PRO<a name=\"v2-0006-PRO\"> </a></td><td>Christian: Protestant</td><td>Christian: Protestant</td><td/><td>Protestant</td></tr><tr><td style=\"white-space:nowrap\">PRC<a name=\"v2-0006-PRC\"> </a></td><td>Christian: Other Protestant</td><td>Christian: Other Protestant</td><td/><td/></tr><tr><td style=\"white-space:nowrap\">QUA<a name=\"v2-0006-QUA\"> </a></td><td>Christian: Friends</td><td>Christian: Friends</td><td>2.9</td><td/></tr><tr><td style=\"white-space:nowrap\">REC<a name=\"v2-0006-REC\"> </a></td><td>Christian: Reformed Church</td><td>Christian: Reformed Church</td><td/><td/></tr><tr><td style=\"white-space:nowrap\">REO<a name=\"v2-0006-REO\"> </a></td><td>Christian: Reorganized Church of Jesus Christ-LDS</td><td>Christian: Reorganized Church of Jesus Christ-LDS</td><td/><td/></tr><tr><td style=\"white-space:nowrap\">CAT<a name=\"v2-0006-CAT\"> </a></td><td>Christian: Roman Catholic</td><td>Christian: Roman Catholic</td><td/><td>römisch-katholisch</td></tr><tr><td style=\"white-space:nowrap\">SAA<a name=\"v2-0006-SAA\"> </a></td><td>Christian: Salvation Army</td><td>Christian: Salvation Army</td><td/><td/></tr><tr><td style=\"white-space:nowrap\">SEV<a name=\"v2-0006-SEV\"> </a></td><td>Christian: Seventh Day Adventist</td><td>Christian: Seventh Day Adventist</td><td/><td/></tr><tr><td style=\"white-space:nowrap\">SOU<a name=\"v2-0006-SOU\"> </a></td><td>Christian: Southern Baptist</td><td>Christian: Southern Baptist</td><td/><td/></tr><tr><td style=\"white-space:nowrap\">UCC<a name=\"v2-0006-UCC\"> </a></td><td>Christian: United Church of Christ</td><td>Christian: United Church of Christ</td><td/><td/></tr><tr><td style=\"white-space:nowrap\">UMD<a name=\"v2-0006-UMD\"> </a></td><td>Christian: United Methodist</td><td>Christian: United Methodist</td><td/><td/></tr><tr><td style=\"white-space:nowrap\">UNI<a name=\"v2-0006-UNI\"> </a></td><td>Christian: Unitarian</td><td>Christian: Unitarian</td><td/><td/></tr><tr><td style=\"white-space:nowrap\">UNU<a name=\"v2-0006-UNU\"> </a></td><td>Christian: Unitarian Universalist</td><td>Christian: Unitarian Universalist</td><td/><td/></tr><tr><td style=\"white-space:nowrap\">WES<a name=\"v2-0006-WES\"> </a></td><td>Christian: Wesleyan</td><td>Christian: Wesleyan</td><td/><td/></tr><tr><td style=\"white-space:nowrap\">WMC<a name=\"v2-0006-WMC\"> </a></td><td>Christian: Wesleyan Methodist</td><td>Christian: Wesleyan Methodist</td><td/><td/></tr><tr><td style=\"white-space:nowrap\">COT<a name=\"v2-0006-COT\"> </a></td><td>Christian: Other</td><td>Christian: Other</td><td/><td/></tr><tr><td style=\"white-space:nowrap\">CNF<a name=\"v2-0006-CNF\"> </a></td><td>Confucian</td><td>Confucian</td><td/><td/></tr><tr><td style=\"white-space:nowrap\">DOC<a name=\"v2-0006-DOC\"> </a></td><td>Disciples of Christ</td><td>Disciples of Christ</td><td/><td/></tr><tr><td style=\"white-space:nowrap\">ERL<a name=\"v2-0006-ERL\"> </a></td><td>Ethnic Religionist</td><td>Ethnic Religionist</td><td/><td/></tr><tr><td style=\"white-space:nowrap\">HIN<a name=\"v2-0006-HIN\"> </a></td><td>Hindu</td><td>Hindu</td><td/><td>Hindu</td></tr><tr><td style=\"white-space:nowrap\">HSH<a name=\"v2-0006-HSH\"> </a></td><td>Hindu: Shaivites</td><td>Hindu: Shaivites</td><td/><td/></tr><tr><td style=\"white-space:nowrap\">HVA<a name=\"v2-0006-HVA\"> </a></td><td>Hindu: Vaishnavites</td><td>Hindu: Vaishnavites</td><td/><td/></tr><tr><td style=\"white-space:nowrap\">HOT<a name=\"v2-0006-HOT\"> </a></td><td>Hindu: Other</td><td>Hindu: Other</td><td/><td/></tr><tr><td style=\"white-space:nowrap\">JAI<a name=\"v2-0006-JAI\"> </a></td><td>Jain</td><td>Jain</td><td/><td/></tr><tr><td style=\"white-space:nowrap\">JEW<a name=\"v2-0006-JEW\"> </a></td><td>Jewish</td><td>Jewish</td><td/><td>jüdisch</td></tr><tr><td style=\"white-space:nowrap\">JCO<a name=\"v2-0006-JCO\"> </a></td><td>Jewish: Conservative</td><td>Jewish: Conservative</td><td/><td/></tr><tr><td style=\"white-space:nowrap\">JOR<a name=\"v2-0006-JOR\"> </a></td><td>Jewish: Orthodox</td><td>Jewish: Orthodox</td><td/><td/></tr><tr><td style=\"white-space:nowrap\">JRC<a name=\"v2-0006-JRC\"> </a></td><td>Jewish: Reconstructionist</td><td>Jewish: Reconstructionist</td><td/><td/></tr><tr><td style=\"white-space:nowrap\">JRF<a name=\"v2-0006-JRF\"> </a></td><td>Jewish: Reform</td><td>Jewish: Reform</td><td/><td/></tr><tr><td style=\"white-space:nowrap\">JRN<a name=\"v2-0006-JRN\"> </a></td><td>Jewish: Renewal</td><td>Jewish: Renewal</td><td/><td/></tr><tr><td style=\"white-space:nowrap\">JOT<a name=\"v2-0006-JOT\"> </a></td><td>Jewish: Other</td><td>Jewish: Other</td><td/><td/></tr><tr><td style=\"white-space:nowrap\">MOS<a name=\"v2-0006-MOS\"> </a></td><td>Muslim</td><td>Muslim</td><td/><td>Muslim</td></tr><tr><td style=\"white-space:nowrap\">MSH<a name=\"v2-0006-MSH\"> </a></td><td>Muslim: Shiite</td><td>Muslim: Shiite</td><td/><td/></tr><tr><td style=\"white-space:nowrap\">MSU<a name=\"v2-0006-MSU\"> </a></td><td>Muslim: Sunni</td><td>Muslim: Sunni</td><td/><td/></tr><tr><td style=\"white-space:nowrap\">MOT<a name=\"v2-0006-MOT\"> </a></td><td>Muslim: Other</td><td>Muslim: Other</td><td/><td/></tr><tr><td style=\"white-space:nowrap\">NAM<a name=\"v2-0006-NAM\"> </a></td><td>Native American</td><td>Native American</td><td/><td/></tr><tr><td style=\"white-space:nowrap\">NRL<a name=\"v2-0006-NRL\"> </a></td><td>New Religionist</td><td>New Religionist</td><td/><td/></tr><tr><td style=\"white-space:nowrap\">NOE<a name=\"v2-0006-NOE\"> </a></td><td>Nonreligious</td><td>Nonreligious</td><td/><td>nicht-religiös</td></tr><tr><td style=\"white-space:nowrap\">SHN<a name=\"v2-0006-SHN\"> </a></td><td>Shintoist</td><td>Shintoist</td><td/><td/></tr><tr><td style=\"white-space:nowrap\">SIK<a name=\"v2-0006-SIK\"> </a></td><td>Sikh</td><td>Sikh</td><td/><td>Sikh</td></tr><tr><td style=\"white-space:nowrap\">SPI<a name=\"v2-0006-SPI\"> </a></td><td>Spiritist</td><td>Spiritist</td><td/><td/></tr><tr><td style=\"white-space:nowrap\">OTH<a name=\"v2-0006-OTH\"> </a></td><td>Other</td><td>Other</td><td/><td>andere</td></tr><tr><td style=\"white-space:nowrap\">VAR<a name=\"v2-0006-VAR\"> </a></td><td>Unknown</td><td>Unknown</td><td/><td>unbekannt</td></tr></table></div>"},"extension":[{"url":"http://hl7.org/fhir/StructureDefinition/structuredefinition-wg","valueCode":"inm"}],"url":"http://terminology.hl7.org/CodeSystem/v2-0006","identifier":[{"system":"urn:ietf:rfc:3986","value":"urn:oid:2.16.840.1.113883.18.8"}],"version":"2.2.0","name":"Religion2","title":"religion2","status":"active","experimental":false,"date":"2019-12-01","publisher":"HL7, Inc","contact":[{"telecom":[{"system":"url","value":"http://www.hl7.org/"}]}],"description":"Code system of concepts specifying a person's religion.    Used in HL7 Version 2.x messaging in the PID segment.","purpose":"Underlying Master Code System for V2 table 0006 (Religion)","copyright":"Copyright HL7. Licensed under creative commons public domain","caseSensitive":true,"valueSet":"http://terminology.hl7.org/ValueSet/v2-0006","hierarchyMeaning":"is-a","compositional":false,"versionNeeded":false,"content":"complete","property":[{"code":"status","uri":"http://terminology.hl7.org/CodeSystem/utg-concept-properties#status","description":"Status of the concept","type":"code"},{"code":"deprecated","uri":"http://terminology.hl7.org/CodeSystem/utg-concept-properties#v2-table-deprecated","description":"Version of HL7 in which the code was deprecated","type":"code"}],"concept":[{"id":"527","code":"A","display":"Atheist","definition":"Atheist","designation":[{"language":"de","use":{"system":"http://terminology.hl7.org/CodeSystem/hl7TermMaintInfra","code":"preferredForLanguage"},"value":"Atheist"}],"property":[{"code":"deprecated","valueCode":"2.9"},{"code":"status","valueCode":"A"}]},{"id":"528","code":"B","display":"Baptist","definition":"Baptist","designation":[{"language":"de","use":{"system":"http://terminology.hl7.org/CodeSystem/hl7TermMaintInfra","code":"preferredForLanguage"},"value":"Baptist"}],"property":[{"code":"deprecated","valueCode":"2.9"},{"code":"status","valueCode":"A"}]},{"id":"529","code":"C","display":"Catholic","definition":"Catholic","designation":[{"language":"de","use":{"system":"http://terminology.hl7.org/CodeSystem/hl7TermMaintInfra","code":"preferredForLanguage"},"value":"Katholik"}],"property":[{"code":"deprecated","valueCode":"2.9"},{"code":"status","valueCode":"A"}]},{"id":"530","code":"E","display":"Episcopalian","definition":"Episcopalian","designation":[{"language":"de","use":{"system":"http://terminology.hl7.org/CodeSystem/hl7TermMaintInfra","code":"preferredForLanguage"},"value":"Episkopale"}],"property":[{"code":"deprecated","valueCode":"2.9"},{"code":"status","valueCode":"A"}]},{"id":"531","code":"J","display":"Judaism","definition":"Judaism","designation":[{"language":"de","use":{"system":"http://terminology.hl7.org/CodeSystem/hl7TermMaintInfra","code":"preferredForLanguage"},"value":"Jude"}],"property":[{"code":"deprecated","valueCode":"2.9"},{"code":"status","valueCode":"A"}]},{"id":"532","code":"L","display":"Lutheran","definition":"Lutheran","designation":[{"language":"de","use":{"system":"http://terminology.hl7.org/CodeSystem/hl7TermMaintInfra","code":"preferredForLanguage"},"value":"Lutheraner"}],"property":[{"code":"deprecated","valueCode":"2.9"},{"code":"status","valueCode":"A"}]},{"id":"533","code":"M","display":"Church of Latter Day Saints (Mormon)","definition":"Church of Latter Day Saints (Mormon)","designation":[{"language":"de","use":{"system":"http://terminology.hl7.org/CodeSystem/hl7TermMaintInfra","code":"preferredForLanguage"},"value":"Mormone"}],"property":[{"code":"deprecated","valueCode":"2.9"},{"code":"status","valueCode":"A"}]},{"id":"534","code":"N","display":"Hindu","definition":"Hindu","designation":[{"language":"de","use":{"system":"http://terminology.hl7.org/CodeSystem/hl7TermMaintInfra","code":"preferredForLanguage"},"value":"Hinduist"}],"property":[{"code":"deprecated","valueCode":"2.9"},{"code":"status","valueCode":"A"}]},{"id":"535","code":"P","display":"Protestant","definition":"Protestant","designation":[{"language":"de","use":{"system":"http://terminology.hl7.org/CodeSystem/hl7TermMaintInfra","code":"preferredForLanguage"},"value":"Protestant"}],"property":[{"code":"deprecated","valueCode":"2.9"},{"code":"status","valueCode":"A"}]},{"id":"536","code":"AGN","display":"Agnostic","definition":"Agnostic","property":[{"code":"status","valueCode":"A"}]},{"id":"537","code":"ATH","display":"Atheist","definition":"Atheist","designation":[{"language":"de","use":{"system":"http://terminology.hl7.org/CodeSystem/hl7TermMaintInfra","code":"preferredForLanguage"},"value":"Atheist"}],"property":[{"code":"status","valueCode":"A"}]},{"id":"538","code":"BAH","display":"Baha'i","definition":"Baha'i","property":[{"code":"status","valueCode":"A"}]},{"id":"539","code":"BRE","display":"Brethren","definition":"Brethren","property":[{"code":"status","valueCode":"A"}]},{"id":"540","code":"BUD","display":"Buddhist","definition":"Buddhist","designation":[{"language":"de","use":{"system":"http://terminology.hl7.org/CodeSystem/hl7TermMaintInfra","code":"preferredForLanguage"},"value":"Buddhist"}],"property":[{"code":"status","valueCode":"A"}]},{"id":"541","code":"BMA","display":"Buddhist: Mahayana","definition":"Buddhist: Mahayana","property":[{"code":"status","valueCode":"A"}]},{"id":"542","code":"BTH","display":"Buddhist: Theravada","definition":"Buddhist: Theravada","property":[{"code":"status","valueCode":"A"}]},{"id":"543","code":"BTA","display":"Buddhist: Tantrayana","definition":"Buddhist: Tantrayana","property":[{"code":"status","valueCode":"A"}]},{"id":"544","code":"BOT","display":"Buddhist: Other","definition":"Buddhist: Other","property":[{"code":"status","valueCode":"A"}]},{"id":"545","code":"CFR","display":"Chinese Folk Religionist","definition":"Chinese Folk Religionist","property":[{"code":"status","valueCode":"A"}]},{"id":"546","code":"CHR","display":"Christian","definition":"Christian","property":[{"code":"status","valueCode":"A"}]},{"id":"547","code":"ABC","display":"Christian: American Baptist Church","definition":"Christian: American Baptist Church","property":[{"code":"status","valueCode":"A"}]},{"id":"548","code":"AMT","display":"Christian: African Methodist Episcopal","definition":"Christian: African Methodist Episcopal","property":[{"code":"status","valueCode":"A"}]},{"id":"549","code":"AME","display":"Christian: African Methodist Episcopal Zion","definition":"Christian: African Methodist Episcopal Zion","property":[{"code":"status","valueCode":"A"}]},{"id":"550","code":"ANG","display":"Christian: Anglican","definition":"Christian: Anglican","property":[{"code":"status","valueCode":"A"}]},{"id":"551","code":"AOG","display":"Christian: Assembly of God","definition":"Christian: Assembly of God","property":[{"code":"status","valueCode":"A"}]},{"id":"552","code":"BAP","display":"Christian: Baptist","definition":"Christian: Baptist","property":[{"code":"status","valueCode":"A"}]},{"id":"553","code":"CRR","display":"Christian: Christian Reformed","definition":"Christian: Christian Reformed","property":[{"code":"status","valueCode":"A"}]},{"id":"554","code":"CHS","display":"Christian: Christian Science","definition":"Christian: Christian Science","property":[{"code":"status","valueCode":"A"}]},{"id":"555","code":"CMA","display":"Christian: Christian Missionary Alliance","definition":"Christian: Christian Missionary Alliance","property":[{"code":"status","valueCode":"A"}]},{"id":"556","code":"COC","display":"Christian: Church of Christ","definition":"Christian: Church of Christ","property":[{"code":"status","valueCode":"A"}]},{"id":"557","code":"COG","display":"Christian: Church of God","definition":"Christian: Church of God","property":[{"code":"status","valueCode":"A"}]},{"id":"558","code":"COI","display":"Christian: Church of God in Christ","definition":"Christian: Church of God in Christ","property":[{"code":"status","valueCode":"A"}]},{"id":"559","code":"COM","display":"Christian: Community","definition":"Christian: Community","property":[{"code":"status","valueCode":"A"}]},{"id":"560","code":"COL","display":"Christian: Congregational","definition":"Christian: Congregational","property":[{"code":"status","valueCode":"A"}]},{"id":"561","code":"EOT","display":"Christian: Eastern Orthodox","definition":"Christian: Eastern Orthodox","property":[{"code":"status","valueCode":"A"}]},{"id":"562","code":"EVC","display":"Christian: Evangelical Church","definition":"Christian: Evangelical Church","designation":[{"language":"de","use":{"system":"http://terminology.hl7.org/CodeSystem/hl7TermMaintInfra","code":"preferredForLanguage"},"value":"evangelisch"}],"property":[{"code":"status","valueCode":"A"}]},{"id":"563","code":"EPI","display":"Christian: Episcopalian","definition":"Christian: Episcopalian","property":[{"code":"status","valueCode":"A"}]},{"id":"564","code":"FWB","display":"Christian: Free Will Baptist","definition":"Christian: Free Will Baptist","property":[{"code":"status","valueCode":"A"}]},{"id":"565","code":"FRQ","display":"Christian: Friends","definition":"Christian: Friends","property":[{"code":"status","valueCode":"A"}]},{"id":"566","code":"FUL","display":"Christian: Full Gospel","definition":"Christian: Full Gospel","property":[{"code":"status","valueCode":"A"}]},{"id":"567","code":"GRE","display":"Christian: Greek Orthodox","definition":"Christian: Greek Orthodox","property":[{"code":"status","valueCode":"A"}]},{"id":"568","code":"JWN","display":"Christian: Jehovah's Witness","definition":"Christian: Jehovah's Witness","property":[{"code":"status","valueCode":"A"}]},{"id":"569","code":"MOM","display":"Christian: Latter-day Saints","definition":"Christian: Latter-day Saints","property":[{"code":"status","valueCode":"A"}]},{"id":"570","code":"LUT","display":"Christian: Lutheran","definition":"Christian: Lutheran","property":[{"code":"status","valueCode":"A"}]},{"id":"571","code":"LMS","display":"Christian: Lutheran Missouri Synod","definition":"Christian: Lutheran Missouri Synod","property":[{"code":"status","valueCode":"A"}]},{"id":"572","code":"MEN","display":"Christian: Mennonite","definition":"Christian: Mennonite","property":[{"code":"status","valueCode":"A"}]},{"id":"573","code":"MET","display":"Christian: Methodist","definition":"Christian: Methodist","property":[{"code":"status","valueCode":"A"}]},{"id":"574","code":"NAZ","display":"Christian: Church of the Nazarene","definition":"Christian: Church of the Nazarene","property":[{"code":"status","valueCode":"A"}]},{"id":"575","code":"ORT","display":"Christian: Orthodox","definition":"Christian: Orthodox","property":[{"code":"status","valueCode":"A"}]},{"id":"576","code":"PEN","display":"Christian: Pentecostal","definition":"Christian: Pentecostal","property":[{"code":"status","valueCode":"A"}]},{"id":"577","code":"COP","display":"Christian: Other Pentecostal","definition":"Christian: Other Pentecostal","property":[{"code":"status","valueCode":"A"}]},{"id":"578","code":"PRE","display":"Christian: Presbyterian","definition":"Christian: Presbyterian","property":[{"code":"status","valueCode":"A"}]},{"id":"579","code":"PRO","display":"Christian: Protestant","definition":"Christian: Protestant","designation":[{"language":"de","use":{"system":"http://terminology.hl7.org/CodeSystem/hl7TermMaintInfra","code":"preferredForLanguage"},"value":"Protestant"}],"property":[{"code":"status","valueCode":"A"}]},{"id":"580","code":"PRC","display":"Christian: Other Protestant","definition":"Christian: Other Protestant","property":[{"code":"status","valueCode":"A"}]},{"id":"581","code":"QUA","display":"Christian: Friends","definition":"Christian: Friends","property":[{"code":"deprecated","valueCode":"2.9"},{"code":"status","valueCode":"A"}]},{"id":"582","code":"REC","display":"Christian: Reformed Church","definition":"Christian: Reformed Church","property":[{"code":"status","valueCode":"A"}]},{"id":"583","code":"REO","display":"Christian: Reorganized Church of Jesus Christ-LDS","definition":"Christian: Reorganized Church of Jesus Christ-LDS","property":[{"code":"status","valueCode":"A"}]},{"id":"584","code":"CAT","display":"Christian: Roman Catholic","definition":"Christian: Roman Catholic","designation":[{"language":"de","use":{"system":"http://terminology.hl7.org/CodeSystem/hl7TermMaintInfra","code":"preferredForLanguage"},"value":"römisch-katholisch"}],"property":[{"code":"status","valueCode":"A"}]},{"id":"585","code":"SAA","display":"Christian: Salvation Army","definition":"Christian: Salvation Army","property":[{"code":"status","valueCode":"A"}]},{"id":"586","code":"SEV","display":"Christian: Seventh Day Adventist","definition":"Christian: Seventh Day Adventist","property":[{"code":"status","valueCode":"A"}]},{"id":"587","code":"SOU","display":"Christian: Southern Baptist","definition":"Christian: Southern Baptist","property":[{"code":"status","valueCode":"A"}]},{"id":"588","code":"UCC","display":"Christian: United Church of Christ","definition":"Christian: United Church of Christ","property":[{"code":"status","valueCode":"A"}]},{"id":"589","code":"UMD","display":"Christian: United Methodist","definition":"Christian: United Methodist","property":[{"code":"status","valueCode":"A"}]},{"id":"590","code":"UNI","display":"Christian: Unitarian","definition":"Christian: Unitarian","property":[{"code":"status","valueCode":"A"}]},{"id":"591","code":"UNU","display":"Christian: Unitarian Universalist","definition":"Christian: Unitarian Universalist","property":[{"code":"status","valueCode":"A"}]},{"id":"592","code":"WES","display":"Christian: Wesleyan","definition":"Christian: Wesleyan","property":[{"code":"status","valueCode":"A"}]},{"id":"593","code":"WMC","display":"Christian: Wesleyan Methodist","definition":"Christian: Wesleyan Methodist","property":[{"code":"status","valueCode":"A"}]},{"id":"594","code":"COT","display":"Christian: Other","definition":"Christian: Other","property":[{"code":"status","valueCode":"A"}]},{"id":"595","code":"CNF","display":"Confucian","definition":"Confucian","property":[{"code":"status","valueCode":"A"}]},{"id":"596","code":"DOC","display":"Disciples of Christ","definition":"Disciples of Christ","property":[{"code":"status","valueCode":"A"}]},{"id":"597","code":"ERL","display":"Ethnic Religionist","definition":"Ethnic Religionist","property":[{"code":"status","valueCode":"A"}]},{"id":"598","code":"HIN","display":"Hindu","definition":"Hindu","designation":[{"language":"de","use":{"system":"http://terminology.hl7.org/CodeSystem/hl7TermMaintInfra","code":"preferredForLanguage"},"value":"Hindu"}],"property":[{"code":"status","valueCode":"A"}]},{"id":"599","code":"HSH","display":"Hindu: Shaivites","definition":"Hindu: Shaivites","property":[{"code":"status","valueCode":"A"}]},{"id":"600","code":"HVA","display":"Hindu: Vaishnavites","definition":"Hindu: Vaishnavites","property":[{"code":"status","valueCode":"A"}]},{"id":"601","code":"HOT","display":"Hindu: Other","definition":"Hindu: Other","property":[{"code":"status","valueCode":"A"}]},{"id":"602","code":"JAI","display":"Jain","definition":"Jain","property":[{"code":"status","valueCode":"A"}]},{"id":"603","code":"JEW","display":"Jewish","definition":"Jewish","designation":[{"language":"de","use":{"system":"http://terminology.hl7.org/CodeSystem/hl7TermMaintInfra","code":"preferredForLanguage"},"value":"jüdisch"}],"property":[{"code":"status","valueCode":"A"}]},{"id":"604","code":"JCO","display":"Jewish: Conservative","definition":"Jewish: Conservative","property":[{"code":"status","valueCode":"A"}]},{"id":"605","code":"JOR","display":"Jewish: Orthodox","definition":"Jewish: Orthodox","property":[{"code":"status","valueCode":"A"}]},{"id":"606","code":"JRC","display":"Jewish: Reconstructionist","definition":"Jewish: Reconstructionist","property":[{"code":"status","valueCode":"A"}]},{"id":"607","code":"JRF","display":"Jewish: Reform","definition":"Jewish: Reform","property":[{"code":"status","valueCode":"A"}]},{"id":"608","code":"JRN","display":"Jewish: Renewal","definition":"Jewish: Renewal","property":[{"code":"status","valueCode":"A"}]},{"id":"609","code":"JOT","display":"Jewish: Other","definition":"Jewish: Other","property":[{"code":"status","valueCode":"A"}]},{"id":"610","code":"MOS","display":"Muslim","definition":"Muslim","designation":[{"language":"de","use":{"system":"http://terminology.hl7.org/CodeSystem/hl7TermMaintInfra","code":"preferredForLanguage"},"value":"Muslim"}],"property":[{"code":"status","valueCode":"A"}]},{"id":"611","code":"MSH","display":"Muslim: Shiite","definition":"Muslim: Shiite","property":[{"code":"status","valueCode":"A"}]},{"id":"612","code":"MSU","display":"Muslim: Sunni","definition":"Muslim: Sunni","property":[{"code":"status","valueCode":"A"}]},{"id":"613","code":"MOT","display":"Muslim: Other","definition":"Muslim: Other","property":[{"code":"status","valueCode":"A"}]},{"id":"614","code":"NAM","display":"Native American","definition":"Native American","property":[{"code":"status","valueCode":"A"}]},{"id":"615","code":"NRL","display":"New Religionist","definition":"New Religionist","property":[{"code":"status","valueCode":"A"}]},{"id":"616","code":"NOE","display":"Nonreligious","definition":"Nonreligious","designation":[{"language":"de","use":{"system":"http://terminology.hl7.org/CodeSystem/hl7TermMaintInfra","code":"preferredForLanguage"},"value":"nicht-religiös"}],"property":[{"code":"status","valueCode":"A"}]},{"id":"617","code":"SHN","display":"Shintoist","definition":"Shintoist","property":[{"code":"status","valueCode":"A"}]},{"id":"618","code":"SIK","display":"Sikh","definition":"Sikh","designation":[{"language":"de","use":{"system":"http://terminology.hl7.org/CodeSystem/hl7TermMaintInfra","code":"preferredForLanguage"},"value":"Sikh"}],"property":[{"code":"status","valueCode":"A"}]},{"id":"619","code":"SPI","display":"Spiritist","definition":"Spiritist","property":[{"code":"status","valueCode":"A"}]},{"id":"620","code":"OTH","display":"Other","definition":"Other","designation":[{"language":"de","use":{"system":"http://terminology.hl7.org/CodeSystem/hl7TermMaintInfra","code":"preferredForLanguage"},"value":"andere"}],"property":[{"code":"status","valueCode":"A"}]},{"id":"621","code":"VAR","display":"Unknown","definition":"Unknown","designation":[{"language":"de","use":{"system":"http://terminology.hl7.org/CodeSystem/hl7TermMaintInfra","code":"preferredForLanguage"},"value":"unbekannt"}],"property":[{"code":"status","valueCode":"A"}]}]}