{"resourceType":"CodeSystem","id":"service-provision-conditions","meta":{"lastUpdated":"2020-04-09T21:10:28.568+00:00"},"text":{"status":"generated","div":"<div xmlns=\"http://www.w3.org/1999/xhtml\"><p>This code system <code>http://terminology.hl7.org/CodeSystem/service-provision-conditions</code> defines the following codes:</p><table class=\"codes\"><tr><td style=\"white-space:nowrap\"><b>Code</b></td><td><b>Display</b></td><td><b>Definition</b></td></tr><tr><td style=\"white-space:nowrap\">free<a name=\"service-provision-conditions-free\"> </a></td><td>Free</td><td>This service is available for no patient cost.</td></tr><tr><td style=\"white-space:nowrap\">disc<a name=\"service-provision-conditions-disc\"> </a></td><td>Discounts Available</td><td>There are discounts available on this service for qualifying patients.</td></tr><tr><td style=\"white-space:nowrap\">cost<a name=\"service-provision-conditions-cost\"> </a></td><td>Fees apply</td><td>Fees apply for this service.</td></tr></table></div>"},"extension":[{"url":"http://hl7.org/fhir/StructureDefinition/structuredefinition-wg","valueCode":"pa"},{"url":"http://hl7.org/fhir/StructureDefinition/structuredefinition-fmm","valueInteger":1}],"url":"http://terminology.hl7.org/CodeSystem/service-provision-conditions","identifier":[{"system":"urn:ietf:rfc:3986","value":"urn:oid:2.16.840.1.113883.4.642.1.1143"}],"version":"0.1.0","name":"ServiceProvisionConditions","title":"ServiceProvisionConditions","status":"draft","experimental":false,"date":"2020-04-09T21:10:28+00:00","publisher":"HL7 (FHIR Project)","contact":[{"telecom":[{"system":"url","value":"http://hl7.org/fhir"},{"system":"email","value":"fhir@lists.hl7.org"}]}],"description":"The code(s) that detail the conditions under which the healthcare service is available/offered.","caseSensitive":true,"valueSet":"http://terminology.hl7.org/ValueSet/service-provision-conditions","content":"complete","concept":[{"code":"free","display":"Free","definition":"This service is available for no patient cost."},{"code":"disc","display":"Discounts Available","definition":"There are discounts available on this service for qualifying patients."},{"code":"cost","display":"Fees apply","definition":"Fees apply for this service."}]}