{"resourceType":"CodeSystem","id":"measure-supplemental-data","text":{"status":"generated","div":"<div xmlns=\"http://www.w3.org/1999/xhtml\"><p>This code system <code>http://terminology.hl7.org/CodeSystem/measure-supplemental-data</code> defines the following codes:</p><table class=\"codes\"><tr><td style=\"white-space:nowrap\"><b>Code</b></td><td><b>Display</b></td><td><b>Definition</b></td></tr><tr><td style=\"white-space:nowrap\">age<a name=\"measure-supplemental-data-age\"> </a></td><td>Age</td><td>Age Supplemental Data.</td></tr><tr><td style=\"white-space:nowrap\">gender<a name=\"measure-supplemental-data-gender\"> </a></td><td>Gender</td><td>Gender Supplemental Data.</td></tr><tr><td style=\"white-space:nowrap\">ethnicity<a name=\"measure-supplemental-data-ethnicity\"> </a></td><td>Ethnicity</td><td>Ethnicity Supplemental Data.</td></tr><tr><td style=\"white-space:nowrap\">payer<a name=\"measure-supplemental-data-payer\"> </a></td><td>Payer</td><td>Payer Supplemental Data.</td></tr><tr><td style=\"white-space:nowrap\">race<a name=\"measure-supplemental-data-race\"> </a></td><td>Race</td><td>Race Supplemental Data.</td></tr></table></div>"},"extension":[{"url":"http://hl7.org/fhir/StructureDefinition/structuredefinition-wg","valueCode":"cqi"}],"url":"http://terminology.hl7.org/CodeSystem/measure-supplemental-data","version":"1.0.0","name":"MeasureSupplementalData","title":"MeasureSupplementalData","status":"draft","experimental":false,"date":"2023-02-06T21:10:28+00:00","publisher":"HL7 (FHIR Project)","contact":[{"telecom":[{"system":"url","value":"http://hl7.org/fhir"},{"system":"email","value":"fhir@lists.hl7.org"}]}],"description":"Identifier supplemental data in a population for measuring purposes.","caseSensitive":true,"content":"complete","concept":[{"code":"age","display":"Age","definition":"Age Supplemental Data."},{"code":"gender","display":"Gender","definition":"Gender Supplemental Data."},{"code":"ethnicity","display":"Ethnicity","definition":"Ethnicity Supplemental Data."},{"code":"payer","display":"Payer","definition":"Payer Supplemental Data."},{"code":"race","display":"Race","definition":"Race Supplemental Data."}]}