{"resourceType":"CodeSystem","id":"medicationdispense-performer-function","meta":{"lastUpdated":"2020-04-09T21:10:28.568+00:00","profile":["http://hl7.org/fhir/StructureDefinition/shareablecodesystem"]},"text":{"status":"generated","div":"<div xmlns=\"http://www.w3.org/1999/xhtml\"><p>This code system <code>http://terminology.hl7.org/CodeSystem/medicationdispense-performer-function</code> defines the following codes:</p><table class=\"codes\"><tr><td style=\"white-space:nowrap\"><b>Code</b></td><td><b>Display</b></td><td><b>Definition</b></td></tr><tr><td style=\"white-space:nowrap\">dataenterer<a name=\"medicationdispense-performer-function-dataenterer\"> </a></td><td>Data Enterer</td><td>Recorded the details of the request</td></tr><tr><td style=\"white-space:nowrap\">packager<a name=\"medicationdispense-performer-function-packager\"> </a></td><td>Packager</td><td>Prepared the medication.</td></tr><tr><td style=\"white-space:nowrap\">checker<a name=\"medicationdispense-performer-function-checker\"> </a></td><td>Checker</td><td>Performed initial quality assurance on the prepared medication</td></tr><tr><td style=\"white-space:nowrap\">finalchecker<a name=\"medicationdispense-performer-function-finalchecker\"> </a></td><td>Final Checker</td><td>Performed the final quality assurance on the prepared medication against the request. Typically, this is a pharmacist function.</td></tr><tr><td style=\"white-space:nowrap\">counsellor<a name=\"medicationdispense-performer-function-counsellor\"> </a></td><td>Counsellor</td><td>Provided the drug information to the patient at the time of dispensing.</td></tr></table></div>"},"extension":[{"url":"http://hl7.org/fhir/StructureDefinition/structuredefinition-wg","valueCode":"phx"},{"url":"http://hl7.org/fhir/StructureDefinition/structuredefinition-fmm","valueInteger":1}],"url":"http://terminology.hl7.org/CodeSystem/medicationdispense-performer-function","identifier":[{"system":"urn:ietf:rfc:3986","value":"urn:oid:2.16.840.1.113883.4.642.1.1319"}],"version":"0.1.0","name":"MedicationDispensePerformerFunctionCodes","title":"MedicationDispense Performer Function Codes","status":"draft","experimental":false,"date":"2023-07-18T00:43:45-06:00","publisher":"FHIR Project team","contact":[{"telecom":[{"system":"url","value":"http://hl7.org/fhir"}]}],"description":"MedicationDispense Performer Function Codes","caseSensitive":true,"valueSet":"http://terminology.hl7.org/ValueSet/medicationdispense-performer-function","content":"complete","concept":[{"code":"dataenterer","display":"Data Enterer","definition":"Recorded the details of the request"},{"code":"packager","display":"Packager","definition":"Prepared the medication."},{"code":"checker","display":"Checker","definition":"Performed initial quality assurance on the prepared medication"},{"code":"finalchecker","display":"Final Checker","definition":"Performed the final quality assurance on the prepared medication against the request. Typically, this is a pharmacist function."},{"code":"counsellor","display":"Counsellor","definition":"Provided the drug information to the patient at the time of dispensing."}]}