{"resourceType":"CodeSystem","id":"definition-topic","meta":{"lastUpdated":"2020-04-09T21:10:28.568+00:00"},"text":{"status":"generated","div":"<div xmlns=\"http://www.w3.org/1999/xhtml\"><p>This code system <code>http://terminology.hl7.org/CodeSystem/definition-topic</code> defines the following codes:</p><table class=\"codes\"><tr><td style=\"white-space:nowrap\"><b>Code</b></td><td><b>Display</b></td><td><b>Definition</b></td></tr><tr><td style=\"white-space:nowrap\">treatment<a name=\"definition-topic-treatment\"> </a></td><td>Treatment</td><td>The definition is related to treatment of the patient.</td></tr><tr><td style=\"white-space:nowrap\">education<a name=\"definition-topic-education\"> </a></td><td>Education</td><td>The definition is related to education of the patient.</td></tr><tr><td style=\"white-space:nowrap\">assessment<a name=\"definition-topic-assessment\"> </a></td><td>Assessment</td><td>The definition is related to assessment of the patient.</td></tr></table></div>"},"extension":[{"url":"http://hl7.org/fhir/StructureDefinition/structuredefinition-wg","valueCode":"cds"},{"url":"http://hl7.org/fhir/StructureDefinition/structuredefinition-fmm","valueInteger":1}],"url":"http://terminology.hl7.org/CodeSystem/definition-topic","identifier":[{"system":"urn:ietf:rfc:3986","value":"urn:oid:2.16.840.1.113883.4.642.1.1244"}],"version":"0.1.0","name":"DefinitionTopic","title":"DefinitionTopic","status":"draft","experimental":false,"date":"2020-04-09T21:10:28+00:00","publisher":"HL7 (FHIR Project)","contact":[{"telecom":[{"system":"url","value":"http://hl7.org/fhir"},{"system":"email","value":"fhir@lists.hl7.org"}]}],"description":"High-level categorization of the definition, used for searching, sorting, and filtering.","caseSensitive":true,"valueSet":"http://terminology.hl7.org/ValueSet/definition-topic","content":"complete","concept":[{"code":"treatment","display":"Treatment","definition":"The definition is related to treatment of the patient."},{"code":"education","display":"Education","definition":"The definition is related to education of the patient."},{"code":"assessment","display":"Assessment","definition":"The definition is related to assessment of the patient."}]}