{"resourceType":"CodeSystem","id":"composition-altcode-kind","meta":{"lastUpdated":"2020-04-09T21:10:28.568+00:00"},"text":{"status":"generated","div":"<div xmlns=\"http://www.w3.org/1999/xhtml\"><p>This code system <code>http://terminology.hl7.org/CodeSystem/composition-altcode-kind</code> defines the following codes:</p><table class=\"codes\"><tr><td style=\"white-space:nowrap\"><b>Code</b></td><td><b>Display</b></td><td><b>Definition</b></td></tr><tr><td style=\"white-space:nowrap\">alternate<a name=\"composition-altcode-kind-alternate\"> </a></td><td>Alternate Code</td><td>The code is an alternative code that can be used in any of the circumstances that the primary code can be used.</td></tr><tr><td style=\"white-space:nowrap\">deprecated<a name=\"composition-altcode-kind-deprecated\"> </a></td><td>Deprecated</td><td>The code should no longer be used, but was used in the past.</td></tr><tr><td style=\"white-space:nowrap\">case-insensitive<a name=\"composition-altcode-kind-case-insensitive\"> </a></td><td>Case Insensitive</td><td>The code is an alternative to be used when a case insensitive code is required (when the primary codes are case sensitive).</td></tr><tr><td style=\"white-space:nowrap\">case-sensitive<a name=\"composition-altcode-kind-case-sensitive\"> </a></td><td>Case Sensitive</td><td>The code is an alternative to be used when a case sensitive code is required (when the primary codes are case insensitive).</td></tr><tr><td style=\"white-space:nowrap\">expression<a name=\"composition-altcode-kind-expression\"> </a></td><td>Expression</td><td>The code is an alternative for the primary code that is built using the expression grammar defined by the code system.</td></tr></table></div>"},"url":"http://terminology.hl7.org/CodeSystem/composition-altcode-kind","identifier":[{"system":"urn:ietf:rfc:3986","value":"urn:oid:2.16.840.1.113883.4.642.1.1406"}],"version":"0.1.0","name":"AlternativeCodeKind","title":"AlternativeCodeKind","status":"draft","experimental":false,"date":"2020-04-09T21:10:28+00:00","publisher":"HL7 (FHIR Project)","contact":[{"telecom":[{"system":"url","value":"http://hl7.org/fhir"},{"system":"email","value":"fhir@lists.hl7.org"}]}],"description":"Indicates the type of use for which the code is defined.","caseSensitive":true,"valueSet":"http://terminology.hl7.org/ValueSet/composition-altcode-kind","content":"complete","concept":[{"code":"alternate","display":"Alternate Code","definition":"The code is an alternative code that can be used in any of the circumstances that the primary code can be used."},{"code":"deprecated","display":"Deprecated","definition":"The code should no longer be used, but was used in the past."},{"code":"case-insensitive","display":"Case Insensitive","definition":"The code is an alternative to be used when a case insensitive code is required (when the primary codes are case sensitive)."},{"code":"case-sensitive","display":"Case Sensitive","definition":"The code is an alternative to be used when a case sensitive code is required (when the primary codes are case insensitive)."},{"code":"expression","display":"Expression","definition":"The code is an alternative for the primary code that is built using the expression grammar defined by the code system."}]}