{"resourceType":"CodeSystem","id":"contractsubtypecodes","meta":{"lastUpdated":"2020-04-09T21:10:28.568+00:00","profile":["http://hl7.org/fhir/StructureDefinition/shareablecodesystem"]},"text":{"status":"generated","div":"<div xmlns=\"http://www.w3.org/1999/xhtml\"><p>This code system <code>http://terminology.hl7.org/CodeSystem/contractsubtypecodes</code> defines the following codes:</p><table class=\"codes\"><tr><td style=\"white-space:nowrap\"><b>Code</b></td><td><b>Display</b></td><td><b>Definition</b></td></tr><tr><td style=\"white-space:nowrap\">disclosure-ca<a name=\"contractsubtypecodes-disclosure-ca\"> </a></td><td>Disclosure-CA</td><td>Canadian health information disclosure policy.</td></tr><tr><td style=\"white-space:nowrap\">disclosure-us<a name=\"contractsubtypecodes-disclosure-us\"> </a></td><td>Disclosure-US</td><td>United States health information disclosure policy.</td></tr></table></div>"},"extension":[{"url":"http://hl7.org/fhir/StructureDefinition/structuredefinition-wg","valueCode":"fm"},{"url":"http://hl7.org/fhir/StructureDefinition/structuredefinition-fmm","valueInteger":1}],"url":"http://terminology.hl7.org/CodeSystem/contractsubtypecodes","identifier":[{"system":"urn:ietf:rfc:3986","value":"urn:oid:2.16.840.1.113883.4.642.1.1198"}],"version":"0.1.0","name":"ContractSubtypeCodes","title":"Contract Subtype Codes","status":"draft","experimental":false,"date":"2023-07-18T00:43:45-06:00","publisher":"Financial Management","contact":[{"telecom":[{"system":"url","value":"http://hl7.org/fhir"}]}],"description":"This value set includes sample Contract Subtype codes.","copyright":"This is an example set.","caseSensitive":true,"valueSet":"http://terminology.hl7.org/ValueSet/contract-subtype","content":"complete","concept":[{"code":"disclosure-ca","display":"Disclosure-CA","definition":"Canadian health information disclosure policy."},{"code":"disclosure-us","display":"Disclosure-US","definition":"United States health information disclosure policy."}]}