{"resourceType":"CodeSystem","id":"GCRT","text":{"status":"generated","div":"<div xmlns=\"http://www.w3.org/1999/xhtml\"><p>This code system <code>http://terminology.hl7.org/CodeSystem/GCRT</code> defines codes, but no codes are represented here</p></div>"},"url":"http://terminology.hl7.org/CodeSystem/GCRT","identifier":[{"system":"urn:ietf:rfc:3986","value":"urn:oid:2.16.840.1.113883.4.80"}],"version":"2.0.1","name":"GCRT","title":"GCRT","status":"retired","experimental":false,"date":"2021-11-09T10:00:00+10:00","publisher":"TBD - External Body","contact":[{"name":"First DataBank, Inc,First DataBank, Inc,First DataBank, Inc,First DataBank, Inc,First DataBank, Inc,"}],"description":"GCRT\r\n\r\nRoute of Administration Code (1-character)\r\n\r\na one-character alphanumeric column that provides the normal site or method by which a drug is administered, such as oral, injection, or topical. A GCRT is associated to each GCN\\_SEQNO to identify that component of the generic drug formulation.","caseSensitive":true,"content":"not-present"}