{"resourceType":"CodeSystem","id":"MDRDUT","text":{"status":"generated","div":"<div xmlns=\"http://www.w3.org/1999/xhtml\"><p>This code system <code>http://terminology.hl7.org/CodeSystem/MDRDUT</code> defines codes, but no codes are represented here</p></div>"},"url":"http://terminology.hl7.org/CodeSystem/MDRDUT","identifier":[{"system":"urn:ietf:rfc:3986","value":"urn:oid:2.16.840.1.113883.6.163.2"}],"version":"2.0.1","name":"MDRDUT","title":"MedDRA Dutch","status":"retired","experimental":false,"date":"2021-11-09T10:00:00+10:00","publisher":"TBD - External Body","contact":[{"name":"MedDRA MSSO/ Northrop Grumman,MedDRA MSSO/ Northrop Grumman"}],"description":"Medical Dictionary for Regulatory Activities Terminology (MedDRA) Version 7.0, Dutch Edition. International conference on Harmonization of Technical Requirements for Registration of Pharmaceuticals for Human Use (ICH). Reston, VA: MedDRA MSSO, March 1, 2004 This is the Dutch language version as encapsulated in the UMLS..","caseSensitive":true,"content":"not-present"}