{"resourceType":"CodeSystem","id":"ahfs","text":{"status":"generated","div":"<div xmlns=\"http://www.w3.org/1999/xhtml\"><p>This code system <code>http://terminology.hl7.org/CodeSystem/ahfs</code> defines codes, but no codes are represented here</p></div>"},"url":"http://terminology.hl7.org/CodeSystem/ahfs","identifier":[{"system":"urn:ietf:rfc:3986","value":"urn:oid:2.16.840.1.113883.6.234"}],"version":"2.0.1","name":"Ahfs","title":"AHFS Pharmacologic-Therapeutic Classification","status":"retired","experimental":false,"date":"2021-11-09T10:00:00+10:00","publisher":"TBD - External Body","contact":[{"name":"American Society of Health-System Pharmacists"}],"description":"**Description:** The AHFS Pharmacologic-Therapeutic Classification has been in use in hospitals in the United States since its inception in 1959. An integral part of the American Hospital Formulary Service, the AHFS classification allows the grouping of drugs with similar pharmacologic, therapeutic, and/or chemical characteristics. Today, the AHFS classification is used by many people outside of hospitals.","caseSensitive":true,"content":"not-present"}