{"resourceType":"CodeSystem","id":"state-change-reason","meta":{"lastUpdated":"2020-04-09T21:10:28.568+00:00"},"text":{"status":"generated","div":"<div xmlns=\"http://www.w3.org/1999/xhtml\"><p>This code system <code>http://terminology.hl7.org/CodeSystem/state-change-reason</code> defines the following codes:</p><table class=\"codes\"><tr><td style=\"white-space:nowrap\"><b>Code</b></td><td><b>Display</b></td><td><b>Definition</b></td></tr><tr><td style=\"white-space:nowrap\">adverseEvent<a name=\"state-change-reason-adverseEvent\"> </a></td><td>adverse event</td><td>adverse event.</td></tr><tr><td style=\"white-space:nowrap\">death<a name=\"state-change-reason-death\"> </a></td><td>death (adverse event)</td><td>death (adverse event).</td></tr><tr><td style=\"white-space:nowrap\">notEligible<a name=\"state-change-reason-notEligible\"> </a></td><td>did not meet eligibility criteria</td><td>did not meet eligibility criteria.</td></tr><tr><td style=\"white-space:nowrap\">eligibleButNo<a name=\"state-change-reason-eligibleButNo\"> </a></td><td>eligible but unwilling or unable to participate</td><td>eligible but unwilling or unable to participate.</td></tr><tr><td style=\"white-space:nowrap\">enrolled<a name=\"state-change-reason-enrolled\"> </a></td><td>enrolled or registered</td><td>enrolled or registered.</td></tr><tr><td style=\"white-space:nowrap\">exclusion<a name=\"state-change-reason-exclusion\"> </a></td><td>exclusion</td><td>exclusion.</td></tr><tr><td style=\"white-space:nowrap\">followUpComplete<a name=\"state-change-reason-followUpComplete\"> </a></td><td>follow-up complete</td><td>follow-up complete.</td></tr><tr><td style=\"white-space:nowrap\">inclusion<a name=\"state-change-reason-inclusion\"> </a></td><td>inclusion</td><td>inclusion.</td></tr><tr><td style=\"white-space:nowrap\">informedConsentSigned<a name=\"state-change-reason-informedConsentSigned\"> </a></td><td>Informed consent signed</td><td>Informed consent signed.</td></tr><tr><td style=\"white-space:nowrap\">intOrObsComplete<a name=\"state-change-reason-intOrObsComplete\"> </a></td><td>intervention or observation complete</td><td>intervention or observation complete.</td></tr><tr><td style=\"white-space:nowrap\">nonCompliance<a name=\"state-change-reason-nonCompliance\"> </a></td><td>non-compliance</td><td>non-compliance.</td></tr><tr><td style=\"white-space:nowrap\">preReg<a name=\"state-change-reason-preReg\"> </a></td><td>pre-registered or slot reserved</td><td>pre-registered or slot reserved.</td></tr><tr><td style=\"white-space:nowrap\">refuseConsent<a name=\"state-change-reason-refuseConsent\"> </a></td><td>refuse consent</td><td>refuse consent.</td></tr><tr><td style=\"white-space:nowrap\">screenFailure<a name=\"state-change-reason-screenFailure\"> </a></td><td>screen failure</td><td>screen failure.</td></tr><tr><td style=\"white-space:nowrap\">studyClosed<a name=\"state-change-reason-studyClosed\"> </a></td><td>study permanently closed to accrual</td><td>study permanently closed to accrual.</td></tr><tr><td style=\"white-space:nowrap\">studyTerminated<a name=\"state-change-reason-studyTerminated\"> </a></td><td>study terminated</td><td>study terminated.</td></tr><tr><td style=\"white-space:nowrap\">subjectRefusal<a name=\"state-change-reason-subjectRefusal\"> </a></td><td>subject refusal</td><td>subject refusal.</td></tr><tr><td style=\"white-space:nowrap\">unwillingOrUnable<a name=\"state-change-reason-unwillingOrUnable\"> </a></td><td>unwilling or unable to participate</td><td>unwilling or unable to participate.</td></tr><tr><td style=\"white-space:nowrap\">withdrawnConsent<a name=\"state-change-reason-withdrawnConsent\"> </a></td><td>withdrawn consent</td><td>withdrawn consent.</td></tr></table></div>"},"extension":[{"url":"http://hl7.org/fhir/StructureDefinition/structuredefinition-wg","valueCode":"brr"},{"url":"http://hl7.org/fhir/StructureDefinition/structuredefinition-fmm","valueInteger":1}],"url":"http://terminology.hl7.org/CodeSystem/state-change-reason","identifier":[{"system":"urn:ietf:rfc:3986","value":"urn:oid:2.16.840.1.113883.4.642.1.0"}],"version":"0.1.0","name":"StateChangeReason","title":"StateChangeReason","status":"draft","experimental":false,"date":"2020-04-09T21:10:28+00:00","publisher":"HL7 (FHIR Project)","contact":[{"telecom":[{"system":"url","value":"http://hl7.org/fhir"},{"system":"email","value":"fhir@lists.hl7.org"}]}],"description":"Indicates why the state of the subject changed.","caseSensitive":true,"valueSet":"http://terminology.hl7.org/ValueSet/state-change-reason","content":"complete","concept":[{"code":"adverseEvent","display":"adverse event","definition":"adverse event."},{"code":"death","display":"death (adverse event)","definition":"death (adverse event)."},{"code":"notEligible","display":"did not meet eligibility criteria","definition":"did not meet eligibility criteria."},{"code":"eligibleButNo","display":"eligible but unwilling or unable to participate","definition":"eligible but unwilling or unable to participate."},{"code":"enrolled","display":"enrolled or registered","definition":"enrolled or registered."},{"code":"exclusion","display":"exclusion","definition":"exclusion."},{"code":"followUpComplete","display":"follow-up complete","definition":"follow-up complete."},{"code":"inclusion","display":"inclusion","definition":"inclusion."},{"code":"informedConsentSigned","display":"Informed consent signed","definition":"Informed consent signed."},{"code":"intOrObsComplete","display":"intervention or observation complete","definition":"intervention or observation complete."},{"code":"nonCompliance","display":"non-compliance","definition":"non-compliance."},{"code":"preReg","display":"pre-registered or slot reserved","definition":"pre-registered or slot reserved."},{"code":"refuseConsent","display":"refuse consent","definition":"refuse consent."},{"code":"screenFailure","display":"screen failure","definition":"screen failure."},{"code":"studyClosed","display":"study permanently closed to accrual","definition":"study permanently closed to accrual."},{"code":"studyTerminated","display":"study terminated","definition":"study terminated."},{"code":"subjectRefusal","display":"subject refusal","definition":"subject refusal."},{"code":"unwillingOrUnable","display":"unwilling or unable to participate","definition":"unwilling or unable to participate."},{"code":"withdrawnConsent","display":"withdrawn consent","definition":"withdrawn consent."}]}