{"resourceType":"CodeSystem","id":"ICD10dut","text":{"status":"generated","div":"<div xmlns=\"http://www.w3.org/1999/xhtml\"><p>This code system <code>http://hl7.org/fhir/sid/icd-10-nl</code> defines codes, but no codes are represented here</p></div>"},"url":"http://hl7.org/fhir/sid/icd-10-nl","identifier":[{"system":"urn:ietf:rfc:3986","value":"urn:oid:2.16.840.1.113883.6.3.2"}],"version":"2.1.1","name":"ICD10dut","title":"ICD10, Dutch Translation","status":"retired","experimental":false,"date":"2021-11-09T10:00:00+10:00","publisher":"TBD - External Body","contact":[{"name":"World Health Organization"}],"description":"Hirs, W., H.W. Becker, C. van Boven, S.K. Oskam, I.M. Okkes, H. Lamberts. ICD-10, Dutch Translation, 200403. Amsterdam: Department of General Practice, Academic Medical Center/University of Amsterdam, Dutch College of General Practitioners (NHG), March 20","caseSensitive":true,"content":"not-present"}