{"resourceType":"CodeSystem","id":"nmmds","text":{"status":"generated","div":"<div xmlns=\"http://www.w3.org/1999/xhtml\"><p>This code system <code>http://terminology.hl7.org/CodeSystem/nmmds</code> defines codes, but no codes are represented here</p></div>"},"url":"http://terminology.hl7.org/CodeSystem/nmmds","identifier":[{"system":"urn:ietf:rfc:3986","value":"urn:oid:2.16.840.1.113883.6.23"}],"version":"2.0.1","name":"Nmmds","title":"Nursing Management Minimum Data Set","status":"retired","experimental":false,"date":"2021-11-09T10:00:00+10:00","publisher":"TBD - External Body","contact":[{"name":"Connie Delaney, PhD, RN, FAAN and Diane Huber, PhD, RN, FAAN"}],"description":"The NMMDS is the minimum set of items of information with uniform definitions and categories concerning the specific dimension of the context of patient care delivery. It represents the minimum data used to support the management and administration of patient/nursing care delivery across all types of settings. The NMMDS is composed of seventeen (17) data elements organized into three categories: environment, nurse resources, and financial resources. See Tables 1-3 for the elements and related definitions organized by each categories. The NMMDS most appropriately focuses at the first level of accountability for patient/client/family/community nursing care: this may be the delivery unit, service, or center of excellence level. The NMMDS supports numerous constructed variables as well as aggregation of data at the unit, institution, network, and system, etc levels. This minimum data set provides the structure for the collection of uniform information that influences quality of patient care, directly and indirectly.","caseSensitive":true,"content":"not-present"}