{"resourceType":"CodeSystem","id":"GMDN","text":{"status":"generated","div":"<div xmlns=\"http://www.w3.org/1999/xhtml\"><p>This code system <code>http://terminology.hl7.org/CodeSystem/GMDN</code> defines codes, but no codes are represented here</p></div>"},"url":"http://terminology.hl7.org/CodeSystem/GMDN","identifier":[{"system":"urn:ietf:rfc:3986","value":"urn:oid:2.16.840.1.113883.6.276"}],"version":"2.0.1","name":"GMDN","title":"Global Medical Device Nomenclature","status":"active","experimental":false,"date":"2019-03-20T00:00:00-04:00","publisher":"TBD - External Body","description":"http://www.gmdnagency.com/","caseSensitive":true,"content":"not-present"}