{"resourceType":"CodeSystem","id":"iso3166-1edition2numeric","text":{"status":"generated","div":"<div xmlns=\"http://www.w3.org/1999/xhtml\"><p>This code system <code>http://terminology.hl7.org/CodeSystem/iso3166-1edition2numeric</code> defines codes, but no codes are represented here</p></div>"},"url":"http://terminology.hl7.org/CodeSystem/iso3166-1edition2numeric","identifier":[{"system":"urn:ietf:rfc:3986","value":"urn:oid:1.0.3166.1.2.1"}],"version":"2.0.1","name":"Iso31661edition2numeric","title":"ISO 3166 Part 1 Country Codes, 2nd Edition, Numeric","status":"retired","experimental":false,"date":"2021-11-09T10:00:00+10:00","publisher":"TBD - External Body","contact":[{"name":"International Standards Organization (ISO)"}],"description":"Identifies the coding system published in the ISO 3166-1 Standard for Country codes, 2nd edition, numeric codes.","caseSensitive":true,"content":"not-present"}