{"resourceType":"CodeSystem","id":"measure-type","meta":{"lastUpdated":"2021-03-26T11:10:28.568+00:00"},"text":{"status":"generated","div":"<div xmlns=\"http://www.w3.org/1999/xhtml\"><p><b>Properties</b></p><p><b>This code system  defines the following properties for its concepts</b></p><table class=\"grid\"><tr><td><b>Code</b></td><td><b>URI</b></td><td><b>Type</b></td><td><b>Description</b></td></tr><tr><td>status</td><td>http://hl7.org/fhir/concept-properties#status</td><td>code</td><td>Designation of a concept's state. Normally is not populated unless the state is retired.</td></tr></table><p><b>Concepts</b></p><p>This code system <code>http://terminology.hl7.org/CodeSystem/measure-type</code> defines the following codes:</p><table class=\"codes\"><tr><td style=\"white-space:nowrap\"><b>Code</b></td><td><b>Display</b></td><td><b>Definition</b></td><td><b>status</b></td></tr><tr><td style=\"white-space:nowrap\">process<a name=\"measure-type-process\"> </a></td><td>Process</td><td>A measure which focuses on a process which leads to a certain outcome, meaning that a scientific basis exists for believing that the process, when executed well, will increase the probability of achieving a desired outcome.</td><td/></tr><tr><td style=\"white-space:nowrap\">outcome<a name=\"measure-type-outcome\"> </a></td><td>Outcome</td><td>A measure that indicates the result of the performance (or non-performance) of a function or process.</td><td/></tr><tr><td style=\"white-space:nowrap\">structure<a name=\"measure-type-structure\"> </a></td><td>Structure</td><td>A measure that focuses on a health care provider's capacity, systems, and processes to provide high-quality care.</td><td/></tr><tr><td style=\"white-space:nowrap\">patient-reported-outcome<a name=\"measure-type-patient-reported-outcome\"> </a></td><td>Patient Reported Outcome</td><td>A measure that focuses on patient-reported information such as patient engagement or patient experience measures.</td><td/></tr><tr style=\"background-color: #ffeeee\"><td style=\"white-space:nowrap\">composite<a name=\"measure-type-composite\"> </a></td><td>Composite</td><td>A measure that combines multiple component measures in to a single quality measure.</td><td>retired</td></tr></table></div>"},"extension":[{"url":"http://hl7.org/fhir/StructureDefinition/structuredefinition-wg","valueCode":"cqi"},{"url":"http://hl7.org/fhir/StructureDefinition/structuredefinition-fmm","valueInteger":2}],"url":"http://terminology.hl7.org/CodeSystem/measure-type","identifier":[{"system":"urn:ietf:rfc:3986","value":"urn:oid:2.16.840.1.113883.4.642.1.1233"}],"version":"2.0.0","name":"MeasureType","title":"MeasureType","status":"draft","experimental":false,"date":"2021-03-26T21:10:28+00:00","publisher":"HL7 (FHIR Project)","contact":[{"telecom":[{"system":"url","value":"http://hl7.org/fhir"},{"system":"email","value":"fhir@lists.hl7.org"}]}],"description":"The type of measure (includes codes from 2.16.840.1.113883.1.11.20368).","caseSensitive":true,"valueSet":"http://terminology.hl7.org/ValueSet/measure-type","content":"complete","property":[{"code":"status","uri":"http://hl7.org/fhir/concept-properties#status","description":"Designation of a concept's state. Normally is not populated unless the state is retired.","type":"code"}],"concept":[{"code":"process","display":"Process","definition":"A measure which focuses on a process which leads to a certain outcome, meaning that a scientific basis exists for believing that the process, when executed well, will increase the probability of achieving a desired outcome."},{"code":"outcome","display":"Outcome","definition":"A measure that indicates the result of the performance (or non-performance) of a function or process."},{"code":"structure","display":"Structure","definition":"A measure that focuses on a health care provider's capacity, systems, and processes to provide high-quality care."},{"code":"patient-reported-outcome","display":"Patient Reported Outcome","definition":"A measure that focuses on patient-reported information such as patient engagement or patient experience measures."},{"code":"composite","display":"Composite","definition":"A measure that combines multiple component measures in to a single quality measure.","property":[{"code":"status","valueCode":"retired"}]}]}