{"resourceType":"CodeSystem","id":"ex-paymenttype","meta":{"lastUpdated":"2020-04-09T21:10:28.568+00:00","profile":["http://hl7.org/fhir/StructureDefinition/shareablecodesystem"]},"text":{"status":"generated","div":"<div xmlns=\"http://www.w3.org/1999/xhtml\"><p>This code system <code>http://terminology.hl7.org/CodeSystem/ex-paymenttype</code> defines the following codes:</p><table class=\"codes\"><tr><td style=\"white-space:nowrap\"><b>Code</b></td><td><b>Display</b></td><td><b>Definition</b></td></tr><tr><td style=\"white-space:nowrap\">complete<a name=\"ex-paymenttype-complete\"> </a></td><td>Complete</td><td>Complete (final) payment of the benefit under the Claim less any adjustments.</td></tr><tr><td style=\"white-space:nowrap\">partial<a name=\"ex-paymenttype-partial\"> </a></td><td>Partial</td><td>Partial payment of the benefit under the Claim less any adjustments.</td></tr></table></div>"},"extension":[{"url":"http://hl7.org/fhir/StructureDefinition/structuredefinition-wg","valueCode":"fm"},{"url":"http://hl7.org/fhir/StructureDefinition/structuredefinition-fmm","valueInteger":1}],"url":"http://terminology.hl7.org/CodeSystem/ex-paymenttype","identifier":[{"system":"urn:ietf:rfc:3986","value":"urn:oid:2.16.840.1.113883.4.642.1.1181"}],"version":"0.1.0","name":"ExamplePaymentTypeCodes","title":"Example Payment Type Codes","status":"draft","experimental":false,"date":"2023-07-18T00:43:45-06:00","publisher":"Financial Management","contact":[{"telecom":[{"system":"url","value":"http://hl7.org/fhir"}]}],"description":"This value set includes example Payment Type codes.","copyright":"This is an example set.","caseSensitive":true,"valueSet":"http://terminology.hl7.org/ValueSet/ex-paymenttype","content":"complete","concept":[{"code":"complete","display":"Complete","definition":"Complete (final) payment of the benefit under the Claim less any adjustments."},{"code":"partial","display":"Partial","definition":"Partial payment of the benefit under the Claim less any adjustments."}]}