{"resourceType":"CodeSystem","id":"adjudication-reason","meta":{"lastUpdated":"2020-04-09T21:10:28.568+00:00","profile":["http://hl7.org/fhir/StructureDefinition/shareablecodesystem"]},"text":{"status":"generated","div":"<div xmlns=\"http://www.w3.org/1999/xhtml\"><p>This code system <code>http://terminology.hl7.org/CodeSystem/adjudication-reason</code> defines the following codes:</p><table class=\"codes\"><tr><td style=\"white-space:nowrap\"><b>Code</b></td><td><b>Display</b></td><td><b>Definition</b></td></tr><tr><td style=\"white-space:nowrap\">ar001<a name=\"adjudication-reason-ar001\"> </a></td><td>Not covered</td><td>Not covered</td></tr><tr><td style=\"white-space:nowrap\">ar002<a name=\"adjudication-reason-ar002\"> </a></td><td>Plan Limit Reached</td><td>Plan Limit Reached</td></tr></table></div>"},"extension":[{"url":"http://hl7.org/fhir/StructureDefinition/structuredefinition-wg","valueCode":"fm"},{"url":"http://hl7.org/fhir/StructureDefinition/structuredefinition-fmm","valueInteger":1}],"url":"http://terminology.hl7.org/CodeSystem/adjudication-reason","identifier":[{"system":"urn:ietf:rfc:3986","value":"urn:oid:2.16.840.1.113883.4.642.1.1172"}],"version":"0.1.0","name":"AdjudicationReasonCodes","title":"Adjudication Reason Codes","status":"draft","experimental":false,"date":"2023-07-18T00:43:45-06:00","publisher":"Financial Management","contact":[{"telecom":[{"system":"url","value":"http://hl7.org/fhir"}]}],"description":"This value set includes smattering of Adjudication Reason codes.","copyright":"This is an example set.","caseSensitive":true,"valueSet":"http://terminology.hl7.org/ValueSet/adjudication-reason","content":"complete","concept":[{"code":"ar001","display":"Not covered","definition":"Not covered"},{"code":"ar002","display":"Plan Limit Reached","definition":"Plan Limit Reached"}]}