{"resourceType":"CodeSystem","id":"fundsreserve","meta":{"lastUpdated":"2020-04-09T21:10:28.568+00:00","profile":["http://hl7.org/fhir/StructureDefinition/shareablecodesystem"]},"text":{"status":"generated","div":"<div xmlns=\"http://www.w3.org/1999/xhtml\"><p>This code system <code>http://terminology.hl7.org/CodeSystem/fundsreserve</code> defines the following codes:</p><table class=\"codes\"><tr><td style=\"white-space:nowrap\"><b>Code</b></td><td><b>Display</b></td><td><b>Definition</b></td></tr><tr><td style=\"white-space:nowrap\">patient<a name=\"fundsreserve-patient\"> </a></td><td>Patient</td><td>The payor is requested to reserve funds for the provision of the named services by any provider for settlement of future claims related to this request.</td></tr><tr><td style=\"white-space:nowrap\">provider<a name=\"fundsreserve-provider\"> </a></td><td>Provider</td><td>The payor is requested to reserve funds solely for the named provider for settlement of future claims related to this request.</td></tr><tr><td style=\"white-space:nowrap\">none<a name=\"fundsreserve-none\"> </a></td><td>None</td><td>The payor is not being requested to reserve any funds for the settlement of future claims.</td></tr></table></div>"},"extension":[{"url":"http://hl7.org/fhir/StructureDefinition/structuredefinition-wg","valueCode":"fm"},{"url":"http://hl7.org/fhir/StructureDefinition/structuredefinition-fmm","valueInteger":1}],"url":"http://terminology.hl7.org/CodeSystem/fundsreserve","identifier":[{"system":"urn:ietf:rfc:3986","value":"urn:oid:2.16.840.1.113883.4.642.1.1051"}],"version":"0.1.0","name":"FundsReservationCodes","title":"Funds Reservation Codes","status":"draft","experimental":true,"date":"2023-07-18T00:43:45-06:00","publisher":"Financial Management","contact":[{"telecom":[{"system":"url","value":"http://hl7.org/fhir"}]}],"description":"This value set includes sample funds reservation type codes.","copyright":"This is an example set.","caseSensitive":true,"valueSet":"http://terminology.hl7.org/ValueSet/fundsreserve","content":"complete","concept":[{"code":"patient","display":"Patient","definition":"The payor is requested to reserve funds for the provision of the named services by any provider for settlement of future claims related to this request."},{"code":"provider","display":"Provider","definition":"The payor is requested to reserve funds solely for the named provider for settlement of future claims related to this request."},{"code":"none","display":"None","definition":"The payor is not being requested to reserve any funds for the settlement of future claims."}]}