{"resourceType":"CodeSystem","id":"research-study-reason-stopped","meta":{"lastUpdated":"2020-04-09T21:10:28.568+00:00"},"text":{"status":"generated","div":"<div xmlns=\"http://www.w3.org/1999/xhtml\"><p>This code system <code>http://terminology.hl7.org/CodeSystem/research-study-reason-stopped</code> defines the following codes:</p><table class=\"codes\"><tr><td style=\"white-space:nowrap\"><b>Code</b></td><td><b>Display</b></td><td><b>Definition</b></td></tr><tr><td style=\"white-space:nowrap\">accrual-goal-met<a name=\"research-study-reason-stopped-accrual-goal-met\"> </a></td><td>Accrual Goal Met</td><td>The study prematurely ended because the accrual goal was met.</td></tr><tr><td style=\"white-space:nowrap\">closed-due-to-toxicity<a name=\"research-study-reason-stopped-closed-due-to-toxicity\"> </a></td><td>Closed due to toxicity</td><td>The study prematurely ended due to toxicity.</td></tr><tr><td style=\"white-space:nowrap\">closed-due-to-lack-of-study-progress<a name=\"research-study-reason-stopped-closed-due-to-lack-of-study-progress\"> </a></td><td>Closed due to lack of study progress</td><td>The study prematurely ended due to lack of study progress.</td></tr><tr><td style=\"white-space:nowrap\">temporarily-closed-per-study-design<a name=\"research-study-reason-stopped-temporarily-closed-per-study-design\"> </a></td><td>Temporarily closed per study design</td><td>The study prematurely ended temporarily per study design.</td></tr></table></div>"},"extension":[{"url":"http://hl7.org/fhir/StructureDefinition/structuredefinition-wg","valueCode":"brr"},{"url":"http://hl7.org/fhir/StructureDefinition/structuredefinition-fmm","valueInteger":1}],"url":"http://terminology.hl7.org/CodeSystem/research-study-reason-stopped","identifier":[{"system":"urn:ietf:rfc:3986","value":"urn:oid:2.16.840.1.113883.4.642.1.1249"}],"version":"0.1.0","name":"ResearchStudyReasonStopped","title":"ResearchStudyReasonStopped","status":"draft","experimental":false,"date":"2020-04-09T21:10:28+00:00","publisher":"HL7 (FHIR Project)","contact":[{"telecom":[{"system":"url","value":"http://hl7.org/fhir"},{"system":"email","value":"fhir@lists.hl7.org"}]}],"description":"Codes for why the study ended prematurely.","caseSensitive":true,"valueSet":"http://terminology.hl7.org/ValueSet/research-study-reason-stopped","content":"complete","concept":[{"code":"accrual-goal-met","display":"Accrual Goal Met","definition":"The study prematurely ended because the accrual goal was met."},{"code":"closed-due-to-toxicity","display":"Closed due to toxicity","definition":"The study prematurely ended due to toxicity."},{"code":"closed-due-to-lack-of-study-progress","display":"Closed due to lack of study progress","definition":"The study prematurely ended due to lack of study progress."},{"code":"temporarily-closed-per-study-design","display":"Temporarily closed per study design","definition":"The study prematurely ended temporarily per study design."}]}