{"resourceType":"CodeSystem","id":"icpc2E-P-AE","text":{"status":"generated","div":"<div xmlns=\"http://www.w3.org/1999/xhtml\"><p>This code system <code>http://terminology.hl7.org/CodeSystem/icpc2E-P-AE</code> defines codes, but no codes are represented here</p></div>"},"url":"http://terminology.hl7.org/CodeSystem/icpc2E-P-AE","identifier":[{"system":"urn:ietf:rfc:3986","value":"urn:oid:2.16.840.1.113883.6.140.1"}],"version":"2.0.1","name":"Icpc2EPAE","title":"ICPC2E 1998 Plus Am Engl","status":"retired","experimental":false,"date":"2021-11-09T10:00:00+10:00","publisher":"TBD - External Body","contact":[{"name":"National Library of Medicine"}],"description":"International Classification of Primary Care, Version 2-Plus, Australian Modification. Americanized English Equivalents, January, 2000. Produced by NLM. Bethesda (MD): National Library of Medicine, UMLS project","caseSensitive":true,"content":"not-present"}