{"resourceType":"CodeSystem","id":"certainty-subcomponent-rating","meta":{"lastUpdated":"2020-04-09T21:10:28.568+00:00"},"text":{"status":"generated","div":"<div xmlns=\"http://www.w3.org/1999/xhtml\"><p>This code system <code>http://terminology.hl7.org/CodeSystem/certainty-subcomponent-rating</code> defines the following codes:</p><table class=\"codes\"><tr><td style=\"white-space:nowrap\"><b>Code</b></td><td><b>Display</b></td><td><b>Definition</b></td></tr><tr><td style=\"white-space:nowrap\">no-change<a name=\"certainty-subcomponent-rating-no-change\"> </a></td><td>no change to rating</td><td>no change to quality rating.</td></tr><tr><td style=\"white-space:nowrap\">downcode1<a name=\"certainty-subcomponent-rating-downcode1\"> </a></td><td>reduce rating: -1</td><td>reduce quality rating by 1.</td></tr><tr><td style=\"white-space:nowrap\">downcode2<a name=\"certainty-subcomponent-rating-downcode2\"> </a></td><td>reduce rating: -2</td><td>reduce quality rating by 2.</td></tr><tr><td style=\"white-space:nowrap\">downcode3<a name=\"certainty-subcomponent-rating-downcode3\"> </a></td><td>reduce rating: -3</td><td>reduce quality rating by 3.</td></tr><tr><td style=\"white-space:nowrap\">upcode1<a name=\"certainty-subcomponent-rating-upcode1\"> </a></td><td>increase rating: +1</td><td>increase quality rating by 1.</td></tr><tr><td style=\"white-space:nowrap\">upcode2<a name=\"certainty-subcomponent-rating-upcode2\"> </a></td><td>increase rating: +2</td><td>increase quality rating by 2.</td></tr><tr><td style=\"white-space:nowrap\">no-concern<a name=\"certainty-subcomponent-rating-no-concern\"> </a></td><td>no serious concern</td><td>no serious concern.</td></tr><tr><td style=\"white-space:nowrap\">serious-concern<a name=\"certainty-subcomponent-rating-serious-concern\"> </a></td><td>serious concern</td><td>serious concern.</td></tr><tr><td style=\"white-space:nowrap\">critical-concern<a name=\"certainty-subcomponent-rating-critical-concern\"> </a></td><td>critical concern</td><td>critical concern.</td></tr><tr><td style=\"white-space:nowrap\">present<a name=\"certainty-subcomponent-rating-present\"> </a></td><td>present</td><td>possible reason for increasing quality rating was checked and found to bepresent.</td></tr><tr><td style=\"white-space:nowrap\">absent<a name=\"certainty-subcomponent-rating-absent\"> </a></td><td>absent</td><td>possible reason for increasing quality rating was checked and found to be absent.</td></tr></table></div>"},"url":"http://terminology.hl7.org/CodeSystem/certainty-subcomponent-rating","identifier":[{"system":"urn:ietf:rfc:3986","value":"urn:oid:2.16.840.1.113883.4.642.1.1362"}],"version":"0.1.0","name":"StatisticCertaintySubcomponentRating","title":"StatisticCertaintySubcomponentRating","status":"draft","experimental":false,"date":"2020-04-09T21:10:28+00:00","publisher":"HL7 (FHIR Project)","contact":[{"telecom":[{"system":"url","value":"http://hl7.org/fhir"},{"system":"email","value":"fhir@lists.hl7.org"}]}],"description":"The quality rating of the subcomponent of a quality of evidence rating.","caseSensitive":true,"valueSet":"http://terminology.hl7.org/ValueSet/certainty-subcomponent-rating","content":"complete","concept":[{"code":"no-change","display":"no change to rating","definition":"no change to quality rating."},{"code":"downcode1","display":"reduce rating: -1","definition":"reduce quality rating by 1."},{"code":"downcode2","display":"reduce rating: -2","definition":"reduce quality rating by 2."},{"code":"downcode3","display":"reduce rating: -3","definition":"reduce quality rating by 3."},{"code":"upcode1","display":"increase rating: +1","definition":"increase quality rating by 1."},{"code":"upcode2","display":"increase rating: +2","definition":"increase quality rating by 2."},{"code":"no-concern","display":"no serious concern","definition":"no serious concern."},{"code":"serious-concern","display":"serious concern","definition":"serious concern."},{"code":"critical-concern","display":"critical concern","definition":"critical concern."},{"code":"present","display":"present","definition":"possible reason for increasing quality rating was checked and found to bepresent."},{"code":"absent","display":"absent","definition":"possible reason for increasing quality rating was checked and found to be absent."}]}