{"resourceType":"CodeSystem","id":"ISO3166Part3","text":{"status":"generated","div":"<div xmlns=\"http://www.w3.org/1999/xhtml\"><p>This code system <code>urn:iso:std:iso:3166:-3</code> defines codes, but no codes are represented here</p></div>"},"url":"urn:iso:std:iso:3166:-3","version":"1.0.0","name":"ISO3166Part3","title":"ISO 3166-3 Codes for the representation of names of countries and their subdivisions — Part 3: Code for formerly used names of countries","status":"active","experimental":false,"date":"2022-08-23T00:00:00-00:00","publisher":"International Organization for Standardization (ISO)","contact":[{"name":"International Organization for Standardization (ISO)","telecom":[{"system":"url","value":"https://www.iso.org/"}]}],"description":"ISO 3166-3 establishes a code that represents non-current country names, i.e. the country names deleted from ISO 3166 since its first publication in 1974.","copyright":"ISO Maintains the copyright on the country codes, and controls it's use carefully. For futher details see the ISO 3166 web page: https://www.iso.org/iso-3166-country-codes.html","caseSensitive":true,"content":"not-present"}