{"resourceType":"CodeSystem","id":"icd10","text":{"status":"generated","div":"<div xmlns=\"http://www.w3.org/1999/xhtml\"><p>This code system <code>http://hl7.org/fhir/sid/icd-10</code> defines codes, but no codes are represented here</p></div>"},"url":"http://hl7.org/fhir/sid/icd-10","identifier":[{"system":"urn:ietf:rfc:3986","value":"urn:oid:2.16.840.1.113883.6.3"}],"version":"2.1.1","name":"Icd10","title":"ICD-10","status":"retired","experimental":false,"date":"2021-11-09T10:00:00+10:00","publisher":"TBD - External Body","contact":[{"name":"World Health Organization"}],"description":"International Classification of Diseases revision 10 (ICD 10)","caseSensitive":true,"content":"not-present"}