{"resourceType":"CodeSystem","id":"immunization-origin","meta":{"lastUpdated":"2020-04-09T21:10:28.568+00:00","profile":["http://hl7.org/fhir/StructureDefinition/shareablecodesystem"]},"text":{"status":"generated","div":"<div xmlns=\"http://www.w3.org/1999/xhtml\"><p>This code system <code>http://terminology.hl7.org/CodeSystem/immunization-origin</code> defines the following codes:</p><table class=\"codes\"><tr><td style=\"white-space:nowrap\"><b>Code</b></td><td><b>Display</b></td><td><b>Definition</b></td></tr><tr><td style=\"white-space:nowrap\">provider<a name=\"immunization-origin-provider\"> </a></td><td>Other Provider</td><td>The data for the immunization event originated with another provider.</td></tr><tr><td style=\"white-space:nowrap\">record<a name=\"immunization-origin-record\"> </a></td><td>Written Record</td><td>The data for the immunization event originated with a written record for the patient.</td></tr><tr><td style=\"white-space:nowrap\">recall<a name=\"immunization-origin-recall\"> </a></td><td>Parent/Guardian/Patient Recall</td><td>The data for the immunization event originated from the recollection of the patient or parent/guardian of the patient.</td></tr><tr><td style=\"white-space:nowrap\">school<a name=\"immunization-origin-school\"> </a></td><td>School Record</td><td>The data for the immunization event originated with a school record for the patient.</td></tr><tr><td style=\"white-space:nowrap\">jurisdiction<a name=\"immunization-origin-jurisdiction\"> </a></td><td>Jurisdictional IIS</td><td>The data for the immunization event originated with an immunization information system (IIS) or registry operating within the jurisdiction.</td></tr></table></div>"},"extension":[{"url":"http://hl7.org/fhir/StructureDefinition/structuredefinition-wg","valueCode":"pher"},{"url":"http://hl7.org/fhir/StructureDefinition/structuredefinition-fmm","valueInteger":1}],"url":"http://terminology.hl7.org/CodeSystem/immunization-origin","identifier":[{"system":"urn:ietf:rfc:3986","value":"urn:oid:2.16.840.1.113883.4.642.1.1101"}],"version":"0.1.0","name":"ImmunizationOriginCodes","title":"Immunization Origin Codes","status":"draft","experimental":false,"date":"2023-07-18T00:43:45-06:00","publisher":"FHIR Project team","contact":[{"telecom":[{"system":"url","value":"http://www.hl7.org/Special/committees/pher/index.cfm"}]}],"description":"The value set to instantiate this attribute should be drawn from a terminologically robust code system that consists of or contains concepts to support describing the source of the data when the report of the immunization event is not based on information from the person, entity or organization who administered the vaccine. This value set is provided as a suggestive example.","caseSensitive":true,"content":"complete","concept":[{"code":"provider","display":"Other Provider","definition":"The data for the immunization event originated with another provider."},{"code":"record","display":"Written Record","definition":"The data for the immunization event originated with a written record for the patient."},{"code":"recall","display":"Parent/Guardian/Patient Recall","definition":"The data for the immunization event originated from the recollection of the patient or parent/guardian of the patient."},{"code":"school","display":"School Record","definition":"The data for the immunization event originated with a school record for the patient."},{"code":"jurisdiction","display":"Jurisdictional IIS","definition":"The data for the immunization event originated with an immunization information system (IIS) or registry operating within the jurisdiction."}]}