{"resourceType":"CodeSystem","id":"goal-category","meta":{"lastUpdated":"2020-04-09T21:10:28.568+00:00","profile":["http://hl7.org/fhir/StructureDefinition/shareablecodesystem"]},"text":{"status":"generated","div":"<div xmlns=\"http://www.w3.org/1999/xhtml\"><p>This code system <code>http://terminology.hl7.org/CodeSystem/goal-category</code> defines the following codes:</p><table class=\"codes\"><tr><td style=\"white-space:nowrap\"><b>Code</b></td><td><b>Display</b></td><td><b>Definition</b></td></tr><tr><td style=\"white-space:nowrap\">dietary<a name=\"goal-category-dietary\"> </a></td><td>Dietary</td><td>Goals related to the consumption of food and/or beverages.</td></tr><tr><td style=\"white-space:nowrap\">safety<a name=\"goal-category-safety\"> </a></td><td>Safety</td><td>Goals related to the personal protection of the subject.</td></tr><tr><td style=\"white-space:nowrap\">behavioral<a name=\"goal-category-behavioral\"> </a></td><td>Behavioral</td><td>Goals related to the manner in which the subject acts.</td></tr><tr><td style=\"white-space:nowrap\">nursing<a name=\"goal-category-nursing\"> </a></td><td>Nursing</td><td>Goals related to the practice of nursing or established by nurses.</td></tr><tr><td style=\"white-space:nowrap\">physiotherapy<a name=\"goal-category-physiotherapy\"> </a></td><td>Physiotherapy</td><td>Goals related to the mobility and/or motor capability of the subject.</td></tr></table></div>"},"extension":[{"url":"http://hl7.org/fhir/StructureDefinition/structuredefinition-wg","valueCode":"pc"},{"url":"http://hl7.org/fhir/StructureDefinition/structuredefinition-fmm","valueInteger":1}],"url":"http://terminology.hl7.org/CodeSystem/goal-category","identifier":[{"system":"urn:ietf:rfc:3986","value":"urn:oid:2.16.840.1.113883.4.642.1.1097"}],"version":"0.1.0","name":"GoalCategory","title":"Goal category","status":"draft","experimental":false,"date":"2023-07-18T00:43:45-06:00","publisher":"HL7 International - Patient Care WG","contact":[{"telecom":[{"system":"url","value":"http://www.hl7.org/Special/committees/patientcare/"}]}],"description":"Example codes for grouping goals to use for filtering or presentation.","caseSensitive":true,"valueSet":"http://terminology.hl7.org/ValueSet/goal-category","content":"complete","concept":[{"code":"dietary","display":"Dietary","definition":"Goals related to the consumption of food and/or beverages."},{"code":"safety","display":"Safety","definition":"Goals related to the personal protection of the subject."},{"code":"behavioral","display":"Behavioral","definition":"Goals related to the manner in which the subject acts."},{"code":"nursing","display":"Nursing","definition":"Goals related to the practice of nursing or established by nurses."},{"code":"physiotherapy","display":"Physiotherapy","definition":"Goals related to the mobility and/or motor capability of the subject."}]}