{"resourceType":"CodeSystem","id":"hl7-work-group","meta":{"lastUpdated":"2020-04-09T21:10:28.568+00:00"},"text":{"status":"generated","div":"<div xmlns=\"http://www.w3.org/1999/xhtml\"><p>This code system <code>http://terminology.hl7.org/CodeSystem/hl7-work-group</code> defines the following codes:</p><table class=\"codes\"><tr><td style=\"white-space:nowrap\"><b>Code</b></td><td><b>Display</b></td><td><b>Definition</b></td></tr><tr><td style=\"white-space:nowrap\">cbcc<a name=\"hl7-work-group-cbcc\"> </a></td><td>Community Based Collaborative Care</td><td>Community Based Collaborative Care (http://www.hl7.org/Special/committees/cbcc/index.cfm).</td></tr><tr><td style=\"white-space:nowrap\">cds<a name=\"hl7-work-group-cds\"> </a></td><td>Clinical Decision Support</td><td>Clinical Decision Support (http://www.hl7.org/Special/committees/dss/index.cfm).</td></tr><tr><td style=\"white-space:nowrap\">cqi<a name=\"hl7-work-group-cqi\"> </a></td><td>Clinical Quality Information</td><td>Clinical Quality Information (http://www.hl7.org/Special/committees/cqi/index.cfm).</td></tr><tr><td style=\"white-space:nowrap\">cg<a name=\"hl7-work-group-cg\"> </a></td><td>Clinical Genomics</td><td>Clinical Genomics (http://www.hl7.org/Special/committees/clingenomics/index.cfm).</td></tr><tr><td style=\"white-space:nowrap\">dev<a name=\"hl7-work-group-dev\"> </a></td><td>Health Care Devices</td><td>Health Care Devices (http://www.hl7.org/Special/committees/healthcaredevices/index.cfm).</td></tr><tr><td style=\"white-space:nowrap\">ehr<a name=\"hl7-work-group-ehr\"> </a></td><td>Electronic Health Records</td><td>Electronic Health Records (http://www.hl7.org/special/committees/ehr/index.cfm).</td></tr><tr><td style=\"white-space:nowrap\">fhir<a name=\"hl7-work-group-fhir\"> </a></td><td>FHIR Infrastructure</td><td>FHIR Infrastructure (http://www.hl7.org/Special/committees/fiwg/index.cfm).</td></tr><tr><td style=\"white-space:nowrap\">fm<a name=\"hl7-work-group-fm\"> </a></td><td>Financial Management</td><td>Financial Management (http://www.hl7.org/Special/committees/fm/index.cfm).</td></tr><tr><td style=\"white-space:nowrap\">hsi<a name=\"hl7-work-group-hsi\"> </a></td><td>Health Standards Integration</td><td>Health Standards Integration (http://www.hl7.org/Special/committees/hsi/index.cfm).</td></tr><tr><td style=\"white-space:nowrap\">ii<a name=\"hl7-work-group-ii\"> </a></td><td>Imaging Integration</td><td>Imaging Integration (http://www.hl7.org/Special/committees/imagemgt/index.cfm).</td></tr><tr><td style=\"white-space:nowrap\">inm<a name=\"hl7-work-group-inm\"> </a></td><td>Infrastructure And Messaging</td><td>Infrastructure And Messaging (http://www.hl7.org/special/committees/inm/index.cfm).</td></tr><tr><td style=\"white-space:nowrap\">its<a name=\"hl7-work-group-its\"> </a></td><td>Implementable Technology Specifications</td><td>Implementable Technology Specifications (http://www.hl7.org/special/committees/xml/index.cfm).</td></tr><tr><td style=\"white-space:nowrap\">mnm<a name=\"hl7-work-group-mnm\"> </a></td><td>Modeling and Methodology</td><td>Modeling and Methodology (http://www.hl7.org/Special/committees/mnm/index.cfm).</td></tr><tr><td style=\"white-space:nowrap\">oo<a name=\"hl7-work-group-oo\"> </a></td><td>Orders and Observations</td><td>Orders and Observations (http://www.hl7.org/Special/committees/orders/index.cfm).</td></tr><tr><td style=\"white-space:nowrap\">pa<a name=\"hl7-work-group-pa\"> </a></td><td>Patient Administration</td><td>Patient Administration (http://www.hl7.org/Special/committees/pafm/index.cfm).</td></tr><tr><td style=\"white-space:nowrap\">pc<a name=\"hl7-work-group-pc\"> </a></td><td>Patient Care</td><td>Patient Care (http://www.hl7.org/Special/committees/patientcare/index.cfm).</td></tr><tr><td style=\"white-space:nowrap\">pher<a name=\"hl7-work-group-pher\"> </a></td><td>Public Health and Emergency Response</td><td>Public Health and Emergency Response (http://www.hl7.org/Special/committees/pher/index.cfm).</td></tr><tr><td style=\"white-space:nowrap\">phx<a name=\"hl7-work-group-phx\"> </a></td><td>Pharmacy</td><td>Pharmacy (http://www.hl7.org/Special/committees/medication/index.cfm).</td></tr><tr><td style=\"white-space:nowrap\">brr<a name=\"hl7-work-group-brr\"> </a></td><td>Biomedical Research and Regulation</td><td>Biomedical Research and Regulation (http://www.hl7.org/Special/committees/rcrim/index.cfm).</td></tr><tr><td style=\"white-space:nowrap\">sd<a name=\"hl7-work-group-sd\"> </a></td><td>Structured Documents</td><td>Structured Documents (http://www.hl7.org/Special/committees/structure/index.cfm).</td></tr><tr><td style=\"white-space:nowrap\">sec<a name=\"hl7-work-group-sec\"> </a></td><td>Security</td><td>Security (http://www.hl7.org/Special/committees/secure/index.cfm).</td></tr><tr><td style=\"white-space:nowrap\">us<a name=\"hl7-work-group-us\"> </a></td><td>US Realm Taskforce</td><td>US Realm Taskforce (http://www.hl7.org/Special/committees/usrealm/index.cfm).</td></tr><tr><td style=\"white-space:nowrap\">vocab<a name=\"hl7-work-group-vocab\"> </a></td><td>Terminology Infrastructure</td><td>Terminology Infrastructure (http://www.hl7.org/Special/committees/Vocab/index.cfm).</td></tr><tr><td style=\"white-space:nowrap\">aid<a name=\"hl7-work-group-aid\"> </a></td><td>Application Implementation and Design</td><td>Application Implementation and Design (http://www.hl7.org/Special/committees/java/index.cfm).</td></tr><tr><td style=\"white-space:nowrap\">att<a name=\"hl7-work-group-att\"> </a></td><td>Clinical Attachments</td><td>Clinical Attachments Workgroup (inactive since mid-2018; work subsumed by Structured Documents and Financial Management).  Retained for backwards-compatibility only.</td></tr></table></div>"},"url":"http://terminology.hl7.org/CodeSystem/hl7-work-group","identifier":[{"system":"urn:ietf:rfc:3986","value":"urn:oid:2.16.840.1.113883.4.642.1.1277"}],"version":"5.0.0","name":"HL7Workgroup","title":"HL7Workgroup","status":"active","experimental":false,"date":"2020-04-09T21:10:28+00:00","publisher":"HL7 (FHIR Project)","contact":[{"telecom":[{"system":"url","value":"http://hl7.org/fhir"},{"system":"email","value":"fhir@lists.hl7.org"}]}],"description":"An HL7 administrative unit that owns artifacts in the FHIR specification.","caseSensitive":true,"valueSet":"http://terminology.hl7.org/ValueSet/hl7-work-group","content":"complete","concept":[{"code":"cbcc","display":"Community Based Collaborative Care","definition":"Community Based Collaborative Care (http://www.hl7.org/Special/committees/cbcc/index.cfm)."},{"code":"cds","display":"Clinical Decision Support","definition":"Clinical Decision Support (http://www.hl7.org/Special/committees/dss/index.cfm)."},{"code":"cqi","display":"Clinical Quality Information","definition":"Clinical Quality Information (http://www.hl7.org/Special/committees/cqi/index.cfm)."},{"code":"cg","display":"Clinical Genomics","definition":"Clinical Genomics (http://www.hl7.org/Special/committees/clingenomics/index.cfm)."},{"code":"dev","display":"Health Care Devices","definition":"Health Care Devices (http://www.hl7.org/Special/committees/healthcaredevices/index.cfm)."},{"code":"ehr","display":"Electronic Health Records","definition":"Electronic Health Records (http://www.hl7.org/special/committees/ehr/index.cfm)."},{"code":"fhir","display":"FHIR Infrastructure","definition":"FHIR Infrastructure (http://www.hl7.org/Special/committees/fiwg/index.cfm)."},{"code":"fm","display":"Financial Management","definition":"Financial Management (http://www.hl7.org/Special/committees/fm/index.cfm)."},{"code":"hsi","display":"Health Standards Integration","definition":"Health Standards Integration (http://www.hl7.org/Special/committees/hsi/index.cfm)."},{"code":"ii","display":"Imaging Integration","definition":"Imaging Integration (http://www.hl7.org/Special/committees/imagemgt/index.cfm)."},{"code":"inm","display":"Infrastructure And Messaging","definition":"Infrastructure And Messaging (http://www.hl7.org/special/committees/inm/index.cfm)."},{"code":"its","display":"Implementable Technology Specifications","definition":"Implementable Technology Specifications (http://www.hl7.org/special/committees/xml/index.cfm)."},{"code":"mnm","display":"Modeling and Methodology","definition":"Modeling and Methodology (http://www.hl7.org/Special/committees/mnm/index.cfm)."},{"code":"oo","display":"Orders and Observations","definition":"Orders and Observations (http://www.hl7.org/Special/committees/orders/index.cfm)."},{"code":"pa","display":"Patient Administration","definition":"Patient Administration (http://www.hl7.org/Special/committees/pafm/index.cfm)."},{"code":"pc","display":"Patient Care","definition":"Patient Care (http://www.hl7.org/Special/committees/patientcare/index.cfm)."},{"code":"pher","display":"Public Health and Emergency Response","definition":"Public Health and Emergency Response (http://www.hl7.org/Special/committees/pher/index.cfm)."},{"code":"phx","display":"Pharmacy","definition":"Pharmacy (http://www.hl7.org/Special/committees/medication/index.cfm)."},{"code":"brr","display":"Biomedical Research and Regulation","definition":"Biomedical Research and Regulation (http://www.hl7.org/Special/committees/rcrim/index.cfm)."},{"code":"sd","display":"Structured Documents","definition":"Structured Documents (http://www.hl7.org/Special/committees/structure/index.cfm)."},{"code":"sec","display":"Security","definition":"Security (http://www.hl7.org/Special/committees/secure/index.cfm)."},{"code":"us","display":"US Realm Taskforce","definition":"US Realm Taskforce (http://www.hl7.org/Special/committees/usrealm/index.cfm)."},{"code":"vocab","display":"Terminology Infrastructure","definition":"Terminology Infrastructure (http://www.hl7.org/Special/committees/Vocab/index.cfm)."},{"code":"aid","display":"Application Implementation and Design","definition":"Application Implementation and Design (http://www.hl7.org/Special/committees/java/index.cfm)."},{"code":"att","display":"Clinical Attachments","definition":"Clinical Attachments Workgroup (inactive since mid-2018; work subsumed by Structured Documents and Financial Management).  Retained for backwards-compatibility only."}]}