{"resourceType":"CodeSystem","id":"ex-diagnosisrelatedgroup","meta":{"lastUpdated":"2020-04-09T21:10:28.568+00:00","profile":["http://hl7.org/fhir/StructureDefinition/shareablecodesystem"]},"text":{"status":"generated","div":"<div xmlns=\"http://www.w3.org/1999/xhtml\"><p>This code system <code>http://terminology.hl7.org/CodeSystem/ex-diagnosisrelatedgroup</code> defines the following codes:</p><table class=\"codes\"><tr><td style=\"white-space:nowrap\"><b>Code</b></td><td><b>Display</b></td><td><b>Definition</b></td></tr><tr><td style=\"white-space:nowrap\">100<a name=\"ex-diagnosisrelatedgroup-100\"> </a></td><td>Normal Vaginal Delivery</td><td>Normal Vaginal Delivery.</td></tr><tr><td style=\"white-space:nowrap\">101<a name=\"ex-diagnosisrelatedgroup-101\"> </a></td><td>Appendectomy - uncomplicated</td><td>Appendectomy without rupture or other complications.</td></tr><tr><td style=\"white-space:nowrap\">300<a name=\"ex-diagnosisrelatedgroup-300\"> </a></td><td>Tooth abscess</td><td>Emergency department treatment of a tooth abscess.</td></tr><tr><td style=\"white-space:nowrap\">400<a name=\"ex-diagnosisrelatedgroup-400\"> </a></td><td>Head trauma - concussion</td><td>Head trauma - concussion.</td></tr></table></div>"},"extension":[{"url":"http://hl7.org/fhir/StructureDefinition/structuredefinition-wg","valueCode":"fm"},{"url":"http://hl7.org/fhir/StructureDefinition/structuredefinition-fmm","valueInteger":1}],"url":"http://terminology.hl7.org/CodeSystem/ex-diagnosisrelatedgroup","identifier":[{"system":"urn:ietf:rfc:3986","value":"urn:oid:2.16.840.1.113883.4.642.1.1166"}],"version":"0.1.0","name":"ExampleDiagnosisRelatedGroupCodes","title":"Example Diagnosis Related Group Codes","status":"draft","experimental":false,"date":"2023-07-18T00:43:45-06:00","publisher":"Financial Management","contact":[{"telecom":[{"system":"url","value":"http://hl7.org/fhir"}]}],"description":"This value set includes example Diagnosis Related Group codes.","copyright":"This is an example set.","caseSensitive":true,"valueSet":"http://terminology.hl7.org/ValueSet/ex-diagnosisrelatedgroup","content":"complete","concept":[{"code":"100","display":"Normal Vaginal Delivery","definition":"Normal Vaginal Delivery."},{"code":"101","display":"Appendectomy - uncomplicated","definition":"Appendectomy without rupture or other complications."},{"code":"300","display":"Tooth abscess","definition":"Emergency department treatment of a tooth abscess."},{"code":"400","display":"Head trauma - concussion","definition":"Head trauma - concussion."}]}