{"resourceType":"CodeSystem","id":"list-example-use-codes","meta":{"lastUpdated":"2020-04-09T21:10:28.568+00:00","profile":["http://hl7.org/fhir/StructureDefinition/shareablecodesystem"]},"text":{"status":"generated","div":"<div xmlns=\"http://www.w3.org/1999/xhtml\"><p>This code system <code>http://terminology.hl7.org/CodeSystem/list-example-use-codes</code> defines the following codes:</p><table class=\"codes\"><tr><td style=\"white-space:nowrap\"><b>Code</b></td><td><b>Display</b></td><td><b>Definition</b></td></tr><tr><td style=\"white-space:nowrap\">alerts<a name=\"list-example-use-codes-alerts\"> </a></td><td>Alerts</td><td>A list of alerts for the patient.</td></tr><tr><td style=\"white-space:nowrap\">adverserxns<a name=\"list-example-use-codes-adverserxns\"> </a></td><td>Adverse Reactions</td><td>A list of part adverse reactions.</td></tr><tr><td style=\"white-space:nowrap\">allergies<a name=\"list-example-use-codes-allergies\"> </a></td><td>Allergies</td><td>A list of Allergies for the patient.</td></tr><tr><td style=\"white-space:nowrap\">medications<a name=\"list-example-use-codes-medications\"> </a></td><td>Medication List</td><td>A list of medication statements for the patient.</td></tr><tr><td style=\"white-space:nowrap\">problems<a name=\"list-example-use-codes-problems\"> </a></td><td>Problem List</td><td>A list of problems that the patient is known of have (or have had in the past).</td></tr><tr><td style=\"white-space:nowrap\">worklist<a name=\"list-example-use-codes-worklist\"> </a></td><td>Worklist</td><td>A list of items that constitute a set of work to be performed (typically this code would be specialized for more specific uses, such as a ward round list).</td></tr><tr><td style=\"white-space:nowrap\">waiting<a name=\"list-example-use-codes-waiting\"> </a></td><td>Waiting List</td><td>A list of items waiting for an event (perhaps a surgical patient waiting list).</td></tr><tr><td style=\"white-space:nowrap\">protocols<a name=\"list-example-use-codes-protocols\"> </a></td><td>Protocols</td><td>A set of protocols to be followed.</td></tr><tr><td style=\"white-space:nowrap\">plans<a name=\"list-example-use-codes-plans\"> </a></td><td>Care Plans</td><td>A set of care plans that apply in a particular context of care.</td></tr></table></div>"},"extension":[{"url":"http://hl7.org/fhir/StructureDefinition/structuredefinition-wg","valueCode":"fhir"},{"url":"http://hl7.org/fhir/StructureDefinition/structuredefinition-fmm","valueInteger":1}],"url":"http://terminology.hl7.org/CodeSystem/list-example-use-codes","identifier":[{"system":"urn:ietf:rfc:3986","value":"urn:oid:2.16.840.1.113883.4.642.1.1105"}],"version":"0.1.0","name":"ExampleUseCodesForList","title":"Example Use Codes for List","status":"draft","experimental":false,"date":"2023-07-18T00:43:45-06:00","publisher":"FHIR Project","contact":[{"telecom":[{"system":"url","value":"http://hl7.org/fhir"}]}],"description":"Example use codes for the List resource - typical kinds of use.","caseSensitive":true,"valueSet":"http://terminology.hl7.org/ValueSet/list-example-codes","content":"complete","concept":[{"code":"alerts","display":"Alerts","definition":"A list of alerts for the patient."},{"code":"adverserxns","display":"Adverse Reactions","definition":"A list of part adverse reactions."},{"code":"allergies","display":"Allergies","definition":"A list of Allergies for the patient."},{"code":"medications","display":"Medication List","definition":"A list of medication statements for the patient."},{"code":"problems","display":"Problem List","definition":"A list of problems that the patient is known of have (or have had in the past)."},{"code":"worklist","display":"Worklist","definition":"A list of items that constitute a set of work to be performed (typically this code would be specialized for more specific uses, such as a ward round list)."},{"code":"waiting","display":"Waiting List","definition":"A list of items waiting for an event (perhaps a surgical patient waiting list)."},{"code":"protocols","display":"Protocols","definition":"A set of protocols to be followed."},{"code":"plans","display":"Care Plans","definition":"A set of care plans that apply in a particular context of care."}]}