{"resourceType":"CodeSystem","id":"v2-0009","text":{"status":"generated","div":"<div xmlns=\"http://www.w3.org/1999/xhtml\"><p><b>Properties</b></p><p><b>This code system  defines the following properties for its concepts</b></p><table class=\"grid\"><tr><td><b>Code</b></td><td><b>URI</b></td><td><b>Type</b></td><td><b>Description</b></td></tr><tr><td>status</td><td>http://terminology.hl7.org/CodeSystem/utg-concept-properties#status</td><td>code</td><td>Status of the concept</td></tr><tr><td>deprecated</td><td>http://terminology.hl7.org/CodeSystem/utg-concept-properties#v2-table-deprecated</td><td>code</td><td>Version of HL7 in which the code was deprecated</td></tr></table><p><b>Concepts</b></p><p>This code system <code>http://terminology.hl7.org/CodeSystem/v2-0009</code> defines the following codes:</p><table class=\"codes\"><tr><td style=\"white-space:nowrap\"><b>Code</b></td><td><b>Display</b></td><td><b>Definition</b></td><td><b>Deutsch (German, de)</b></td></tr><tr><td style=\"white-space:nowrap\">A0<a name=\"v2-0009-A0\"> </a></td><td>No functional limitations</td><td>No functional limitations</td><td>Keine funktionalen Einschränkungen</td></tr><tr><td style=\"white-space:nowrap\">A1<a name=\"v2-0009-A1\"> </a></td><td>Ambulates with assistive device</td><td>Ambulates with assistive device</td><td>Patient benötigt Hilfsmittel</td></tr><tr><td style=\"white-space:nowrap\">A2<a name=\"v2-0009-A2\"> </a></td><td>Wheelchair/stretcher bound</td><td>Wheelchair/stretcher bound</td><td>Rollstuhl / Trage notwendig</td></tr><tr><td style=\"white-space:nowrap\">A3<a name=\"v2-0009-A3\"> </a></td><td>Comatose; non-responsive</td><td>Comatose; non-responsive</td><td>Komatös; nicht ansprechbar</td></tr><tr><td style=\"white-space:nowrap\">A4<a name=\"v2-0009-A4\"> </a></td><td>Disoriented</td><td>Disoriented</td><td>Desorientiert</td></tr><tr><td style=\"white-space:nowrap\">A5<a name=\"v2-0009-A5\"> </a></td><td>Vision impaired</td><td>Vision impaired</td><td>Sehstörung</td></tr><tr><td style=\"white-space:nowrap\">A6<a name=\"v2-0009-A6\"> </a></td><td>Hearing impaired</td><td>Hearing impaired</td><td>Schwerhörigkeit</td></tr><tr><td style=\"white-space:nowrap\">A7<a name=\"v2-0009-A7\"> </a></td><td>Speech impaired</td><td>Speech impaired</td><td>Sprachstörung</td></tr><tr><td style=\"white-space:nowrap\">A8<a name=\"v2-0009-A8\"> </a></td><td>Non-English speaking</td><td>Non-English speaking</td><td>der Landessprache nicht mächtig</td></tr><tr><td style=\"white-space:nowrap\">A9<a name=\"v2-0009-A9\"> </a></td><td>Functional level unknown</td><td>Functional level unknown</td><td>Unbekannter Zustand</td></tr><tr><td style=\"white-space:nowrap\">B1<a name=\"v2-0009-B1\"> </a></td><td>Oxygen therapy</td><td>Oxygen therapy</td><td>Sauerstofftherapie</td></tr><tr><td style=\"white-space:nowrap\">B2<a name=\"v2-0009-B2\"> </a></td><td>Special equipment (tubes, IVs, catheters)</td><td>Special equipment (tubes, IVs, catheters)</td><td>Besondere Hilsfmittel</td></tr><tr><td style=\"white-space:nowrap\">B3<a name=\"v2-0009-B3\"> </a></td><td>Amputee</td><td>Amputee</td><td>Amputation</td></tr><tr><td style=\"white-space:nowrap\">B4<a name=\"v2-0009-B4\"> </a></td><td>Mastectomy</td><td>Mastectomy</td><td>Brustamputation</td></tr><tr><td style=\"white-space:nowrap\">B5<a name=\"v2-0009-B5\"> </a></td><td>Paraplegic</td><td>Paraplegic</td><td>(Querschnitt-) Lähmung</td></tr><tr><td style=\"white-space:nowrap\">B6<a name=\"v2-0009-B6\"> </a></td><td>Pregnant</td><td>Pregnant</td><td>Schwanger</td></tr></table></div>"},"extension":[{"url":"http://hl7.org/fhir/StructureDefinition/structuredefinition-wg","valueCode":"pa"}],"url":"http://terminology.hl7.org/CodeSystem/v2-0009","identifier":[{"system":"urn:ietf:rfc:3986","value":"urn:oid:2.16.840.1.113883.18.11"}],"version":"2.1.0","name":"AmbulatoryStatus","title":"ambulatoryStatus","status":"active","experimental":false,"date":"2019-12-01","publisher":"HL7, Inc","contact":[{"telecom":[{"system":"url","value":"http://www.hl7.org/"}]}],"description":"Code system of concepts specifying permanent or transient handicapped conditions of a person.  Used in HL7 Version 2.x messaging in the PV1 segment.","purpose":"Underlying Master Code System for V2 table 0009 (Ambulatory Status)","copyright":"Copyright HL7. Licensed under creative commons public domain","caseSensitive":true,"valueSet":"http://terminology.hl7.org/ValueSet/v2-0009","hierarchyMeaning":"is-a","compositional":false,"versionNeeded":false,"content":"complete","property":[{"code":"status","uri":"http://terminology.hl7.org/CodeSystem/utg-concept-properties#status","description":"Status of the concept","type":"code"},{"code":"deprecated","uri":"http://terminology.hl7.org/CodeSystem/utg-concept-properties#v2-table-deprecated","description":"Version of HL7 in which the code was deprecated","type":"code"}],"concept":[{"id":"635","code":"A0","display":"No functional limitations","definition":"No functional limitations","designation":[{"language":"de","use":{"system":"http://terminology.hl7.org/CodeSystem/hl7TermMaintInfra","code":"preferredForLanguage"},"value":"Keine funktionalen Einschränkungen"}],"property":[{"code":"status","valueCode":"A"}]},{"id":"636","code":"A1","display":"Ambulates with assistive device","definition":"Ambulates with assistive device","designation":[{"language":"de","use":{"system":"http://terminology.hl7.org/CodeSystem/hl7TermMaintInfra","code":"preferredForLanguage"},"value":"Patient benötigt Hilfsmittel"}],"property":[{"code":"status","valueCode":"A"}]},{"id":"637","code":"A2","display":"Wheelchair/stretcher bound","definition":"Wheelchair/stretcher bound","designation":[{"language":"de","use":{"system":"http://terminology.hl7.org/CodeSystem/hl7TermMaintInfra","code":"preferredForLanguage"},"value":"Rollstuhl / Trage notwendig"}],"property":[{"code":"status","valueCode":"A"}]},{"id":"638","code":"A3","display":"Comatose; non-responsive","definition":"Comatose; non-responsive","designation":[{"language":"de","use":{"system":"http://terminology.hl7.org/CodeSystem/hl7TermMaintInfra","code":"preferredForLanguage"},"value":"Komatös; nicht ansprechbar"}],"property":[{"code":"status","valueCode":"A"}]},{"id":"639","code":"A4","display":"Disoriented","definition":"Disoriented","designation":[{"language":"de","use":{"system":"http://terminology.hl7.org/CodeSystem/hl7TermMaintInfra","code":"preferredForLanguage"},"value":"Desorientiert"}],"property":[{"code":"status","valueCode":"A"}]},{"id":"640","code":"A5","display":"Vision impaired","definition":"Vision impaired","designation":[{"language":"de","use":{"system":"http://terminology.hl7.org/CodeSystem/hl7TermMaintInfra","code":"preferredForLanguage"},"value":"Sehstörung"}],"property":[{"code":"status","valueCode":"A"}]},{"id":"641","code":"A6","display":"Hearing impaired","definition":"Hearing impaired","designation":[{"language":"de","use":{"system":"http://terminology.hl7.org/CodeSystem/hl7TermMaintInfra","code":"preferredForLanguage"},"value":"Schwerhörigkeit"}],"property":[{"code":"status","valueCode":"A"}]},{"id":"642","code":"A7","display":"Speech impaired","definition":"Speech impaired","designation":[{"language":"de","use":{"system":"http://terminology.hl7.org/CodeSystem/hl7TermMaintInfra","code":"preferredForLanguage"},"value":"Sprachstörung"}],"property":[{"code":"status","valueCode":"A"}]},{"id":"643","code":"A8","display":"Non-English speaking","definition":"Non-English speaking","designation":[{"language":"de","use":{"system":"http://terminology.hl7.org/CodeSystem/hl7TermMaintInfra","code":"preferredForLanguage"},"value":"der Landessprache nicht mächtig"}],"property":[{"code":"status","valueCode":"A"}]},{"id":"644","code":"A9","display":"Functional level unknown","definition":"Functional level unknown","designation":[{"language":"de","use":{"system":"http://terminology.hl7.org/CodeSystem/hl7TermMaintInfra","code":"preferredForLanguage"},"value":"Unbekannter Zustand"}],"property":[{"code":"status","valueCode":"A"}]},{"id":"645","code":"B1","display":"Oxygen therapy","definition":"Oxygen therapy","designation":[{"language":"de","use":{"system":"http://terminology.hl7.org/CodeSystem/hl7TermMaintInfra","code":"preferredForLanguage"},"value":"Sauerstofftherapie"}],"property":[{"code":"status","valueCode":"A"}]},{"id":"646","code":"B2","display":"Special equipment (tubes, IVs, catheters)","definition":"Special equipment (tubes, IVs, catheters)","designation":[{"language":"de","use":{"system":"http://terminology.hl7.org/CodeSystem/hl7TermMaintInfra","code":"preferredForLanguage"},"value":"Besondere Hilsfmittel"}],"property":[{"code":"status","valueCode":"A"}]},{"id":"647","code":"B3","display":"Amputee","definition":"Amputee","designation":[{"language":"de","use":{"system":"http://terminology.hl7.org/CodeSystem/hl7TermMaintInfra","code":"preferredForLanguage"},"value":"Amputation"}],"property":[{"code":"status","valueCode":"A"}]},{"id":"648","code":"B4","display":"Mastectomy","definition":"Mastectomy","designation":[{"language":"de","use":{"system":"http://terminology.hl7.org/CodeSystem/hl7TermMaintInfra","code":"preferredForLanguage"},"value":"Brustamputation"}],"property":[{"code":"status","valueCode":"A"}]},{"id":"649","code":"B5","display":"Paraplegic","definition":"Paraplegic","designation":[{"language":"de","use":{"system":"http://terminology.hl7.org/CodeSystem/hl7TermMaintInfra","code":"preferredForLanguage"},"value":"(Querschnitt-) Lähmung"}],"property":[{"code":"status","valueCode":"A"}]},{"id":"650","code":"B6","display":"Pregnant","definition":"Pregnant","designation":[{"language":"de","use":{"system":"http://terminology.hl7.org/CodeSystem/hl7TermMaintInfra","code":"preferredForLanguage"},"value":"Schwanger"}],"property":[{"code":"status","valueCode":"A"}]}]}