{"resourceType":"CodeSystem","id":"media-category","meta":{"lastUpdated":"2020-04-09T21:10:28.568+00:00"},"text":{"status":"generated","div":"<div xmlns=\"http://www.w3.org/1999/xhtml\"><p>This code system <code>http://terminology.hl7.org/CodeSystem/media-category</code> defines the following codes:</p><table class=\"codes\"><tr><td style=\"white-space:nowrap\"><b>Code</b></td><td><b>Display</b></td><td><b>Definition</b></td></tr><tr><td style=\"white-space:nowrap\">image<a name=\"media-category-image\"> </a></td><td>Image</td><td>The media consists of one or more unmoving images, including photographs, computer-generated graphs and charts, and scanned documents</td></tr><tr><td style=\"white-space:nowrap\">video<a name=\"media-category-video\"> </a></td><td>Video</td><td>The media consists of a series of frames that capture a moving image</td></tr><tr><td style=\"white-space:nowrap\">audio<a name=\"media-category-audio\"> </a></td><td>Audio</td><td>The media consists of a sound recording</td></tr><tr><td style=\"white-space:nowrap\">STYLESHEET<a name=\"media-category-STYLESHEET\"> </a></td><td>Stylesheet</td><td>The stylesheet for use</td></tr><tr><td style=\"white-space:nowrap\">WORKFLOW_DEFINITION<a name=\"media-category-WORKFLOW_DEFINITION\"> </a></td><td>Workflow Definitions</td><td>The workflow definition</td></tr></table></div>"},"url":"http://terminology.hl7.org/CodeSystem/media-category","identifier":[{"system":"urn:ietf:rfc:3986","value":"urn:oid:2.16.840.1.113883.4.642.1.326"}],"version":"3.0.1","name":"DigitalMediaCategory","title":"Digital Media Category","status":"draft","experimental":false,"date":"2019-05-17","publisher":"HL7 (FHIR Project)","contact":[{"telecom":[{"system":"url","value":"http://hl7.org/fhir"},{"system":"email","value":"fhir@lists.hl7.org"}]}],"description":"Codes for high level media types - whether the media is an image, video, or audio.","caseSensitive":true,"content":"complete","concept":[{"code":"image","display":"Image","definition":"The media consists of one or more unmoving images, including photographs, computer-generated graphs and charts, and scanned documents"},{"code":"video","display":"Video","definition":"The media consists of a series of frames that capture a moving image"},{"code":"audio","display":"Audio","definition":"The media consists of a sound recording"},{"code":"STYLESHEET","display":"Stylesheet","definition":"The stylesheet for use"},{"code":"WORKFLOW_DEFINITION","display":"Workflow Definitions","definition":"The workflow definition"}]}