{"resourceType":"CodeSystem","id":"adverse-event-category","meta":{"lastUpdated":"2020-04-09T21:10:28.568+00:00"},"text":{"status":"generated","div":"<div xmlns=\"http://www.w3.org/1999/xhtml\"><p>This code system <code>http://terminology.hl7.org/CodeSystem/adverse-event-category</code> defines the following codes:</p><table class=\"codes\"><tr><td style=\"white-space:nowrap\"><b>Code</b></td><td><b>Display</b></td><td><b>Definition</b></td></tr><tr><td style=\"white-space:nowrap\">wrong-patient<a name=\"adverse-event-category-wrong-patient\"> </a></td><td>Wrong Patient</td><td>The adverse event pertains to an event involving the wrong patient, who was not the intended subject.</td></tr><tr><td style=\"white-space:nowrap\">procedure-mishap<a name=\"adverse-event-category-procedure-mishap\"> </a></td><td>Procedure Mishap</td><td>The adverse event pertains to a procedure mishap.</td></tr><tr><td style=\"white-space:nowrap\">medication-mishap<a name=\"adverse-event-category-medication-mishap\"> </a></td><td>Medication Mishap</td><td>The adverse event pertains to a medication mishap, such as wrong dose, route, rate, or duration of administration.</td></tr><tr><td style=\"white-space:nowrap\">device<a name=\"adverse-event-category-device\"> </a></td><td>Device</td><td>The adverse event pertains to a device.</td></tr><tr><td style=\"white-space:nowrap\">unsafe-physical-environment<a name=\"adverse-event-category-unsafe-physical-environment\"> </a></td><td>Unsafe Physical Environment</td><td>The adverse event pertains to an unsafe physical environment.</td></tr><tr><td style=\"white-space:nowrap\">hospital-aquired-infection<a name=\"adverse-event-category-hospital-aquired-infection\"> </a></td><td>Hospital Acquired Infection</td><td>The adverse event pertains to a hospital acquired infection.</td></tr><tr><td style=\"white-space:nowrap\">wrong-body-site<a name=\"adverse-event-category-wrong-body-site\"> </a></td><td>Wrong Body Site</td><td>The adverse event pertains to the wrong body site.</td></tr></table></div>"},"extension":[{"url":"http://hl7.org/fhir/StructureDefinition/structuredefinition-wg","valueCode":"pc"},{"url":"http://hl7.org/fhir/StructureDefinition/structuredefinition-fmm","valueInteger":1}],"url":"http://terminology.hl7.org/CodeSystem/adverse-event-category","identifier":[{"system":"urn:ietf:rfc:3986","value":"urn:oid:2.16.840.1.113883.4.642.1.1251"}],"version":"0.1.0","name":"AdverseEventCategory","title":"AdverseEventCategory","status":"draft","experimental":false,"date":"2020-04-09T21:10:28+00:00","publisher":"HL7 (FHIR Project)","contact":[{"telecom":[{"system":"url","value":"http://hl7.org/fhir"},{"system":"email","value":"fhir@lists.hl7.org"}]}],"description":"Overall categorization of the event, e.g. product-related or situational.","caseSensitive":true,"valueSet":"http://terminology.hl7.org/ValueSet/adverse-event-category","content":"complete","concept":[{"code":"wrong-patient","display":"Wrong Patient","definition":"The adverse event pertains to an event involving the wrong patient, who was not the intended subject."},{"code":"procedure-mishap","display":"Procedure Mishap","definition":"The adverse event pertains to a procedure mishap."},{"code":"medication-mishap","display":"Medication Mishap","definition":"The adverse event pertains to a medication mishap, such as wrong dose, route, rate, or duration of administration."},{"code":"device","display":"Device","definition":"The adverse event pertains to a device."},{"code":"unsafe-physical-environment","display":"Unsafe Physical Environment","definition":"The adverse event pertains to an unsafe physical environment."},{"code":"hospital-aquired-infection","display":"Hospital Acquired Infection","definition":"The adverse event pertains to a hospital acquired infection."},{"code":"wrong-body-site","display":"Wrong Body Site","definition":"The adverse event pertains to the wrong body site."}]}