{"resourceType":"CodeSystem","id":"practitioner-role","meta":{"lastUpdated":"2020-04-09T21:10:28.568+00:00","profile":["http://hl7.org/fhir/StructureDefinition/shareablecodesystem"]},"text":{"status":"generated","div":"<div xmlns=\"http://www.w3.org/1999/xhtml\"><p>This code system <code>http://terminology.hl7.org/CodeSystem/practitioner-role</code> defines the following codes:</p><table class=\"codes\"><tr><td style=\"white-space:nowrap\"><b>Code</b></td><td><b>Display</b></td><td><b>Definition</b></td></tr><tr><td style=\"white-space:nowrap\">doctor<a name=\"practitioner-role-doctor\"> </a></td><td>Doctor</td><td>A qualified/registered medical practitioner</td></tr><tr><td style=\"white-space:nowrap\">nurse<a name=\"practitioner-role-nurse\"> </a></td><td>Nurse</td><td>A practitioner with nursing experience that may be qualified/registered</td></tr><tr><td style=\"white-space:nowrap\">pharmacist<a name=\"practitioner-role-pharmacist\"> </a></td><td>Pharmacist</td><td>A qualified/registered/licensed pharmacist</td></tr><tr><td style=\"white-space:nowrap\">researcher<a name=\"practitioner-role-researcher\"> </a></td><td>Researcher</td><td>A practitioner that may perform research</td></tr><tr><td style=\"white-space:nowrap\">teacher<a name=\"practitioner-role-teacher\"> </a></td><td>Teacher/educator</td><td>Someone who is able to provide educational services</td></tr><tr><td style=\"white-space:nowrap\">ict<a name=\"practitioner-role-ict\"> </a></td><td>ICT professional</td><td>Someone who is qualified in Information and Communication Technologies</td></tr></table></div>"},"extension":[{"url":"http://hl7.org/fhir/StructureDefinition/structuredefinition-wg","valueCode":"pa"},{"url":"http://hl7.org/fhir/StructureDefinition/structuredefinition-fmm","valueInteger":1}],"url":"http://terminology.hl7.org/CodeSystem/practitioner-role","identifier":[{"system":"urn:ietf:rfc:3986","value":"urn:oid:2.16.840.1.113883.4.642.1.1132"}],"version":"0.1.0","name":"PractitionerRole","title":"Practitioner role","status":"draft","experimental":false,"date":"2023-07-18T00:43:45-06:00","publisher":"FHIR Project team","contact":[{"telecom":[{"system":"url","value":"http://hl7.org/fhir"}]}],"description":"This example value set defines a set of codes that can be used to indicate the role of a Practitioner.","copyright":"This resource includes content from SNOMED Clinical Terms® (SNOMED CT®) which is copyright of the International Health Terminology Standards Development Organisation (IHTSDO). Implementers of these specifications must have the appropriate SNOMED CT Affiliate license - for more information contact http://www.snomed.org/snomed-ct/get-snomed-ct or info@snomed.org","caseSensitive":true,"content":"complete","concept":[{"code":"doctor","display":"Doctor","definition":"A qualified/registered medical practitioner"},{"code":"nurse","display":"Nurse","definition":"A practitioner with nursing experience that may be qualified/registered"},{"code":"pharmacist","display":"Pharmacist","definition":"A qualified/registered/licensed pharmacist"},{"code":"researcher","display":"Researcher","definition":"A practitioner that may perform research"},{"code":"teacher","display":"Teacher/educator","definition":"Someone who is able to provide educational services"},{"code":"ict","display":"ICT professional","definition":"Someone who is qualified in Information and Communication Technologies"}]}