{"resourceType":"CodeSystem","id":"consentscope","meta":{"lastUpdated":"2020-04-09T21:10:28.568+00:00","profile":["http://hl7.org/fhir/StructureDefinition/shareablecodesystem"]},"text":{"status":"generated","div":"<div xmlns=\"http://www.w3.org/1999/xhtml\"><p>This code system <code>http://terminology.hl7.org/CodeSystem/consentscope</code> defines the following codes:</p><table class=\"codes\"><tr><td style=\"white-space:nowrap\"><b>Code</b></td><td><b>Display</b></td><td><b>Definition</b></td></tr><tr><td style=\"white-space:nowrap\">research<a name=\"consentscope-research\"> </a></td><td>Research</td><td>Consent to participate in research protocol and information sharing required</td></tr><tr><td style=\"white-space:nowrap\">patient-privacy<a name=\"consentscope-patient-privacy\"> </a></td><td>Privacy Consent</td><td>Agreement to collect, access, use or disclose (share) information</td></tr><tr><td style=\"white-space:nowrap\">treatment<a name=\"consentscope-treatment\"> </a></td><td>Treatment</td><td>Consent to undergo a specific treatment</td></tr></table></div>"},"extension":[{"url":"http://hl7.org/fhir/StructureDefinition/structuredefinition-wg","valueCode":"cbcc"},{"url":"http://hl7.org/fhir/StructureDefinition/structuredefinition-fmm","valueInteger":2}],"url":"http://terminology.hl7.org/CodeSystem/consentscope","identifier":[{"system":"urn:ietf:rfc:3986","value":"urn:oid:2.16.840.1.113883.4.642.1.1228"}],"version":"0.1.0","name":"ConsentScopeCodes","title":"Consent Scope Codes","status":"draft","experimental":false,"date":"2023-07-18T00:43:45-06:00","publisher":"CBCC","contact":[{"telecom":[{"system":"url","value":"http://hl7.org/fhir"}]}],"description":"This value set includes the four Consent scope codes.","caseSensitive":true,"valueSet":"http://terminology.hl7.org/ValueSet/consent-scope","content":"complete","concept":[{"code":"research","display":"Research","definition":"Consent to participate in research protocol and information sharing required"},{"code":"patient-privacy","display":"Privacy Consent","definition":"Agreement to collect, access, use or disclose (share) information"},{"code":"treatment","display":"Treatment","definition":"Consent to undergo a specific treatment"}]}