{"resourceType":"CodeSystem","id":"ex-claimsubtype","meta":{"lastUpdated":"2020-04-09T21:10:28.568+00:00","profile":["http://hl7.org/fhir/StructureDefinition/shareablecodesystem"]},"text":{"status":"generated","div":"<div xmlns=\"http://www.w3.org/1999/xhtml\"><p>This code system <code>http://terminology.hl7.org/CodeSystem/ex-claimsubtype</code> defines the following codes:</p><table class=\"codes\"><tr><td style=\"white-space:nowrap\"><b>Code</b></td><td><b>Display</b></td><td><b>Definition</b></td></tr><tr><td style=\"white-space:nowrap\">ortho<a name=\"ex-claimsubtype-ortho\"> </a></td><td>Orthodontic Claim</td><td>A claim for Orthodontic Services.</td></tr><tr><td style=\"white-space:nowrap\">emergency<a name=\"ex-claimsubtype-emergency\"> </a></td><td>Emergency Claim</td><td>A claim for emergency services.</td></tr></table></div>"},"extension":[{"url":"http://hl7.org/fhir/StructureDefinition/structuredefinition-wg","valueCode":"fm"},{"url":"http://hl7.org/fhir/StructureDefinition/structuredefinition-fmm","valueInteger":1}],"url":"http://terminology.hl7.org/CodeSystem/ex-claimsubtype","identifier":[{"system":"urn:ietf:rfc:3986","value":"urn:oid:2.16.840.1.113883.4.642.1.1158"}],"version":"0.1.0","name":"ExampleClaimSubTypeCodes","title":"Example Claim SubType Codes","status":"draft","experimental":false,"date":"2023-07-18T00:43:45-06:00","publisher":"Financial Management","contact":[{"telecom":[{"system":"url","value":"http://hl7.org/fhir"}]}],"description":"This value set includes sample Claim SubType codes which are used to distinguish the claim types for example within type institutional there may be subtypes for emergency services, bed stay and transportation.","copyright":"This is an example set.","caseSensitive":true,"valueSet":"http://terminology.hl7.org/ValueSet/claim-subtype","content":"complete","concept":[{"code":"ortho","display":"Orthodontic Claim","definition":"A claim for Orthodontic Services."},{"code":"emergency","display":"Emergency Claim","definition":"A claim for emergency services."}]}