{"resourceType":"CodeSystem","id":"medicationrequest-course-of-therapy","meta":{"lastUpdated":"2020-04-09T21:10:28.568+00:00","profile":["http://hl7.org/fhir/StructureDefinition/shareablecodesystem"]},"text":{"status":"generated","div":"<div xmlns=\"http://www.w3.org/1999/xhtml\"><p>This code system <code>http://terminology.hl7.org/CodeSystem/medicationrequest-course-of-therapy</code> defines the following codes:</p><table class=\"codes\"><tr><td style=\"white-space:nowrap\"><b>Code</b></td><td><b>Display</b></td><td><b>Definition</b></td></tr><tr><td style=\"white-space:nowrap\">continuous<a name=\"medicationrequest-course-of-therapy-continuous\"> </a></td><td>Continuous long term therapy</td><td>A medication which is expected to be continued beyond the present order and which the patient should be assumed to be taking unless explicitly stopped.</td></tr><tr><td style=\"white-space:nowrap\">acute<a name=\"medicationrequest-course-of-therapy-acute\"> </a></td><td>Short course (acute) therapy</td><td>A medication which the patient is only expected to consume for the duration of the current order and which is not expected to be renewed.</td></tr><tr><td style=\"white-space:nowrap\">seasonal<a name=\"medicationrequest-course-of-therapy-seasonal\"> </a></td><td>Seasonal</td><td>A medication which is expected to be used on a part time basis at certain times of the year</td></tr></table></div>"},"extension":[{"url":"http://hl7.org/fhir/StructureDefinition/structuredefinition-wg","valueCode":"phx"},{"url":"http://hl7.org/fhir/StructureDefinition/structuredefinition-fmm","valueInteger":1}],"url":"http://terminology.hl7.org/CodeSystem/medicationrequest-course-of-therapy","identifier":[{"system":"urn:ietf:rfc:3986","value":"urn:oid:2.16.840.1.113883.4.642.1.1327"}],"version":"0.1.0","name":"MedicationRequestCourseOfTherapyCodes","title":"MedicationRequest Course of Therapy Codes","status":"draft","experimental":false,"date":"2023-07-18T00:43:45-06:00","publisher":"FHIR Project team","contact":[{"telecom":[{"system":"url","value":"http://hl7.org/fhir"}]}],"description":"MedicationRequest Course of Therapy Codes","caseSensitive":true,"valueSet":"http://terminology.hl7.org/ValueSet/medicationrequest-course-of-therapy","content":"complete","concept":[{"code":"continuous","display":"Continuous long term therapy","definition":"A medication which is expected to be continued beyond the present order and which the patient should be assumed to be taking unless explicitly stopped."},{"code":"acute","display":"Short course (acute) therapy","definition":"A medication which the patient is only expected to consume for the duration of the current order and which is not expected to be renewed."},{"code":"seasonal","display":"Seasonal","definition":"A medication which is expected to be used on a part time basis at certain times of the year"}]}