{"resourceType":"CodeSystem","id":"ICD-10DualCoding","text":{"status":"generated","div":"<div xmlns=\"http://www.w3.org/1999/xhtml\"><p>This code system <code>http://terminology.hl7.org/CodeSystem/ICD-10DualCoding</code> defines codes, but no codes are represented here</p></div>"},"url":"http://terminology.hl7.org/CodeSystem/ICD-10DualCoding","identifier":[{"system":"urn:ietf:rfc:3986","value":"urn:oid:2.16.840.1.113883.6.260"}],"version":"2.0.1","name":"ICD10DualCoding","title":"ICD-10 Dual Coding","status":"retired","experimental":false,"date":"2021-11-09T10:00:00+10:00","publisher":"TBD - External Body","contact":[{"name":"HL7,HL7,HL7,HL7,HL7,HL7,HL7,HL7"}],"description":"ICD-10 allows dual coding. Refer to Section 3.1.3 of the ICD-10 Instruction Manual (2nd Edition, http://www.who.int/entity/classifications/icd/ICD-10\\_2nd\\_ed\\_volume2.pdf).\r\n\r\nThis OID identifies the code system that describes how to encode Dual Coding in a CD compatible expression (for Datatypes R2 CD only).\r\n\r\nAn ICD-10 dual code expression SHALL consist of two ICD-10 codes separated by space. This code system SHALL NOT be used for single ICD-10 codes; the normal ICD-10 code system oid which is 2.16.840.1.113883.6.3 should be used in this case.\r\n\r\nDual code expressions SHALL only be used per the rules described in the ICD-10 instruction manual.\r\n\r\n**An example CD:**<br></br> <example code=\"J21.8 B95.6\" codeSystem=\"2.16.840.1.113883.6.260\"><br></br> <originalText value=\"Staph aureus bronchiolitis\"/><br></br> </example><br></br><br></br> Where:<br></br> J21.8 is: Acute bronchiolitis due to other specified organisms<br></br> B95.6 is: Staphylococcus aureus as the cause of diseases classified to other chapters","caseSensitive":true,"content":"not-present"}