{"resourceType":"CodeSystem","id":"research-subject-milestone","meta":{"lastUpdated":"2020-04-09T21:10:28.568+00:00"},"text":{"status":"generated","div":"<div xmlns=\"http://www.w3.org/1999/xhtml\"><p>This code system <code>http://terminology.hl7.org/CodeSystem/research-subject-milestone</code> defines the following codes:</p><table class=\"codes\"><tr><td style=\"white-space:nowrap\"><b>Code</b></td><td><b>Display</b></td><td><b>Definition</b></td></tr><tr><td style=\"white-space:nowrap\">SignedUp<a name=\"research-subject-milestone-SignedUp\"> </a></td><td>Signed up</td><td>A person has expressed an interest in being in a study but has not yet been through any assessment or consent processes.</td></tr><tr><td style=\"white-space:nowrap\">Screened<a name=\"research-subject-milestone-Screened\"> </a></td><td>Screened</td><td>A potential subject has been screened for suitability.</td></tr><tr><td style=\"white-space:nowrap\">Randomized<a name=\"research-subject-milestone-Randomized\"> </a></td><td>Randomized</td><td>A subject has been allocated to an arm of the study.</td></tr></table></div>"},"extension":[{"url":"http://hl7.org/fhir/StructureDefinition/structuredefinition-wg","valueCode":"brr"},{"url":"http://hl7.org/fhir/StructureDefinition/structuredefinition-fmm","valueInteger":1}],"url":"http://terminology.hl7.org/CodeSystem/research-subject-milestone","identifier":[{"system":"urn:ietf:rfc:3986","value":"urn:oid:2.16.840.1.113883.4.642.1.0"}],"version":"0.1.0","name":"ResearchSubjectMilestone","title":"ResearchSubjectMilestone","status":"draft","experimental":false,"date":"2020-04-09T21:10:28+00:00","publisher":"HL7 (FHIR Project)","contact":[{"telecom":[{"system":"url","value":"http://hl7.org/fhir"},{"system":"email","value":"fhir@lists.hl7.org"}]}],"description":"Indicates the progression of a study subject through the study milestones.","caseSensitive":true,"valueSet":"http://terminology.hl7.org/ValueSet/research-subject-milestone","content":"complete","concept":[{"code":"SignedUp","display":"Signed up","definition":"A person has expressed an interest in being in a study but has not yet been through any assessment or consent processes."},{"code":"Screened","display":"Screened","definition":"A potential subject has been screened for suitability."},{"code":"Randomized","display":"Randomized","definition":"A subject has been allocated to an arm of the study."}]}