{"resourceType":"CodeSystem","id":"v2-0012","text":{"status":"generated","div":"<div xmlns=\"http://www.w3.org/1999/xhtml\"><p><b>Properties</b></p><p><b>This code system  defines the following properties for its concepts</b></p><table class=\"grid\"><tr><td><b>Code</b></td><td><b>URI</b></td><td><b>Type</b></td><td><b>Description</b></td></tr><tr><td>status</td><td>http://terminology.hl7.org/CodeSystem/utg-concept-properties#status</td><td>code</td><td>Status of the concept</td></tr><tr><td>deprecated</td><td>http://terminology.hl7.org/CodeSystem/utg-concept-properties#v2-table-deprecated</td><td>code</td><td>Version of HL7 in which the code was deprecated</td></tr></table><p><b>Concepts</b></p><p>This code system <code>http://terminology.hl7.org/CodeSystem/v2-0012</code> defines the following codes:</p><table class=\"codes\"><tr><td style=\"white-space:nowrap\"><b>Code</b></td><td><b>Display</b></td><td><b>Definition</b></td><td><b>Deutsch (German, de)</b></td></tr><tr><td style=\"white-space:nowrap\">AN<a name=\"v2-0012-AN\"> </a></td><td>Filled from ancillary department stock</td><td>Filled from ancillary department stock</td><td>(Tabelle 12 ist veraltet und wird nicht mehr verwendet)</td></tr><tr><td style=\"white-space:nowrap\">FL<a name=\"v2-0012-FL\"> </a></td><td>Filled from floor stock</td><td>Filled from floor stock</td><td>Etagenlager</td></tr></table></div>"},"url":"http://terminology.hl7.org/CodeSystem/v2-0012","identifier":[{"system":"urn:ietf:rfc:3986","value":"urn:oid:2.16.840.1.113883.18.12"}],"version":"2.1.0","name":"StockLocation","title":"stockLocation","status":"active","experimental":false,"date":"2019-12-01","publisher":"HL7, Inc","contact":[{"telecom":[{"system":"url","value":"http://www.hl7.org/"}]}],"description":"Code system of concepts specifying a stock location for older Version 2 messaging systems; not used after version 2.2 of the Standard.","purpose":"Underlying Master Code System for V2 table 0012 (STOCK LOCATION)","copyright":"Copyright HL7. Licensed under creative commons public domain","caseSensitive":true,"valueSet":"http://terminology.hl7.org/ValueSet/v2-0012","hierarchyMeaning":"is-a","compositional":false,"versionNeeded":false,"content":"complete","property":[{"code":"status","uri":"http://terminology.hl7.org/CodeSystem/utg-concept-properties#status","description":"Status of the concept","type":"code"},{"code":"deprecated","uri":"http://terminology.hl7.org/CodeSystem/utg-concept-properties#v2-table-deprecated","description":"Version of HL7 in which the code was deprecated","type":"code"}],"concept":[{"id":"653","code":"AN","display":"Filled from ancillary department stock","definition":"Filled from ancillary department stock","designation":[{"language":"de","use":{"system":"http://terminology.hl7.org/CodeSystem/hl7TermMaintInfra","code":"preferredForLanguage"},"value":"(Tabelle 12 ist veraltet und wird nicht mehr verwendet)"}],"property":[{"code":"status","valueCode":"A"}]},{"id":"654","code":"FL","display":"Filled from floor stock","definition":"Filled from floor stock","designation":[{"language":"de","use":{"system":"http://terminology.hl7.org/CodeSystem/hl7TermMaintInfra","code":"preferredForLanguage"},"value":"Etagenlager"}],"property":[{"code":"status","valueCode":"A"}]}]}