{"resourceType":"CodeSystem","id":"v2-0017","text":{"status":"generated","div":"<div xmlns=\"http://www.w3.org/1999/xhtml\"><p><b>Properties</b></p><p><b>This code system  defines the following properties for its concepts</b></p><table class=\"grid\"><tr><td><b>Code</b></td><td><b>URI</b></td><td><b>Type</b></td><td><b>Description</b></td></tr><tr><td>status</td><td>http://terminology.hl7.org/CodeSystem/utg-concept-properties#status</td><td>code</td><td>Status of the concept</td></tr><tr><td>deprecated</td><td>http://terminology.hl7.org/CodeSystem/utg-concept-properties#v2-table-deprecated</td><td>code</td><td>Version of HL7 in which the code was deprecated</td></tr></table><p><b>Concepts</b></p><p>This code system <code>http://terminology.hl7.org/CodeSystem/v2-0017</code> defines the following codes:</p><table class=\"codes\"><tr><td style=\"white-space:nowrap\"><b>Code</b></td><td><b>Display</b></td><td><b>Definition</b></td><td><b>Deutsch (German, de)</b></td></tr><tr><td style=\"white-space:nowrap\">CG<a name=\"v2-0017-CG\"> </a></td><td>Charge</td><td>Charge</td><td>nicht verwendet</td></tr><tr><td style=\"white-space:nowrap\">CD<a name=\"v2-0017-CD\"> </a></td><td>Credit</td><td>Credit</td><td>nicht verwendet</td></tr><tr><td style=\"white-space:nowrap\">PY<a name=\"v2-0017-PY\"> </a></td><td>Payment</td><td>Payment</td><td>nicht verwendet</td></tr><tr><td style=\"white-space:nowrap\">AJ<a name=\"v2-0017-AJ\"> </a></td><td>Adjustment</td><td>Adjustment</td><td>nicht verwendet</td></tr><tr><td style=\"white-space:nowrap\">CO<a name=\"v2-0017-CO\"> </a></td><td>Co-payment</td><td>Co-payment</td><td>nicht verwendet</td></tr></table></div>"},"extension":[{"url":"http://hl7.org/fhir/StructureDefinition/structuredefinition-wg","valueCode":"fm"}],"url":"http://terminology.hl7.org/CodeSystem/v2-0017","identifier":[{"system":"urn:ietf:rfc:3986","value":"urn:oid:2.16.840.1.113883.18.13"}],"version":"2.2.0","name":"TransactionType","title":"transactionType","status":"active","experimental":false,"date":"2019-12-01","publisher":"HL7, Inc","contact":[{"telecom":[{"system":"url","value":"http://www.hl7.org/"}]}],"description":"Code system of concepts specifying a type of financial transaction.  Used in HL7 Version 2.x messaging in the FT1 segment.","purpose":"Underlying Master Code System for V2 table 0017 (Transaction Type)","copyright":"Copyright HL7. Licensed under creative commons public domain","caseSensitive":true,"valueSet":"http://terminology.hl7.org/ValueSet/v2-0017","hierarchyMeaning":"is-a","compositional":false,"versionNeeded":false,"content":"complete","property":[{"code":"status","uri":"http://terminology.hl7.org/CodeSystem/utg-concept-properties#status","description":"Status of the concept","type":"code"},{"code":"deprecated","uri":"http://terminology.hl7.org/CodeSystem/utg-concept-properties#v2-table-deprecated","description":"Version of HL7 in which the code was deprecated","type":"code"}],"concept":[{"id":"665","code":"CG","display":"Charge","definition":"Charge","designation":[{"language":"de","use":{"system":"http://terminology.hl7.org/CodeSystem/hl7TermMaintInfra","code":"preferredForLanguage"},"value":"nicht verwendet"}],"property":[{"code":"status","valueCode":"A"}]},{"id":"666","code":"CD","display":"Credit","definition":"Credit","designation":[{"language":"de","use":{"system":"http://terminology.hl7.org/CodeSystem/hl7TermMaintInfra","code":"preferredForLanguage"},"value":"nicht verwendet"}],"property":[{"code":"status","valueCode":"A"}]},{"id":"667","code":"PY","display":"Payment","definition":"Payment","designation":[{"language":"de","use":{"system":"http://terminology.hl7.org/CodeSystem/hl7TermMaintInfra","code":"preferredForLanguage"},"value":"nicht verwendet"}],"property":[{"code":"status","valueCode":"A"}]},{"id":"668","code":"AJ","display":"Adjustment","definition":"Adjustment","designation":[{"language":"de","use":{"system":"http://terminology.hl7.org/CodeSystem/hl7TermMaintInfra","code":"preferredForLanguage"},"value":"nicht verwendet"}],"property":[{"code":"status","valueCode":"A"}]},{"id":"669","code":"CO","display":"Co-payment","definition":"Co-payment","designation":[{"language":"de","use":{"system":"http://terminology.hl7.org/CodeSystem/hl7TermMaintInfra","code":"preferredForLanguage"},"value":"nicht verwendet"}],"property":[{"code":"status","valueCode":"A"}]}]}