{"resourceType":"CodeSystem","id":"claimcareteamrole","meta":{"lastUpdated":"2020-04-09T21:10:28.568+00:00","profile":["http://hl7.org/fhir/StructureDefinition/shareablecodesystem"]},"text":{"status":"generated","div":"<div xmlns=\"http://www.w3.org/1999/xhtml\"><p>This code system <code>http://terminology.hl7.org/CodeSystem/claimcareteamrole</code> defines the following codes:</p><table class=\"codes\"><tr><td style=\"white-space:nowrap\"><b>Code</b></td><td><b>Display</b></td><td><b>Definition</b></td></tr><tr><td style=\"white-space:nowrap\">primary<a name=\"claimcareteamrole-primary\"> </a></td><td>Primary provider</td><td>The primary care provider.</td></tr><tr><td style=\"white-space:nowrap\">assist<a name=\"claimcareteamrole-assist\"> </a></td><td>Assisting Provider</td><td>Assisting care provider.</td></tr><tr><td style=\"white-space:nowrap\">supervisor<a name=\"claimcareteamrole-supervisor\"> </a></td><td>Supervising Provider</td><td>Supervising care provider.</td></tr><tr><td style=\"white-space:nowrap\">other<a name=\"claimcareteamrole-other\"> </a></td><td>Other</td><td>Other role on the care team.</td></tr></table></div>"},"extension":[{"url":"http://hl7.org/fhir/StructureDefinition/structuredefinition-wg","valueCode":"fm"},{"url":"http://hl7.org/fhir/StructureDefinition/structuredefinition-fmm","valueInteger":1}],"url":"http://terminology.hl7.org/CodeSystem/claimcareteamrole","identifier":[{"system":"urn:ietf:rfc:3986","value":"urn:oid:2.16.840.1.113883.4.642.1.1165"}],"version":"0.1.0","name":"ClaimCareTeamRoleCodes","title":"Claim Care Team Role Codes","status":"draft","experimental":false,"date":"2023-07-18T00:43:45-06:00","publisher":"Financial Management","contact":[{"telecom":[{"system":"url","value":"http://hl7.org/fhir"}]}],"description":"This value set includes sample Claim Care Team Role codes.","copyright":"This is an example set.","caseSensitive":true,"valueSet":"http://terminology.hl7.org/ValueSet/claim-careteamrole","content":"complete","concept":[{"code":"primary","display":"Primary provider","definition":"The primary care provider."},{"code":"assist","display":"Assisting Provider","definition":"Assisting care provider."},{"code":"supervisor","display":"Supervising Provider","definition":"Supervising care provider."},{"code":"other","display":"Other","definition":"Other role on the care team."}]}