{"resourceType":"CodeSystem","id":"financialtaskcode","meta":{"lastUpdated":"2020-04-09T21:10:28.568+00:00","profile":["http://hl7.org/fhir/StructureDefinition/shareablecodesystem"]},"text":{"status":"generated","div":"<div xmlns=\"http://www.w3.org/1999/xhtml\"><p>This code system <code>http://terminology.hl7.org/CodeSystem/financialtaskcode</code> defines the following codes:</p><table class=\"codes\"><tr><td style=\"white-space:nowrap\"><b>Code</b></td><td><b>Display</b></td><td><b>Definition</b></td></tr><tr><td style=\"white-space:nowrap\">cancel<a name=\"financialtaskcode-cancel\"> </a></td><td>Cancel</td><td>Cancel or reverse a resource, such as a claim or preauthorization, which is in-process or complete.</td></tr><tr><td style=\"white-space:nowrap\">poll<a name=\"financialtaskcode-poll\"> </a></td><td>Poll</td><td>Retrieve selected or all queued resources or messages.</td></tr><tr><td style=\"white-space:nowrap\">release<a name=\"financialtaskcode-release\"> </a></td><td>Release</td><td>Release any reserved funds or material obligations associated with a resource. For example, any unused but reserved funds or treatment allowance associated with a preauthorization once treatment is complete.</td></tr><tr><td style=\"white-space:nowrap\">reprocess<a name=\"financialtaskcode-reprocess\"> </a></td><td>Reprocess</td><td>Indication that the processing of a resource, such as a claim, for some or all of the required work is now being requested.</td></tr><tr><td style=\"white-space:nowrap\">status<a name=\"financialtaskcode-status\"> </a></td><td>Status check</td><td>Check on the processing status of a resource such as the adjudication of a claim.</td></tr></table></div>"},"url":"http://terminology.hl7.org/CodeSystem/financialtaskcode","identifier":[{"system":"urn:ietf:rfc:3986","value":"urn:oid:2.16.840.1.113883.4.642.1.1390"}],"version":"0.1.0","name":"FinancialTaskCodes","title":"Financial Task Codes","status":"draft","experimental":false,"date":"2023-07-18T00:43:45-06:00","publisher":"Financial Management","contact":[{"telecom":[{"system":"url","value":"http://hl7.org/fhir"}]}],"description":"This value set includes Financial Task codes.","copyright":"This is an example set.","caseSensitive":true,"valueSet":"http://terminology.hl7.org/ValueSet/financial-taskcode","content":"complete","concept":[{"code":"cancel","display":"Cancel","definition":"Cancel or reverse a resource, such as a claim or preauthorization, which is in-process or complete."},{"code":"poll","display":"Poll","definition":"Retrieve selected or all queued resources or messages."},{"code":"release","display":"Release","definition":"Release any reserved funds or material obligations associated with a resource. For example, any unused but reserved funds or treatment allowance associated with a preauthorization once treatment is complete."},{"code":"reprocess","display":"Reprocess","definition":"Indication that the processing of a resource, such as a claim, for some or all of the required work is now being requested."},{"code":"status","display":"Status check","definition":"Check on the processing status of a resource such as the adjudication of a claim."}]}