{"resourceType":"CodeSystem","id":"directness","meta":{"lastUpdated":"2020-04-09T21:10:28.568+00:00"},"text":{"status":"generated","div":"<div xmlns=\"http://www.w3.org/1999/xhtml\"><p>This code system <code>http://terminology.hl7.org/CodeSystem/directness</code> defines the following codes:</p><table class=\"codes\"><tr><td style=\"white-space:nowrap\"><b>Code</b></td><td><b>Display</b></td><td><b>Definition</b></td></tr><tr><td style=\"white-space:nowrap\">low<a name=\"directness-low\"> </a></td><td>Low quality match between observed and intended variable</td><td>Low matching quality between observed and intended variable, so very serious concern      for indirectness in evidence interpretation.</td></tr><tr><td style=\"white-space:nowrap\">moderate<a name=\"directness-moderate\"> </a></td><td>Moderate quality match between observed and intended variable</td><td>Moderate matching quality between observed and intended variable, so serious concern      for indirectness in evidence interpretation.</td></tr><tr><td style=\"white-space:nowrap\">high<a name=\"directness-high\"> </a></td><td>High quality match between observed and intended variable</td><td>High matching quality between observed and intended variable, so little concern      for indirectness in evidence interpretation.</td></tr><tr><td style=\"white-space:nowrap\">exact<a name=\"directness-exact\"> </a></td><td>Exact match between observed and intended variable</td><td>Exact matching quality between observed and intended variable, so no concern for      indirectness in evidence interpretation.</td></tr></table></div>"},"extension":[{"url":"http://hl7.org/fhir/StructureDefinition/structuredefinition-wg","valueCode":"cds"},{"url":"http://hl7.org/fhir/StructureDefinition/structuredefinition-fmm","valueInteger":0}],"url":"http://terminology.hl7.org/CodeSystem/directness","identifier":[{"system":"urn:ietf:rfc:3986","value":"urn:oid:2.16.840.1.113883.4.642.1.1459"}],"version":"1.0.0","name":"EvidenceDirectness","title":"EvidenceDirectness","status":"draft","experimental":false,"date":"2020-04-09T21:10:28+00:00","publisher":"HL7 (FHIR Project)","contact":[{"telecom":[{"system":"url","value":"http://hl7.org/fhir"},{"system":"email","value":"fhir@lists.hl7.org"}]}],"description":"The quality of how direct the match is.","caseSensitive":true,"valueSet":"http://terminology.hl7.org/ValueSet/directness","content":"complete","concept":[{"code":"low","display":"Low quality match between observed and intended variable","definition":"Low matching quality between observed and intended variable, so very serious concern      for indirectness in evidence interpretation."},{"code":"moderate","display":"Moderate quality match between observed and intended variable","definition":"Moderate matching quality between observed and intended variable, so serious concern      for indirectness in evidence interpretation."},{"code":"high","display":"High quality match between observed and intended variable","definition":"High matching quality between observed and intended variable, so little concern      for indirectness in evidence interpretation."},{"code":"exact","display":"Exact match between observed and intended variable","definition":"Exact matching quality between observed and intended variable, so no concern for      indirectness in evidence interpretation."}]}