{"resourceType":"CodeSystem","id":"v2-0005","text":{"status":"generated","div":"<div xmlns=\"http://www.w3.org/1999/xhtml\"><p><b>Properties</b></p><p><b>This code system  defines the following properties for its concepts</b></p><table class=\"grid\"><tr><td><b>Code</b></td><td><b>URI</b></td><td><b>Type</b></td><td><b>Description</b></td></tr><tr><td>status</td><td>http://terminology.hl7.org/CodeSystem/utg-concept-properties#status</td><td>code</td><td>Status of the concept</td></tr><tr><td>deprecated</td><td>http://terminology.hl7.org/CodeSystem/utg-concept-properties#v2-table-deprecated</td><td>code</td><td>Version of HL7 in which the code was deprecated</td></tr></table><p><b>Concepts</b></p><p>This code system <code>http://terminology.hl7.org/CodeSystem/v2-0005</code> provides a fragment that includes following codes:</p><table class=\"codes\"><tr><td style=\"white-space:nowrap\"><b>Code</b></td><td><b>Display</b></td><td><b>Definition</b></td><td><b>deprecated</b></td><td><b>Deutsch (German, de)</b></td></tr><tr><td style=\"white-space:nowrap\">B<a name=\"v2-0005-B\"> </a></td><td>Black</td><td>Black</td><td>2.9</td><td>Schwarzer</td></tr><tr><td style=\"white-space:nowrap\">C<a name=\"v2-0005-C\"> </a></td><td>Caucasian</td><td>Caucasian</td><td>2.9</td><td>Kaukasier</td></tr><tr><td style=\"white-space:nowrap\">H<a name=\"v2-0005-H\"> </a></td><td>Hispanic</td><td>Hispanic</td><td>2.9</td><td>Hispanier</td></tr><tr><td style=\"white-space:nowrap\">R<a name=\"v2-0005-R\"> </a></td><td>Oriental</td><td>Oriental</td><td>2.9</td><td>Orientale</td></tr><tr><td style=\"white-space:nowrap\">...<a name=\"v2-0005-.46.46.46\"> </a></td><td>see chapter 3</td><td>see chapter 3</td><td>2.9</td><td/></tr></table></div>"},"extension":[{"url":"http://hl7.org/fhir/StructureDefinition/structuredefinition-wg","valueCode":"pa"}],"url":"http://terminology.hl7.org/CodeSystem/v2-0005","identifier":[{"system":"urn:ietf:rfc:3986","value":"urn:oid:2.16.840.1.113883.6.238"}],"version":"3.0.0","name":"PHRaceAndEthnicityCDC","title":"PH_RaceAndEthnicity_CDC","status":"retired","experimental":false,"date":"2021-09-01","publisher":"The US Centers For Disease Control and Prevention (CDC)","contact":[{"telecom":[{"system":"url","value":"http://www.hl7.org/"}]}],"description":"Code system of concepts specifying the patient's race.  Used in HL7 Version 2.x messages in the PID segment.\r\n\r\nThis code system includes codes used decades ago are are maintained here for historical purposes such as searching in past history records. These codes were formally deprecated in V2.9 and retired in THO in 2021. Please reference http://build.fhir.org/ig/HL7/UTG/CodeSystem-CDCREC for the current CDC Race and Ethnicity code system.","purpose":"Underlying Master Code System for V2 table 0005 (Race)","copyright":"Copyright HL7. Licensed under creative commons public domain","caseSensitive":true,"hierarchyMeaning":"is-a","compositional":false,"versionNeeded":false,"content":"fragment","property":[{"code":"status","uri":"http://terminology.hl7.org/CodeSystem/utg-concept-properties#status","description":"Status of the concept","type":"code"},{"code":"deprecated","uri":"http://terminology.hl7.org/CodeSystem/utg-concept-properties#v2-table-deprecated","description":"Version of HL7 in which the code was deprecated","type":"code"}],"concept":[{"id":"516","code":"B","display":"Black","definition":"Black","designation":[{"language":"de","use":{"system":"http://terminology.hl7.org/CodeSystem/hl7TermMaintInfra","code":"preferredForLanguage"},"value":"Schwarzer"}],"property":[{"code":"deprecated","valueCode":"2.9"},{"code":"status","valueCode":"A"}]},{"id":"517","code":"C","display":"Caucasian","definition":"Caucasian","designation":[{"language":"de","use":{"system":"http://terminology.hl7.org/CodeSystem/hl7TermMaintInfra","code":"preferredForLanguage"},"value":"Kaukasier"}],"property":[{"code":"deprecated","valueCode":"2.9"},{"code":"status","valueCode":"A"}]},{"id":"518","code":"H","display":"Hispanic","definition":"Hispanic","designation":[{"language":"de","use":{"system":"http://terminology.hl7.org/CodeSystem/hl7TermMaintInfra","code":"preferredForLanguage"},"value":"Hispanier"}],"property":[{"code":"deprecated","valueCode":"2.9"},{"code":"status","valueCode":"A"}]},{"id":"519","code":"R","display":"Oriental","definition":"Oriental","designation":[{"language":"de","use":{"system":"http://terminology.hl7.org/CodeSystem/hl7TermMaintInfra","code":"preferredForLanguage"},"value":"Orientale"}],"property":[{"code":"deprecated","valueCode":"2.9"},{"code":"status","valueCode":"A"}]},{"id":"521","code":"...","display":"see chapter 3","definition":"see chapter 3","property":[{"code":"deprecated","valueCode":"2.9"},{"code":"status","valueCode":"D"}]}]}