{"resourceType":"CodeSystem","id":"v2-0001","text":{"status":"generated","div":"<div xmlns=\"http://www.w3.org/1999/xhtml\"><p><b>Properties</b></p><p><b>This code system  defines the following properties for its concepts</b></p><table class=\"grid\"><tr><td><b>Code</b></td><td><b>URI</b></td><td><b>Type</b></td><td><b>Description</b></td></tr><tr><td>status</td><td>http://terminology.hl7.org/CodeSystem/utg-concept-properties#status</td><td>code</td><td>Status of the concept</td></tr><tr><td>deprecated</td><td>http://terminology.hl7.org/CodeSystem/utg-concept-properties#v2-table-deprecated</td><td>code</td><td>Version of HL7 in which the code was deprecated</td></tr><tr><td>v2-concComment</td><td>http://terminology.hl7.org/CodeSystem/utg-concept-properties#v2-concComment</td><td>string</td><td>V2 Concept Comment</td></tr></table><p><b>Concepts</b></p><p>This code system <code>http://terminology.hl7.org/CodeSystem/v2-0001</code> defines the following codes:</p><table class=\"codes\"><tr><td style=\"white-space:nowrap\"><b>Code</b></td><td><b>Display</b></td><td><b>Definition</b></td><td><b>V2 Concept Comment</b></td><td><b>Deutsch (German, de)</b></td></tr><tr><td style=\"white-space:nowrap\">F<a name=\"v2-0001-F\"> </a></td><td>Female</td><td>Female</td><td/><td>weiblich</td></tr><tr><td style=\"white-space:nowrap\">M<a name=\"v2-0001-M\"> </a></td><td>Male</td><td>Male</td><td/><td>männlich</td></tr><tr><td style=\"white-space:nowrap\">O<a name=\"v2-0001-O\"> </a></td><td>Other</td><td>Other</td><td/><td>andere</td></tr><tr><td style=\"white-space:nowrap\">U<a name=\"v2-0001-U\"> </a></td><td>Unknown</td><td>Unknown</td><td/><td>unbekannt</td></tr><tr><td style=\"white-space:nowrap\">A<a name=\"v2-0001-A\"> </a></td><td>Ambiguous</td><td>Ambiguous</td><td/><td>mehrdeutig</td></tr><tr><td style=\"white-space:nowrap\">N<a name=\"v2-0001-N\"> </a></td><td>Not applicable</td><td>Not applicable</td><td/><td>nicht zutreffend</td></tr><tr><td style=\"white-space:nowrap\">X<a name=\"v2-0001-X\"> </a></td><td>Non-Binary</td><td>Intended for situations where the gender or sex representation of the individual is not strictly male, or strictly female, and is driven by jurisdictional requirements, personal needs, or legal boundaries.</td><td>A universally agreed upon single definition for non-binary does not exist. Non-binary should be used in jurisdictions which have implemented an option to declare a gender of “non-binary”</td><td/></tr></table></div>"},"extension":[{"url":"http://hl7.org/fhir/StructureDefinition/structuredefinition-wg","valueCode":"pa"}],"url":"http://terminology.hl7.org/CodeSystem/v2-0001","identifier":[{"system":"urn:ietf:rfc:3986","value":"urn:oid:2.16.840.1.113883.18.2"}],"version":"2.1.0","name":"AdministrativeSex","title":"administrativeSex","status":"active","experimental":false,"date":"2019-12-01","publisher":"HL7, Inc","contact":[{"telecom":[{"system":"url","value":"http://www.hl7.org/"}]}],"description":"Code system of concepts specifying a patient's sex for administrative purposes.  Used in HL7 Version 2.x messages in the PID segment.","purpose":"Underlying Master Code System for V2 table 0001 (Administrative Sex)","copyright":"Copyright HL7. Licensed under creative commons public domain","caseSensitive":true,"valueSet":"http://terminology.hl7.org/ValueSet/v2-0001","hierarchyMeaning":"is-a","compositional":false,"versionNeeded":false,"content":"complete","property":[{"code":"status","uri":"http://terminology.hl7.org/CodeSystem/utg-concept-properties#status","description":"Status of the concept","type":"code"},{"code":"deprecated","uri":"http://terminology.hl7.org/CodeSystem/utg-concept-properties#v2-table-deprecated","description":"Version of HL7 in which the code was deprecated","type":"code"},{"code":"v2-concComment","uri":"http://terminology.hl7.org/CodeSystem/utg-concept-properties#v2-concComment","description":"V2 Concept Comment","type":"string"}],"concept":[{"id":"100","code":"F","display":"Female","definition":"Female","designation":[{"language":"de","use":{"system":"http://terminology.hl7.org/CodeSystem/hl7TermMaintInfra","code":"preferredForLanguage"},"value":"weiblich"}],"property":[{"code":"status","valueCode":"A"}]},{"id":"101","code":"M","display":"Male","definition":"Male","designation":[{"language":"de","use":{"system":"http://terminology.hl7.org/CodeSystem/hl7TermMaintInfra","code":"preferredForLanguage"},"value":"männlich"}],"property":[{"code":"status","valueCode":"A"}]},{"id":"102","code":"O","display":"Other","definition":"Other","designation":[{"language":"de","use":{"system":"http://terminology.hl7.org/CodeSystem/hl7TermMaintInfra","code":"preferredForLanguage"},"value":"andere"}],"property":[{"code":"status","valueCode":"A"}]},{"id":"103","code":"U","display":"Unknown","definition":"Unknown","designation":[{"language":"de","use":{"system":"http://terminology.hl7.org/CodeSystem/hl7TermMaintInfra","code":"preferredForLanguage"},"value":"unbekannt"}],"property":[{"code":"status","valueCode":"A"}]},{"id":"104","code":"A","display":"Ambiguous","definition":"Ambiguous","designation":[{"language":"de","use":{"system":"http://terminology.hl7.org/CodeSystem/hl7TermMaintInfra","code":"preferredForLanguage"},"value":"mehrdeutig"}],"property":[{"code":"status","valueCode":"A"}]},{"id":"105","code":"N","display":"Not applicable","definition":"Not applicable","designation":[{"language":"de","use":{"system":"http://terminology.hl7.org/CodeSystem/hl7TermMaintInfra","code":"preferredForLanguage"},"value":"nicht zutreffend"}],"property":[{"code":"status","valueCode":"A"}]},{"id":"106","code":"X","display":"Non-Binary","definition":"Intended for situations where the gender or sex representation of the individual is not strictly male, or strictly female, and is driven by jurisdictional requirements, personal needs, or legal boundaries.","property":[{"code":"v2-concComment","valueString":"A universally agreed upon single definition for non-binary does not exist. Non-binary should be used in jurisdictions which have implemented an option to declare a gender of “non-binary”"},{"code":"status","valueCode":"N"}]}]}