{"resourceType":"CodeSystem","id":"question-max-occurs","meta":{"lastUpdated":"2020-04-09T21:10:28.568+00:00"},"text":{"status":"generated","div":"<div xmlns=\"http://www.w3.org/1999/xhtml\"><p>This code system <code>http://terminology.hl7.org/CodeSystem/question-max-occurs</code> defines the following code:</p><table class=\"codes\"><tr><td style=\"white-space:nowrap\"><b>Code</b></td><td><b>Display</b></td><td><b>Definition</b></td></tr><tr><td style=\"white-space:nowrap\">*<a name=\"question-max-occurs-.42\"> </a></td><td>Repeating</td><td>Element can repeat an unlimited number of times.</td></tr></table></div>"},"url":"http://terminology.hl7.org/CodeSystem/question-max-occurs","identifier":[{"system":"urn:ietf:rfc:3986","value":"urn:oid:2.16.840.1.113883.4.642.1.1272"}],"version":"0.1.0","name":"MaxOccurs","title":"MaxOccurs","status":"draft","experimental":false,"date":"2020-04-09T21:10:28+00:00","publisher":"HL7 (FHIR Project)","contact":[{"telecom":[{"system":"url","value":"http://hl7.org/fhir"},{"system":"email","value":"fhir@lists.hl7.org"}]}],"description":"Flags an element as having unlimited repetitions.","caseSensitive":true,"valueSet":"http://terminology.hl7.org/ValueSet/question-max-occurs","content":"complete","concept":[{"code":"*","display":"Repeating","definition":"Element can repeat an unlimited number of times."}]}