{"resourceType":"CodeSystem","id":"CCC","text":{"status":"generated","div":"<div xmlns=\"http://www.w3.org/1999/xhtml\"><p>This code system <code>http://terminology.hl7.org/CodeSystem/CCC</code> defines codes, but no codes are represented here</p></div>"},"url":"http://terminology.hl7.org/CodeSystem/CCC","identifier":[{"system":"urn:ietf:rfc:3986","value":"urn:oid:2.16.840.1.113883.6.236"}],"version":"2.0.1","name":"CCC","title":"Clinical Care Classification System","status":"active","experimental":false,"date":"2019-03-20T00:00:00-04:00","publisher":"TBD - External Body","description":"Clinical Care Classification System (formerly Home Health Care Classification system) codes. The Clinical Care Classification (CCC) consists of two taxonomies: CCC of Nursing Diagnoses and CCC of Nursing Interventions both of which are classified by 21 Care Components. Each of these are classified by Care Components which provide a standardized framework for documenting patient care in hospitals, home health agencies, ambulatory care clinics, and other health care settings.","caseSensitive":true,"content":"not-present"}