{"resourceType":"CodeSystem","id":"v2-0004","text":{"status":"generated","div":"<div xmlns=\"http://www.w3.org/1999/xhtml\"><p><b>Properties</b></p><p><b>This code system  defines the following properties for its concepts</b></p><table class=\"grid\"><tr><td><b>Code</b></td><td><b>URI</b></td><td><b>Type</b></td><td><b>Description</b></td></tr><tr><td>status</td><td>http://terminology.hl7.org/CodeSystem/utg-concept-properties#status</td><td>code</td><td>Status of the concept</td></tr><tr><td>deprecated</td><td>http://terminology.hl7.org/CodeSystem/utg-concept-properties#v2-table-deprecated</td><td>code</td><td>Version of HL7 in which the code was deprecated</td></tr></table><p><b>Concepts</b></p><p>This code system <code>http://terminology.hl7.org/CodeSystem/v2-0004</code> defines the following codes:</p><table class=\"codes\"><tr><td style=\"white-space:nowrap\"><b>Code</b></td><td><b>Display</b></td><td><b>Definition</b></td><td><b>Deutsch (German, de)</b></td></tr><tr><td style=\"white-space:nowrap\">E<a name=\"v2-0004-E\"> </a></td><td>Emergency</td><td>Emergency</td><td>Notfall</td></tr><tr><td style=\"white-space:nowrap\">I<a name=\"v2-0004-I\"> </a></td><td>Inpatient</td><td>Inpatient</td><td>stationär</td></tr><tr><td style=\"white-space:nowrap\">O<a name=\"v2-0004-O\"> </a></td><td>Outpatient</td><td>Outpatient</td><td>ambulant</td></tr><tr><td style=\"white-space:nowrap\">P<a name=\"v2-0004-P\"> </a></td><td>Preadmit</td><td>Preadmit</td><td>Voraufnahme</td></tr><tr><td style=\"white-space:nowrap\">R<a name=\"v2-0004-R\"> </a></td><td>Recurring patient</td><td>Recurring patient</td><td>Wiederholungspatient</td></tr><tr><td style=\"white-space:nowrap\">B<a name=\"v2-0004-B\"> </a></td><td>Obstetrics</td><td>Obstetrics</td><td>Geburtshilfe</td></tr><tr><td style=\"white-space:nowrap\">C<a name=\"v2-0004-C\"> </a></td><td>Commercial Account</td><td>Commercial Account</td><td/></tr><tr><td style=\"white-space:nowrap\">N<a name=\"v2-0004-N\"> </a></td><td>Not Applicable</td><td>Not Applicable</td><td>Segment nicht anwendbar</td></tr><tr><td style=\"white-space:nowrap\">U<a name=\"v2-0004-U\"> </a></td><td>Unknown</td><td>Unknown</td><td>unbekannt</td></tr></table></div>"},"extension":[{"url":"http://hl7.org/fhir/StructureDefinition/structuredefinition-wg","valueCode":"pa"}],"url":"http://terminology.hl7.org/CodeSystem/v2-0004","identifier":[{"system":"urn:ietf:rfc:3986","value":"urn:oid:2.16.840.1.113883.18.5"}],"version":"2.3.0","name":"PatientClass","title":"patientClass","status":"active","experimental":false,"date":"2019-12-01","publisher":"HL7, Inc","contact":[{"telecom":[{"system":"url","value":"http://www.hl7.org/"}]}],"description":"Code system of concepts used by systems to categorize patients by site in HL7 Version 2.x interfaces in the PV1 segment.","purpose":"Underlying Master Code System for V2 table 0004 (Patient Class)","copyright":"Copyright HL7. Licensed under creative commons public domain","caseSensitive":true,"valueSet":"http://terminology.hl7.org/ValueSet/v2-0004","hierarchyMeaning":"is-a","compositional":false,"versionNeeded":false,"content":"complete","property":[{"code":"status","uri":"http://terminology.hl7.org/CodeSystem/utg-concept-properties#status","description":"Status of the concept","type":"code"},{"code":"deprecated","uri":"http://terminology.hl7.org/CodeSystem/utg-concept-properties#v2-table-deprecated","description":"Version of HL7 in which the code was deprecated","type":"code"}],"concept":[{"id":"507","code":"E","display":"Emergency","definition":"Emergency","designation":[{"language":"de","use":{"system":"http://terminology.hl7.org/CodeSystem/hl7TermMaintInfra","code":"preferredForLanguage"},"value":"Notfall"}],"property":[{"code":"status","valueCode":"A"}]},{"id":"508","code":"I","display":"Inpatient","definition":"Inpatient","designation":[{"language":"de","use":{"system":"http://terminology.hl7.org/CodeSystem/hl7TermMaintInfra","code":"preferredForLanguage"},"value":"stationär"}],"property":[{"code":"status","valueCode":"A"}]},{"id":"509","code":"O","display":"Outpatient","definition":"Outpatient","designation":[{"language":"de","use":{"system":"http://terminology.hl7.org/CodeSystem/hl7TermMaintInfra","code":"preferredForLanguage"},"value":"ambulant"}],"property":[{"code":"status","valueCode":"A"}]},{"id":"510","code":"P","display":"Preadmit","definition":"Preadmit","designation":[{"language":"de","use":{"system":"http://terminology.hl7.org/CodeSystem/hl7TermMaintInfra","code":"preferredForLanguage"},"value":"Voraufnahme"}],"property":[{"code":"status","valueCode":"A"}]},{"id":"511","code":"R","display":"Recurring patient","definition":"Recurring patient","designation":[{"language":"de","use":{"system":"http://terminology.hl7.org/CodeSystem/hl7TermMaintInfra","code":"preferredForLanguage"},"value":"Wiederholungspatient"}],"property":[{"code":"status","valueCode":"A"}]},{"id":"512","code":"B","display":"Obstetrics","definition":"Obstetrics","designation":[{"language":"de","use":{"system":"http://terminology.hl7.org/CodeSystem/hl7TermMaintInfra","code":"preferredForLanguage"},"value":"Geburtshilfe"}],"property":[{"code":"status","valueCode":"A"}]},{"id":"513","code":"C","display":"Commercial Account","definition":"Commercial Account","property":[{"code":"status","valueCode":"A"}]},{"id":"514","code":"N","display":"Not Applicable","definition":"Not Applicable","designation":[{"language":"de","use":{"system":"http://terminology.hl7.org/CodeSystem/hl7TermMaintInfra","code":"preferredForLanguage"},"value":"Segment nicht anwendbar"}],"property":[{"code":"status","valueCode":"A"}]},{"id":"515","code":"U","display":"Unknown","definition":"Unknown","designation":[{"language":"de","use":{"system":"http://terminology.hl7.org/CodeSystem/hl7TermMaintInfra","code":"preferredForLanguage"},"value":"unbekannt"}],"property":[{"code":"status","valueCode":"A"}]}]}