{"resourceType":"CodeSystem","id":"testscript-profile-origin-types","meta":{"lastUpdated":"2020-04-09T21:10:28.568+00:00","profile":["http://hl7.org/fhir/StructureDefinition/shareablecodesystem"]},"text":{"status":"generated","div":"<div xmlns=\"http://www.w3.org/1999/xhtml\"><p>This code system <code>http://terminology.hl7.org/CodeSystem/testscript-profile-origin-types</code> defines the following codes:</p><table class=\"codes\"><tr><td style=\"white-space:nowrap\"><b>Code</b></td><td><b>Display</b></td><td><b>Definition</b></td></tr><tr><td style=\"white-space:nowrap\">FHIR-Client<a name=\"testscript-profile-origin-types-FHIR-Client\"> </a></td><td>FHIR Client</td><td>General FHIR client used to initiate operations against a FHIR server.</td></tr><tr><td style=\"white-space:nowrap\">FHIR-SDC-FormFiller<a name=\"testscript-profile-origin-types-FHIR-SDC-FormFiller\"> </a></td><td>FHIR SDC FormFiller</td><td>A FHIR client acting as a Structured Data Capture Form Filler.</td></tr></table></div>"},"extension":[{"url":"http://hl7.org/fhir/StructureDefinition/structuredefinition-wg","valueCode":"fhir"},{"url":"http://hl7.org/fhir/StructureDefinition/structuredefinition-fmm","valueInteger":2}],"url":"http://terminology.hl7.org/CodeSystem/testscript-profile-origin-types","identifier":[{"system":"urn:ietf:rfc:3986","value":"urn:oid:2.16.840.1.113883.4.642.1.1196"}],"version":"0.1.0","name":"TestScriptProfileOriginType","title":"Test script profile origin type","status":"draft","experimental":false,"date":"2023-07-18T00:43:45-06:00","publisher":"FHIR Project team","contact":[{"telecom":[{"system":"url","value":"http://hl7.org/fhir"}]}],"description":"This value set defines a set of codes that are used to indicate the profile type of a test system when acting as the origin within a TestScript.","caseSensitive":true,"valueSet":"http://terminology.hl7.org/ValueSet/testscript-profile-origin-types","content":"complete","concept":[{"code":"FHIR-Client","display":"FHIR Client","definition":"General FHIR client used to initiate operations against a FHIR server."},{"code":"FHIR-SDC-FormFiller","display":"FHIR SDC FormFiller","definition":"A FHIR client acting as a Structured Data Capture Form Filler."}]}