{"resourceType":"CodeSystem","id":"icpc2E-P-AUS","text":{"status":"generated","div":"<div xmlns=\"http://www.w3.org/1999/xhtml\"><p>This code system <code>http://terminology.hl7.org/CodeSystem/icpc2E-P-AUS</code> defines codes, but no codes are represented here</p></div>"},"url":"http://terminology.hl7.org/CodeSystem/icpc2E-P-AUS","identifier":[{"system":"urn:ietf:rfc:3986","value":"urn:oid:2.16.840.1.113883.6.140.2"}],"version":"2.0.1","name":"Icpc2EPAUS","title":"ICPC2P 1998 Plus Austral Mod","status":"retired","experimental":false,"date":"2021-11-09T10:00:00+10:00","publisher":"TBD - External Body","contact":[{"name":"National Library of Medicine"}],"description":"International Classification of Primary Care, Version 2-Plus, Australian Modification. January, 2000","caseSensitive":true,"content":"not-present"}