{"resourceType":"CodeSystem","id":"icpc2-icd10-ENG","text":{"status":"generated","div":"<div xmlns=\"http://www.w3.org/1999/xhtml\"><p>This code system <code>http://terminology.hl7.org/CodeSystem/icpc2-icd10-ENG</code> defines codes, but no codes are represented here</p></div>"},"url":"http://terminology.hl7.org/CodeSystem/icpc2-icd10-ENG","identifier":[{"system":"urn:ietf:rfc:3986","value":"urn:oid:2.16.840.1.113883.6.142.4"}],"version":"2.0.1","name":"Icpc2Icd10ENG","title":"ICPC2-ICD10 Thesaurus (English)","status":"retired","experimental":false,"date":"2021-11-09T10:00:00+10:00","publisher":"TBD - External Body","contact":[{"name":"WHO Collaborating Centre for the FIC in The Netherlands"}],"description":"Becker, H.W., C. van Boven, S.K. Oskam, I.M. Okkes, W. Hirs, H. Lamberts. ICPC2 - ICD10 Thesaurus, Version March, 2004. Amsterdam: Project \"Adaptation ICPC, integration and implementation of ICPC2 and ICD10(-CM).\" Department of General Practice, Academic","caseSensitive":true,"content":"not-present"}