{"resourceType":"CodeSystem","id":"icd-o","text":{"status":"generated","div":"<div xmlns=\"http://www.w3.org/1999/xhtml\"><p>This code system <code>http://terminology.hl7.org/CodeSystem/icd-o</code> defines codes, but no codes are represented here</p></div>"},"url":"http://terminology.hl7.org/CodeSystem/icd-o","identifier":[{"system":"urn:ietf:rfc:3986","value":"urn:oid:2.16.840.1.113883.6.43"}],"version":"2.0.1","name":"IcdO","title":"International Classification of Diseases for Oncology","status":"retired","experimental":false,"date":"2021-11-09T10:00:00+10:00","publisher":"TBD - External Body","contact":[{"name":"World Health Organization (WHO)"}],"description":"International Classification of Diseases for Oncology)","caseSensitive":true,"content":"not-present"}