{"resourceType":"CodeSystem","id":"pclocd","text":{"status":"generated","div":"<div xmlns=\"http://www.w3.org/1999/xhtml\"><p>This code system <code>https://fhir.infoway-inforoute.ca/CodeSystem/pCLOCD</code> defines codes, but no codes are represented here</p></div>"},"url":"https://fhir.infoway-inforoute.ca/CodeSystem/pCLOCD","identifier":[{"system":"urn:ietf:rfc:3986","value":"urn:oid:2.16.840.1.113883.2.20.5.1"}],"version":"3.0.1","name":"Pclocd","title":"pan-Canadian LOINC Observation Code Database","status":"active","experimental":false,"date":"2019-03-20T00:00:00-04:00","publisher":"Canada Health Infoway","contact":[{"name":"Canada Health Infoway","telecom":[{"system":"url","value":"https://infocentral.infoway-inforoute.ca/en/standards/canadian/pclocd-loinc"}]}],"description":"The pan Canadian LOINC Observation Code Database (pCLOCD) is the Canadian version of the LOINC(tm) database. It was created using the LOINC(tm) records and attributes that were constrained for Canadian use and supplemented to specifically meet Canadian requirements. It contains the core LOINC(tm) attributes as required by Regenstrief copyright rules. The LOINC(tm) Component has been customized to meet Canadian requirements and is displayed as the pan Canadian Component Name. This component name is the basis for the pan Canadian Display Name. Core attributes are include both English and Canadian French.\r\n\r\nThis code system contains supplemental \"X\" codes defined in the pCLOCD that do not yet exist in the LOINC code system.","caseSensitive":false,"content":"not-present"}