{"resourceType":"CodeSystem","id":"rcV2","text":{"status":"generated","div":"<div xmlns=\"http://www.w3.org/1999/xhtml\"><p>This code system <code>http://terminology.hl7.org/CodeSystem/rcV2</code> defines codes, but no codes are represented here</p></div>"},"url":"http://terminology.hl7.org/CodeSystem/rcV2","identifier":[{"system":"urn:ietf:rfc:3986","value":"urn:oid:2.16.840.1.113883.6.29"}],"version":"2.0.1","name":"RcV2","title":"The Read Codes Version 2","status":"retired","experimental":false,"date":"2021-11-09T10:00:00+10:00","publisher":"TBD - External Body","contact":[{"name":"Paul Frosdick, NHS Information Authority"}],"description":"The Read Codes Version 2 contains over 70,000 coded concepts arranged in a hierarchical structure.\r\n\r\nTop level hierarchy sections: Disorders Findings Surgical procedures Investigations Occupations Drugs","caseSensitive":true,"content":"not-present"}