{"resourceType":"CodeSystem","id":"program","meta":{"lastUpdated":"2020-04-09T21:10:28.568+00:00","profile":["http://hl7.org/fhir/StructureDefinition/shareablecodesystem"]},"text":{"status":"generated","div":"<div xmlns=\"http://www.w3.org/1999/xhtml\"><p>This code system <code>http://terminology.hl7.org/CodeSystem/program</code> defines the following codes:</p><table class=\"codes\"><tr><td style=\"white-space:nowrap\"><b>Code</b></td><td><b>Display</b></td></tr><tr><td style=\"white-space:nowrap\">1<a name=\"program-1\"> </a></td><td>Acquired Brain Injury (ABI) Program</td></tr><tr><td style=\"white-space:nowrap\">2<a name=\"program-2\"> </a></td><td>ABI Slow To Recover (ABI STR) Program</td></tr><tr><td style=\"white-space:nowrap\">3<a name=\"program-3\"> </a></td><td>Access Programs</td></tr><tr><td style=\"white-space:nowrap\">4<a name=\"program-4\"> </a></td><td>Adult and Further Education (ACFE) Program</td></tr><tr><td style=\"white-space:nowrap\">5<a name=\"program-5\"> </a></td><td>Adult Day Activity and Support Services (ADASS) Program</td></tr><tr><td style=\"white-space:nowrap\">6<a name=\"program-6\"> </a></td><td>Adult Day Care Program</td></tr><tr><td style=\"white-space:nowrap\">7<a name=\"program-7\"> </a></td><td>ATSS (Adult Training Support Service)</td></tr><tr><td style=\"white-space:nowrap\">8<a name=\"program-8\"> </a></td><td>Community Aged Care Packages (CACP)</td></tr><tr><td style=\"white-space:nowrap\">9<a name=\"program-9\"> </a></td><td>Care Coordination &amp; Supplementary Services (CCSS)</td></tr><tr><td style=\"white-space:nowrap\">10<a name=\"program-10\"> </a></td><td>Cognitive Dementia Memory Service (CDAMS)</td></tr><tr><td style=\"white-space:nowrap\">11<a name=\"program-11\"> </a></td><td>ChildFIRST</td></tr><tr><td style=\"white-space:nowrap\">12<a name=\"program-12\"> </a></td><td>Children's Contact Services</td></tr><tr><td style=\"white-space:nowrap\">13<a name=\"program-13\"> </a></td><td>Community Visitors Scheme</td></tr><tr><td style=\"white-space:nowrap\">14<a name=\"program-14\"> </a></td><td>CPP (Community Partners Program)</td></tr><tr><td style=\"white-space:nowrap\">15<a name=\"program-15\"> </a></td><td>Closing the Gap (CTG)</td></tr><tr><td style=\"white-space:nowrap\">16<a name=\"program-16\"> </a></td><td>Coordinated Veterans' Care (CVC) Program</td></tr><tr><td style=\"white-space:nowrap\">17<a name=\"program-17\"> </a></td><td>Day Program</td></tr><tr><td style=\"white-space:nowrap\">18<a name=\"program-18\"> </a></td><td>Drop In Program</td></tr><tr><td style=\"white-space:nowrap\">19<a name=\"program-19\"> </a></td><td>Early Years Program</td></tr><tr><td style=\"white-space:nowrap\">20<a name=\"program-20\"> </a></td><td>Employee Assistance Program</td></tr><tr><td style=\"white-space:nowrap\">21<a name=\"program-21\"> </a></td><td>Home And Community Care (HACC)</td></tr><tr><td style=\"white-space:nowrap\">22<a name=\"program-22\"> </a></td><td>Hospital Admission Risk Program (HARP)</td></tr><tr><td style=\"white-space:nowrap\">23<a name=\"program-23\"> </a></td><td>Hospital in the Home (HITH) Program</td></tr><tr><td style=\"white-space:nowrap\">24<a name=\"program-24\"> </a></td><td>ICTP (Intensive Community Treatment Program)</td></tr><tr><td style=\"white-space:nowrap\">25<a name=\"program-25\"> </a></td><td>IFSS (Intensive Family Support Program)</td></tr><tr><td style=\"white-space:nowrap\">26<a name=\"program-26\"> </a></td><td>JPET (Job Placement, Education and Training)</td></tr><tr><td style=\"white-space:nowrap\">27<a name=\"program-27\"> </a></td><td>Koori Juvenile Justice Program</td></tr><tr><td style=\"white-space:nowrap\">28<a name=\"program-28\"> </a></td><td>Language Literacy and Numeracy Program</td></tr><tr><td style=\"white-space:nowrap\">29<a name=\"program-29\"> </a></td><td>Life Skills Program</td></tr><tr><td style=\"white-space:nowrap\">30<a name=\"program-30\"> </a></td><td>LMP (Lifestyle Modification Program)</td></tr><tr><td style=\"white-space:nowrap\">31<a name=\"program-31\"> </a></td><td>MedsCheck Program</td></tr><tr><td style=\"white-space:nowrap\">32<a name=\"program-32\"> </a></td><td>Methadone/Buprenorphine Program</td></tr><tr><td style=\"white-space:nowrap\">33<a name=\"program-33\"> </a></td><td>National Disabilities Insurance Scheme (NDIS)</td></tr><tr><td style=\"white-space:nowrap\">34<a name=\"program-34\"> </a></td><td>National Diabetes Services Scheme (NDSS)</td></tr><tr><td style=\"white-space:nowrap\">35<a name=\"program-35\"> </a></td><td>Needle/Syringe Program</td></tr><tr><td style=\"white-space:nowrap\">36<a name=\"program-36\"> </a></td><td>nPEP Program</td></tr><tr><td style=\"white-space:nowrap\">37<a name=\"program-37\"> </a></td><td>Personal Support Program</td></tr><tr><td style=\"white-space:nowrap\">38<a name=\"program-38\"> </a></td><td>Partners in Recovery (PIR) Program</td></tr><tr><td style=\"white-space:nowrap\">39<a name=\"program-39\"> </a></td><td>Pre-employment Program</td></tr><tr><td style=\"white-space:nowrap\">40<a name=\"program-40\"> </a></td><td>Reconnect Program</td></tr><tr><td style=\"white-space:nowrap\">41<a name=\"program-41\"> </a></td><td>Sexual Abuse Counselling and Prevention Program (SACPP)</td></tr><tr><td style=\"white-space:nowrap\">42<a name=\"program-42\"> </a></td><td>Social Support Programs</td></tr><tr><td style=\"white-space:nowrap\">43<a name=\"program-43\"> </a></td><td>Supported Residential Service (SRS)</td></tr><tr><td style=\"white-space:nowrap\">44<a name=\"program-44\"> </a></td><td>Tasmanian Aboriginal Centre (TAC)</td></tr><tr><td style=\"white-space:nowrap\">45<a name=\"program-45\"> </a></td><td>Victim's Assistance Program</td></tr></table></div>"},"extension":[{"url":"http://hl7.org/fhir/StructureDefinition/structuredefinition-wg","valueCode":"pa"},{"url":"http://hl7.org/fhir/StructureDefinition/structuredefinition-fmm","valueInteger":1}],"url":"http://terminology.hl7.org/CodeSystem/program","identifier":[{"system":"urn:ietf:rfc:3986","value":"urn:oid:2.16.840.1.113883.4.642.1.1384"}],"version":"0.1.0","name":"Program","title":"Program","status":"draft","experimental":false,"date":"2023-07-18T00:43:45-06:00","publisher":"FHIR Project team","contact":[{"telecom":[{"system":"url","value":"http://hl7.org/fhir"}]}],"description":"This value set defines an example set of codes that could be can be used to classify groupings of service-types/specialties.","caseSensitive":true,"valueSet":"http://terminology.hl7.org/ValueSet/program","content":"complete","concept":[{"code":"1","display":"Acquired Brain Injury (ABI) Program"},{"code":"2","display":"ABI Slow To Recover (ABI STR) Program"},{"code":"3","display":"Access Programs"},{"code":"4","display":"Adult and Further Education (ACFE) Program"},{"code":"5","display":"Adult Day Activity and Support Services (ADASS) Program"},{"code":"6","display":"Adult Day Care Program"},{"code":"7","display":"ATSS (Adult Training Support Service)"},{"code":"8","display":"Community Aged Care Packages (CACP)"},{"code":"9","display":"Care Coordination & Supplementary Services (CCSS)"},{"code":"10","display":"Cognitive Dementia Memory Service (CDAMS)"},{"code":"11","display":"ChildFIRST"},{"code":"12","display":"Children's Contact Services"},{"code":"13","display":"Community Visitors Scheme"},{"code":"14","display":"CPP (Community Partners Program)"},{"code":"15","display":"Closing the Gap (CTG)"},{"code":"16","display":"Coordinated Veterans' Care (CVC) Program"},{"code":"17","display":"Day Program"},{"code":"18","display":"Drop In Program"},{"code":"19","display":"Early Years Program"},{"code":"20","display":"Employee Assistance Program"},{"code":"21","display":"Home And Community Care (HACC)"},{"code":"22","display":"Hospital Admission Risk Program (HARP)"},{"code":"23","display":"Hospital in the Home (HITH) Program"},{"code":"24","display":"ICTP (Intensive Community Treatment Program)"},{"code":"25","display":"IFSS (Intensive Family Support Program)"},{"code":"26","display":"JPET (Job Placement, Education and Training)"},{"code":"27","display":"Koori Juvenile Justice Program"},{"code":"28","display":"Language Literacy and Numeracy Program"},{"code":"29","display":"Life Skills Program"},{"code":"30","display":"LMP (Lifestyle Modification Program)"},{"code":"31","display":"MedsCheck Program"},{"code":"32","display":"Methadone/Buprenorphine Program"},{"code":"33","display":"National Disabilities Insurance Scheme (NDIS)"},{"code":"34","display":"National Diabetes Services Scheme (NDSS)"},{"code":"35","display":"Needle/Syringe Program"},{"code":"36","display":"nPEP Program"},{"code":"37","display":"Personal Support Program"},{"code":"38","display":"Partners in Recovery (PIR) Program"},{"code":"39","display":"Pre-employment Program"},{"code":"40","display":"Reconnect Program"},{"code":"41","display":"Sexual Abuse Counselling and Prevention Program (SACPP)"},{"code":"42","display":"Social Support Programs"},{"code":"43","display":"Supported Residential Service (SRS)"},{"code":"44","display":"Tasmanian Aboriginal Centre (TAC)"},{"code":"45","display":"Victim's Assistance Program"}]}