{"resourceType":"CodeSystem","id":"supplyrequest-reason","meta":{"lastUpdated":"2020-04-09T21:10:28.568+00:00"},"text":{"status":"generated","div":"<div xmlns=\"http://www.w3.org/1999/xhtml\"><p>This code system <code>http://terminology.hl7.org/CodeSystem/supplyrequest-reason</code> defines the following codes:</p><table class=\"codes\"><tr><td style=\"white-space:nowrap\"><b>Code</b></td><td><b>Display</b></td><td><b>Definition</b></td></tr><tr><td style=\"white-space:nowrap\">patient-care<a name=\"supplyrequest-reason-patient-care\"> </a></td><td>Patient Care</td><td>The supply has been requested for use in direct patient care.</td></tr><tr><td style=\"white-space:nowrap\">ward-stock<a name=\"supplyrequest-reason-ward-stock\"> </a></td><td>Ward Stock</td><td>The supply has been requested for creating or replenishing ward stock.</td></tr></table></div>"},"extension":[{"url":"http://hl7.org/fhir/StructureDefinition/structuredefinition-wg","valueCode":"oo"},{"url":"http://hl7.org/fhir/StructureDefinition/structuredefinition-fmm","valueInteger":1}],"url":"http://terminology.hl7.org/CodeSystem/supplyrequest-reason","identifier":[{"system":"urn:ietf:rfc:3986","value":"urn:oid:2.16.840.1.113883.4.642.1.1193"}],"version":"0.1.0","name":"SupplyRequestReason","title":"SupplyRequestReason","status":"draft","experimental":false,"date":"2020-04-09T21:10:28+00:00","publisher":"HL7 (FHIR Project)","contact":[{"telecom":[{"system":"url","value":"http://hl7.org/fhir"},{"system":"email","value":"fhir@lists.hl7.org"}]}],"description":"The reason why the supply item was requested.","caseSensitive":true,"valueSet":"http://terminology.hl7.org/ValueSet/supplyrequest-reason","content":"complete","concept":[{"code":"patient-care","display":"Patient Care","definition":"The supply has been requested for use in direct patient care."},{"code":"ward-stock","display":"Ward Stock","definition":"The supply has been requested for creating or replenishing ward stock."}]}