{"resourceType":"CodeSystem","id":"catalogType","meta":{"lastUpdated":"2020-04-09T21:10:28.568+00:00"},"text":{"status":"generated","div":"<div xmlns=\"http://www.w3.org/1999/xhtml\"><p>This code system <code>http://terminology.hl7.org/CodeSystem/catalogType</code> defines the following codes:</p><table class=\"codes\"><tr><td style=\"white-space:nowrap\"><b>Code</b></td><td><b>Display</b></td><td><b>Definition</b></td></tr><tr><td style=\"white-space:nowrap\">medication<a name=\"catalogType-medication\"> </a></td><td>Medication Catalog</td><td>Medication Catalog.</td></tr><tr><td style=\"white-space:nowrap\">device<a name=\"catalogType-device\"> </a></td><td>Device Catalog</td><td>Device Catalog.</td></tr><tr><td style=\"white-space:nowrap\">protocol<a name=\"catalogType-protocol\"> </a></td><td>Protocol List</td><td>Protocol List.</td></tr></table></div>"},"url":"http://terminology.hl7.org/CodeSystem/catalogType","identifier":[{"system":"urn:ietf:rfc:3986","value":"urn:oid:2.16.840.1.113883.4.642.1.1288"}],"version":"0.1.0","name":"CatalogType","title":"CatalogType","status":"draft","experimental":false,"date":"2020-04-09T21:10:28+00:00","publisher":"HL7 (FHIR Project)","contact":[{"telecom":[{"system":"url","value":"http://hl7.org/fhir"},{"system":"email","value":"fhir@lists.hl7.org"}]}],"description":"The type of catalog.","caseSensitive":true,"valueSet":"http://terminology.hl7.org/ValueSet/catalogType","content":"complete","concept":[{"code":"medication","display":"Medication Catalog","definition":"Medication Catalog."},{"code":"device","display":"Device Catalog","definition":"Device Catalog."},{"code":"protocol","display":"Protocol List","definition":"Protocol List."}]}