{"resourceType":"CodeSystem","id":"match-grade","meta":{"lastUpdated":"2020-04-09T21:10:28.568+00:00"},"text":{"status":"generated","div":"<div xmlns=\"http://www.w3.org/1999/xhtml\"><p>This code system <code>http://terminology.hl7.org/CodeSystem/match-grade</code> defines the following codes:</p><table class=\"codes\"><tr><td style=\"white-space:nowrap\"><b>Code</b></td><td><b>Display</b></td><td><b>Definition</b></td></tr><tr><td style=\"white-space:nowrap\">certain<a name=\"match-grade-certain\"> </a></td><td>Certain Match</td><td>This record meets the matching criteria to be automatically considered as a full match.</td></tr><tr><td style=\"white-space:nowrap\">probable<a name=\"match-grade-probable\"> </a></td><td>Probable Match</td><td>This record is a close match, but not a certain match. Additional review (e.g. by a human) may be required before using this as a match.</td></tr><tr><td style=\"white-space:nowrap\">possible<a name=\"match-grade-possible\"> </a></td><td>Possible Match</td><td>This record may be a matching one. Additional review (e.g. by a human) SHOULD be performed before using this as a match.</td></tr><tr><td style=\"white-space:nowrap\">certainly-not<a name=\"match-grade-certainly-not\"> </a></td><td>Certainly Not a Match</td><td>This record is known not to be a match. Note that usually non-matching records are not returned, but in some cases records previously or likely considered as a match may specifically be negated by the matching engine.</td></tr></table></div>"},"url":"http://terminology.hl7.org/CodeSystem/match-grade","identifier":[{"system":"urn:ietf:rfc:3986","value":"urn:oid:2.16.840.1.113883.4.642.1.1289"}],"version":"0.1.0","name":"MatchGrade","title":"MatchGrade","status":"draft","experimental":false,"date":"2020-04-09T21:10:28+00:00","publisher":"HL7 (FHIR Project)","contact":[{"telecom":[{"system":"url","value":"http://hl7.org/fhir"},{"system":"email","value":"fhir@lists.hl7.org"}]}],"description":"A Master Patient Index (MPI) assessment of whether a candidate patient record is a match or not.","caseSensitive":true,"valueSet":"http://terminology.hl7.org/ValueSet/match-grade","content":"complete","concept":[{"code":"certain","display":"Certain Match","definition":"This record meets the matching criteria to be automatically considered as a full match."},{"code":"probable","display":"Probable Match","definition":"This record is a close match, but not a certain match. Additional review (e.g. by a human) may be required before using this as a match."},{"code":"possible","display":"Possible Match","definition":"This record may be a matching one. Additional review (e.g. by a human) SHOULD be performed before using this as a match."},{"code":"certainly-not","display":"Certainly Not a Match","definition":"This record is known not to be a match. Note that usually non-matching records are not returned, but in some cases records previously or likely considered as a match may specifically be negated by the matching engine."}]}