{"resourceType":"CodeSystem","id":"admit-source","meta":{"lastUpdated":"2020-04-09T21:10:28.568+00:00","profile":["http://hl7.org/fhir/StructureDefinition/shareablecodesystem"]},"text":{"status":"generated","div":"<div xmlns=\"http://www.w3.org/1999/xhtml\"><p>This code system <code>http://terminology.hl7.org/CodeSystem/admit-source</code> defines the following codes:</p><table class=\"codes\"><tr><td style=\"white-space:nowrap\"><b>Code</b></td><td><b>Display</b></td><td><b>Definition</b></td></tr><tr><td style=\"white-space:nowrap\">hosp-trans<a name=\"admit-source-hosp-trans\"> </a></td><td>Transferred from other hospital</td><td>The Patient has been transferred from another hospital for this encounter.</td></tr><tr><td style=\"white-space:nowrap\">emd<a name=\"admit-source-emd\"> </a></td><td>From accident/emergency department</td><td>The patient has been transferred from the emergency department within the hospital. This is typically used in the transition to an inpatient encounter</td></tr><tr><td style=\"white-space:nowrap\">outp<a name=\"admit-source-outp\"> </a></td><td>From outpatient department</td><td>The patient has been transferred from an outpatient department within the hospital.</td></tr><tr><td style=\"white-space:nowrap\">born<a name=\"admit-source-born\"> </a></td><td>Born in hospital</td><td>The patient is a newborn and the encounter will track the baby related activities (as opposed to the Mothers encounter - that may be associated using the newborn encounters partof property)</td></tr><tr><td style=\"white-space:nowrap\">gp<a name=\"admit-source-gp\"> </a></td><td>General Practitioner referral</td><td>The patient has been admitted due to a referred from a General Practitioner.</td></tr><tr><td style=\"white-space:nowrap\">mp<a name=\"admit-source-mp\"> </a></td><td>Medical Practitioner/physician referral</td><td>The patient has been admitted due to a referred from a Specialist (as opposed to a General Practitioner).</td></tr><tr><td style=\"white-space:nowrap\">nursing<a name=\"admit-source-nursing\"> </a></td><td>From nursing home</td><td>The patient has been transferred from a nursing home.</td></tr><tr><td style=\"white-space:nowrap\">psych<a name=\"admit-source-psych\"> </a></td><td>From psychiatric hospital</td><td>The patient has been transferred from a psychiatric facility.</td></tr><tr><td style=\"white-space:nowrap\">rehab<a name=\"admit-source-rehab\"> </a></td><td>From rehabilitation facility</td><td>The patient has been transferred from a rehabilitation facility or clinic.</td></tr><tr><td style=\"white-space:nowrap\">other<a name=\"admit-source-other\"> </a></td><td>Other</td><td>The patient has been admitted from a source otherwise not specified here.</td></tr></table></div>"},"extension":[{"url":"http://hl7.org/fhir/StructureDefinition/structuredefinition-wg","valueCode":"pa"}],"url":"http://terminology.hl7.org/CodeSystem/admit-source","identifier":[{"system":"urn:ietf:rfc:3986","value":"urn:oid:2.16.840.1.113883.4.642.1.1092"}],"version":"0.1.0","name":"AdmitSource","title":"Admit source","status":"draft","experimental":false,"date":"2023-07-18T00:43:45-06:00","publisher":"FHIR Project team","contact":[{"telecom":[{"system":"url","value":"http://hl7.org/fhir"}]}],"description":"This value set defines a set of codes that can be used to indicate from where the patient came in.","caseSensitive":true,"valueSet":"http://terminology.hl7.org/ValueSet/encounter-admit-source","content":"complete","concept":[{"code":"hosp-trans","display":"Transferred from other hospital","definition":"The Patient has been transferred from another hospital for this encounter."},{"code":"emd","display":"From accident/emergency department","definition":"The patient has been transferred from the emergency department within the hospital. This is typically used in the transition to an inpatient encounter"},{"code":"outp","display":"From outpatient department","definition":"The patient has been transferred from an outpatient department within the hospital."},{"code":"born","display":"Born in hospital","definition":"The patient is a newborn and the encounter will track the baby related activities (as opposed to the Mothers encounter - that may be associated using the newborn encounters partof property)"},{"code":"gp","display":"General Practitioner referral","definition":"The patient has been admitted due to a referred from a General Practitioner."},{"code":"mp","display":"Medical Practitioner/physician referral","definition":"The patient has been admitted due to a referred from a Specialist (as opposed to a General Practitioner)."},{"code":"nursing","display":"From nursing home","definition":"The patient has been transferred from a nursing home."},{"code":"psych","display":"From psychiatric hospital","definition":"The patient has been transferred from a psychiatric facility."},{"code":"rehab","display":"From rehabilitation facility","definition":"The patient has been transferred from a rehabilitation facility or clinic."},{"code":"other","display":"Other","definition":"The patient has been admitted from a source otherwise not specified here."}]}