{"resourceType":"CodeSystem","id":"ex-procedure-type","meta":{"lastUpdated":"2020-04-09T21:10:28.568+00:00","profile":["http://hl7.org/fhir/StructureDefinition/shareablecodesystem"]},"text":{"status":"generated","div":"<div xmlns=\"http://www.w3.org/1999/xhtml\"><p>This code system <code>http://terminology.hl7.org/CodeSystem/ex-procedure-type</code> defines the following codes:</p><table class=\"codes\"><tr><td style=\"white-space:nowrap\"><b>Code</b></td><td><b>Display</b></td><td><b>Definition</b></td></tr><tr><td style=\"white-space:nowrap\">primary<a name=\"ex-procedure-type-primary\"> </a></td><td>Primary procedure</td><td>The first procedure in a series required to produce and overall patient outcome.</td></tr><tr><td style=\"white-space:nowrap\">secondary<a name=\"ex-procedure-type-secondary\"> </a></td><td>Secondary procedure</td><td>The second procedure in a series required to produce and overall patient outcome.</td></tr></table></div>"},"extension":[{"url":"http://hl7.org/fhir/StructureDefinition/structuredefinition-wg","valueCode":"fm"},{"url":"http://hl7.org/fhir/StructureDefinition/structuredefinition-fmm","valueInteger":1}],"url":"http://terminology.hl7.org/CodeSystem/ex-procedure-type","identifier":[{"system":"urn:ietf:rfc:3986","value":"urn:oid:2.16.840.1.113883.4.642.1.1388"}],"version":"0.1.0","name":"ExampleProcedureTypeCodes","title":"Example Procedure Type Codes","status":"draft","experimental":false,"date":"2023-07-18T00:43:45-06:00","publisher":"Financial Management","contact":[{"telecom":[{"system":"url","value":"http://hl7.org/fhir"}]}],"description":"This value set includes example Procedure Type codes.","copyright":"This is an example set.","caseSensitive":true,"valueSet":"http://terminology.hl7.org/ValueSet/ex-procedure-type","content":"complete","concept":[{"code":"primary","display":"Primary procedure","definition":"The first procedure in a series required to produce and overall patient outcome."},{"code":"secondary","display":"Secondary procedure","definition":"The second procedure in a series required to produce and overall patient outcome."}]}