{"resourceType":"CodeSystem","id":"paymentstatus","meta":{"lastUpdated":"2020-04-09T21:10:28.568+00:00","profile":["http://hl7.org/fhir/StructureDefinition/shareablecodesystem"]},"text":{"status":"generated","div":"<div xmlns=\"http://www.w3.org/1999/xhtml\"><p>This code system <code>http://terminology.hl7.org/CodeSystem/paymentstatus</code> defines the following codes:</p><table class=\"codes\"><tr><td style=\"white-space:nowrap\"><b>Code</b></td><td><b>Display</b></td><td><b>Definition</b></td></tr><tr><td style=\"white-space:nowrap\">paid<a name=\"paymentstatus-paid\"> </a></td><td>Paid</td><td>The payment has been sent physically or electronically.</td></tr><tr><td style=\"white-space:nowrap\">cleared<a name=\"paymentstatus-cleared\"> </a></td><td>Cleared</td><td>The payment has been received by the payee.</td></tr></table></div>"},"extension":[{"url":"http://hl7.org/fhir/StructureDefinition/structuredefinition-wg","valueCode":"fm"},{"url":"http://hl7.org/fhir/StructureDefinition/structuredefinition-fmm","valueInteger":1}],"url":"http://terminology.hl7.org/CodeSystem/paymentstatus","identifier":[{"system":"urn:ietf:rfc:3986","value":"urn:oid:2.16.840.1.113883.4.642.1.1187"}],"version":"0.1.0","name":"PaymentStatusCodes","title":"Payment Status Codes","status":"draft","experimental":false,"date":"2023-07-18T00:43:45-06:00","publisher":"Financial Management","contact":[{"telecom":[{"system":"url","value":"http://hl7.org/fhir"}]}],"description":"This value set includes a sample set of Payment Status codes.","copyright":"This is an example set.","caseSensitive":true,"valueSet":"http://terminology.hl7.org/ValueSet/payment-status","content":"complete","concept":[{"code":"paid","display":"Paid","definition":"The payment has been sent physically or electronically."},{"code":"cleared","display":"Cleared","definition":"The payment has been received by the payee."}]}