{"resourceType":"CodeSystem","id":"medicationknowledge-package-type","meta":{"lastUpdated":"2020-04-09T21:10:28.568+00:00","profile":["http://hl7.org/fhir/StructureDefinition/shareablecodesystem"]},"text":{"status":"generated","div":"<div xmlns=\"http://www.w3.org/1999/xhtml\"><p>This code system <code>http://terminology.hl7.org/CodeSystem/medicationknowledge-package-type</code> defines the following codes:</p><table class=\"codes\"><tr><td style=\"white-space:nowrap\"><b>Code</b></td><td><b>Display</b></td></tr><tr><td style=\"white-space:nowrap\">amp<a name=\"medicationknowledge-package-type-amp\"> </a></td><td>Ampule</td></tr><tr><td style=\"white-space:nowrap\">bag<a name=\"medicationknowledge-package-type-bag\"> </a></td><td>Bag</td></tr><tr><td style=\"white-space:nowrap\">blstrpk<a name=\"medicationknowledge-package-type-blstrpk\"> </a></td><td>Blister Pack</td></tr><tr><td style=\"white-space:nowrap\">bot<a name=\"medicationknowledge-package-type-bot\"> </a></td><td>Bottle</td></tr><tr><td style=\"white-space:nowrap\">box<a name=\"medicationknowledge-package-type-box\"> </a></td><td>Box</td></tr><tr><td style=\"white-space:nowrap\">can<a name=\"medicationknowledge-package-type-can\"> </a></td><td>Can</td></tr><tr><td style=\"white-space:nowrap\">cart<a name=\"medicationknowledge-package-type-cart\"> </a></td><td>Cartridge</td></tr><tr><td style=\"white-space:nowrap\">disk<a name=\"medicationknowledge-package-type-disk\"> </a></td><td>Disk</td></tr><tr><td style=\"white-space:nowrap\">doset<a name=\"medicationknowledge-package-type-doset\"> </a></td><td>Dosette</td></tr><tr><td style=\"white-space:nowrap\">jar<a name=\"medicationknowledge-package-type-jar\"> </a></td><td>Jar</td></tr><tr><td style=\"white-space:nowrap\">jug<a name=\"medicationknowledge-package-type-jug\"> </a></td><td>Jug</td></tr><tr><td style=\"white-space:nowrap\">minim<a name=\"medicationknowledge-package-type-minim\"> </a></td><td>Minim</td></tr><tr><td style=\"white-space:nowrap\">nebamp<a name=\"medicationknowledge-package-type-nebamp\"> </a></td><td>Nebule Amp</td></tr><tr><td style=\"white-space:nowrap\">ovul<a name=\"medicationknowledge-package-type-ovul\"> </a></td><td>Ovule</td></tr><tr><td style=\"white-space:nowrap\">pch<a name=\"medicationknowledge-package-type-pch\"> </a></td><td>Pouch</td></tr><tr><td style=\"white-space:nowrap\">pkt<a name=\"medicationknowledge-package-type-pkt\"> </a></td><td>Packet</td></tr><tr><td style=\"white-space:nowrap\">sash<a name=\"medicationknowledge-package-type-sash\"> </a></td><td>Sashet</td></tr><tr><td style=\"white-space:nowrap\">strip<a name=\"medicationknowledge-package-type-strip\"> </a></td><td>Strip</td></tr><tr><td style=\"white-space:nowrap\">tin<a name=\"medicationknowledge-package-type-tin\"> </a></td><td>Tin</td></tr><tr><td style=\"white-space:nowrap\">tub<a name=\"medicationknowledge-package-type-tub\"> </a></td><td>Tub</td></tr><tr><td style=\"white-space:nowrap\">tube<a name=\"medicationknowledge-package-type-tube\"> </a></td><td>Tube</td></tr><tr><td style=\"white-space:nowrap\">vial<a name=\"medicationknowledge-package-type-vial\"> </a></td><td>Vial</td></tr></table></div>"},"extension":[{"url":"http://hl7.org/fhir/StructureDefinition/structuredefinition-wg","valueCode":"phx"},{"url":"http://hl7.org/fhir/StructureDefinition/structuredefinition-fmm","valueInteger":1}],"url":"http://terminology.hl7.org/CodeSystem/medicationknowledge-package-type","identifier":[{"system":"urn:ietf:rfc:3986","value":"urn:oid:2.16.840.1.113883.4.642.1.1340"}],"version":"0.1.0","name":"MedicationKnowledgePackageTypeCodes","title":"MedicationKnowledge Package Type Codes","status":"draft","experimental":false,"date":"2023-07-18T00:43:45-06:00","publisher":"FHIR Project team","contact":[{"telecom":[{"system":"url","value":"http://hl7.org/fhir"}]}],"description":"MedicationKnowledge Package Type Codes","caseSensitive":true,"valueSet":"http://terminology.hl7.org/ValueSet/medicationknowledge-package-type","content":"complete","concept":[{"code":"amp","display":"Ampule"},{"code":"bag","display":"Bag"},{"code":"blstrpk","display":"Blister Pack"},{"code":"bot","display":"Bottle"},{"code":"box","display":"Box"},{"code":"can","display":"Can"},{"code":"cart","display":"Cartridge"},{"code":"disk","display":"Disk"},{"code":"doset","display":"Dosette"},{"code":"jar","display":"Jar"},{"code":"jug","display":"Jug"},{"code":"minim","display":"Minim"},{"code":"nebamp","display":"Nebule Amp"},{"code":"ovul","display":"Ovule"},{"code":"pch","display":"Pouch"},{"code":"pkt","display":"Packet"},{"code":"sash","display":"Sashet"},{"code":"strip","display":"Strip"},{"code":"tin","display":"Tin"},{"code":"tub","display":"Tub"},{"code":"tube","display":"Tube"},{"code":"vial","display":"Vial"}]}