{"resourceType":"CodeSystem","id":"GCDF","text":{"status":"generated","div":"<div xmlns=\"http://www.w3.org/1999/xhtml\"><p>This code system <code>http://terminology.hl7.org/CodeSystem/GCDF</code> defines codes, but no codes are represented here</p></div>"},"url":"http://terminology.hl7.org/CodeSystem/GCDF","identifier":[{"system":"urn:ietf:rfc:3986","value":"urn:oid:2.16.840.1.113883.4.79"}],"version":"2.0.1","name":"GCDF","title":"GCDF","status":"retired","experimental":false,"date":"2021-11-09T10:00:00+10:00","publisher":"TBD - External Body","contact":[{"name":"First DataBank, Inc,First DataBank, Inc,First DataBank, Inc,First DataBank, Inc,First DataBank, Inc,"}],"description":"GCDF\r\n\r\nDosage Form Code (2-character)\r\n\r\na two-character alphanumeric column that represents a dosage form. The dosage form of a generic drug formulation describes the physical presentation of a drug, such as tablet, capsule, or liquid. It may also incorporate the delivery and release mechanism of the drug. A GCDF is associated to each GCN\\_SEQNO to identify that component of the generic drug formulation.","caseSensitive":true,"content":"not-present"}