{"resourceType":"CodeSystem","id":"contracttermtypecodes","meta":{"lastUpdated":"2020-04-09T21:10:28.568+00:00","profile":["http://hl7.org/fhir/StructureDefinition/shareablecodesystem"]},"text":{"status":"generated","div":"<div xmlns=\"http://www.w3.org/1999/xhtml\"><p>This code system <code>http://terminology.hl7.org/CodeSystem/contracttermtypecodes</code> defines the following codes:</p><table class=\"codes\"><tr><td style=\"white-space:nowrap\"><b>Code</b></td><td><b>Display</b></td><td><b>Definition</b></td></tr><tr><td style=\"white-space:nowrap\">statutory<a name=\"contracttermtypecodes-statutory\"> </a></td><td>Statutory</td><td>Based on specialized statutes that deal with particular subjects.</td></tr><tr><td style=\"white-space:nowrap\">subject-to<a name=\"contracttermtypecodes-subject-to\"> </a></td><td>Subject To</td><td>Execution of the term in the contract is conditional on the execution of other actions.</td></tr></table></div>"},"extension":[{"url":"http://hl7.org/fhir/StructureDefinition/structuredefinition-wg","valueCode":"fm"},{"url":"http://hl7.org/fhir/StructureDefinition/structuredefinition-fmm","valueInteger":1}],"url":"http://terminology.hl7.org/CodeSystem/contracttermtypecodes","identifier":[{"system":"urn:ietf:rfc:3986","value":"urn:oid:2.16.840.1.113883.4.642.1.1199"}],"version":"0.1.0","name":"ContractTermTypeCodes","title":"Contract Term Type Codes","status":"draft","experimental":false,"date":"2023-07-18T00:43:45-06:00","publisher":"Financial Management","contact":[{"telecom":[{"system":"url","value":"http://hl7.org/fhir"}]}],"description":"This value set includes sample Contract Term Type codes.","copyright":"This is an example set.","caseSensitive":true,"valueSet":"http://terminology.hl7.org/ValueSet/contract-term-type","content":"complete","concept":[{"code":"statutory","display":"Statutory","definition":"Based on specialized statutes that deal with particular subjects."},{"code":"subject-to","display":"Subject To","definition":"Execution of the term in the contract is conditional on the execution of other actions."}]}