{"resourceType":"CodeSystem","id":"ex-revenue-center","meta":{"lastUpdated":"2020-04-09T21:10:28.568+00:00","profile":["http://hl7.org/fhir/StructureDefinition/shareablecodesystem"]},"text":{"status":"generated","div":"<div xmlns=\"http://www.w3.org/1999/xhtml\"><p>This code system <code>http://terminology.hl7.org/CodeSystem/ex-revenue-center</code> defines the following codes:</p><table class=\"codes\"><tr><td style=\"white-space:nowrap\"><b>Code</b></td><td><b>Display</b></td><td><b>Definition</b></td></tr><tr><td style=\"white-space:nowrap\">0010<a name=\"ex-revenue-center-0010\"> </a></td><td>Vision Clinic</td><td>Vision Office or Clinic.</td></tr><tr><td style=\"white-space:nowrap\">0011<a name=\"ex-revenue-center-0011\"> </a></td><td>Dental Clinic</td><td>Dental Office or Clinic.</td></tr><tr><td style=\"white-space:nowrap\">1001<a name=\"ex-revenue-center-1001\"> </a></td><td>Emergency</td><td>Emergency Department.</td></tr></table></div>"},"extension":[{"url":"http://hl7.org/fhir/StructureDefinition/structuredefinition-wg","valueCode":"fm"},{"url":"http://hl7.org/fhir/StructureDefinition/structuredefinition-fmm","valueInteger":1}],"url":"http://terminology.hl7.org/CodeSystem/ex-revenue-center","identifier":[{"system":"urn:ietf:rfc:3986","value":"urn:oid:2.16.840.1.113883.4.642.1.1168"}],"version":"0.1.0","name":"ExampleRevenueCenterCodes","title":"Example Revenue Center Codes","status":"draft","experimental":false,"date":"2023-07-18T00:43:45-06:00","publisher":"Financial Management","contact":[{"telecom":[{"system":"url","value":"http://hl7.org/fhir"}]}],"description":"This value set includes sample Revenue Center codes.","copyright":"This is an example set.","caseSensitive":true,"valueSet":"http://terminology.hl7.org/ValueSet/ex-revenue-center","content":"complete","concept":[{"code":"0010","display":"Vision Clinic","definition":"Vision Office or Clinic."},{"code":"0011","display":"Dental Clinic","definition":"Dental Office or Clinic."},{"code":"1001","display":"Emergency","definition":"Emergency Department."}]}