{"resourceType":"CodeSystem","id":"AS4","text":{"status":"generated","div":"<div xmlns=\"http://www.w3.org/1999/xhtml\"><p>This code system <code>http://terminology.hl7.org/CodeSystem/AS4</code> defines codes, but no codes are represented here</p></div>"},"url":"http://terminology.hl7.org/CodeSystem/AS4","identifier":[{"system":"urn:ietf:rfc:3986","value":"urn:oid:2.16.840.1.113883.6.30"}],"version":"2.0.1","name":"AS4","title":"ASTM E1238/ E1467 Universal","status":"retired","experimental":false,"date":"2021-11-09T10:00:00+10:00","publisher":"TBD - External Body","contact":[{"name":"American Society for Testing & Materials"}],"description":"ASTM E1238/ E1467 Universal","caseSensitive":true,"content":"not-present"}