{"resourceType":"CodeSystem","id":"insurance-plan-type","meta":{"lastUpdated":"2020-04-09T21:10:28.568+00:00","profile":["http://hl7.org/fhir/StructureDefinition/shareablecodesystem"]},"text":{"status":"generated","div":"<div xmlns=\"http://www.w3.org/1999/xhtml\"><p>This code system <code>http://terminology.hl7.org/CodeSystem/insurance-plan-type</code> provides a fragment that includes following codes:</p><table class=\"codes\"><tr><td style=\"white-space:nowrap\"><b>Code</b></td><td><b>Display</b></td></tr><tr><td style=\"white-space:nowrap\">medical<a name=\"insurance-plan-type-medical\"> </a></td><td>Medical</td></tr><tr><td style=\"white-space:nowrap\">dental<a name=\"insurance-plan-type-dental\"> </a></td><td>Dental</td></tr><tr><td style=\"white-space:nowrap\">mental<a name=\"insurance-plan-type-mental\"> </a></td><td>Mental Health</td></tr><tr><td style=\"white-space:nowrap\">subst-ab<a name=\"insurance-plan-type-subst-ab\"> </a></td><td>Substance Abuse</td></tr><tr><td style=\"white-space:nowrap\">vision<a name=\"insurance-plan-type-vision\"> </a></td><td>Vision</td></tr><tr><td style=\"white-space:nowrap\">drug<a name=\"insurance-plan-type-drug\"> </a></td><td>Drug</td></tr><tr><td style=\"white-space:nowrap\">short-term<a name=\"insurance-plan-type-short-term\"> </a></td><td>Short Term</td></tr><tr><td style=\"white-space:nowrap\">long-term<a name=\"insurance-plan-type-long-term\"> </a></td><td>Long Term Care</td></tr><tr><td style=\"white-space:nowrap\">hospice<a name=\"insurance-plan-type-hospice\"> </a></td><td>Hospice</td></tr><tr><td style=\"white-space:nowrap\">home<a name=\"insurance-plan-type-home\"> </a></td><td>Home Health</td></tr><tr style=\"background-color: #ffeeee\"><td style=\"white-space:nowrap\">Drug<a name=\"insurance-plan-type-Drug\"> </a></td><td>Drug</td></tr></table></div>"},"extension":[{"url":"http://hl7.org/fhir/StructureDefinition/structuredefinition-wg","valueCode":"pa"},{"url":"http://hl7.org/fhir/StructureDefinition/structuredefinition-fmm","valueInteger":1}],"url":"http://terminology.hl7.org/CodeSystem/insurance-plan-type","identifier":[{"system":"urn:ietf:rfc:3986","value":"urn:oid:2.16.840.1.113883.4.642.1.1261"}],"version":"1.0.0","name":"InsurancePlanType","title":"Insurance plan type","status":"draft","experimental":false,"date":"2023-07-18T00:43:45-06:00","publisher":"FHIR Project team","contact":[{"telecom":[{"system":"url","value":"http://hl7.org/fhir"}]}],"description":"This example value set defines a set of codes that can be used to indicate a type of insurance plan.","caseSensitive":true,"valueSet":"http://terminology.hl7.org/ValueSet/insuranceplan-type","content":"fragment","concept":[{"code":"medical","display":"Medical"},{"code":"dental","display":"Dental"},{"code":"mental","display":"Mental Health"},{"code":"subst-ab","display":"Substance Abuse"},{"code":"vision","display":"Vision"},{"code":"drug","display":"Drug"},{"code":"short-term","display":"Short Term"},{"code":"long-term","display":"Long Term Care"},{"code":"hospice","display":"Hospice"},{"code":"home","display":"Home Health"},{"code":"Drug","display":"Drug","property":[{"code":"status","valueCode":"retired"},{"code":"inactive","valueCode":"true"}]}]}