{"resourceType":"CodeSystem","id":"DEEDS407","text":{"status":"generated","div":"<div xmlns=\"http://www.w3.org/1999/xhtml\"><p>This code system <code>http://terminology.hl7.org/CodeSystem/DEEDS407</code> defines codes, but no codes are represented here</p></div>"},"url":"http://terminology.hl7.org/CodeSystem/DEEDS407","identifier":[{"system":"urn:ietf:rfc:3986","value":"urn:oid:2.16.840.1.113883.6.102.4.7"}],"version":"2.0.1","name":"DEEDS407","title":"DEEDS407","status":"retired","experimental":false,"date":"2021-11-09T10:00:00+10:00","publisher":"TBD - External Body","description":"Code for Initial Healthcare Encounter for Chief Complaint","caseSensitive":true,"content":"not-present"}