{"resourceType":"CodeSystem","id":"communication-not-done-reason","meta":{"lastUpdated":"2020-04-09T21:10:28.568+00:00"},"text":{"status":"generated","div":"<div xmlns=\"http://www.w3.org/1999/xhtml\"><p>This code system <code>http://terminology.hl7.org/CodeSystem/communication-not-done-reason</code> defines the following codes:</p><table class=\"codes\"><tr><td style=\"white-space:nowrap\"><b>Code</b></td><td><b>Display</b></td><td><b>Definition</b></td></tr><tr><td style=\"white-space:nowrap\">unknown<a name=\"communication-not-done-reason-unknown\"> </a></td><td>Unknown</td><td>The communication was not done due to an unknown reason.</td></tr><tr><td style=\"white-space:nowrap\">system-error<a name=\"communication-not-done-reason-system-error\"> </a></td><td>System Error</td><td>The communication was not done due to a system error.</td></tr><tr><td style=\"white-space:nowrap\">invalid-phone-number<a name=\"communication-not-done-reason-invalid-phone-number\"> </a></td><td>Invalid Phone Number</td><td>The communication was not done due to an invalid phone number.</td></tr><tr><td style=\"white-space:nowrap\">recipient-unavailable<a name=\"communication-not-done-reason-recipient-unavailable\"> </a></td><td>Recipient Unavailable</td><td>The communication was not done due to the recipient being unavailable.</td></tr><tr><td style=\"white-space:nowrap\">family-objection<a name=\"communication-not-done-reason-family-objection\"> </a></td><td>Family Objection</td><td>The communication was not done due to a family objection.</td></tr><tr><td style=\"white-space:nowrap\">patient-objection<a name=\"communication-not-done-reason-patient-objection\"> </a></td><td>Patient Objection</td><td>The communication was not done due to a patient objection.</td></tr></table></div>"},"extension":[{"url":"http://hl7.org/fhir/StructureDefinition/structuredefinition-wg","valueCode":"pc"},{"url":"http://hl7.org/fhir/StructureDefinition/structuredefinition-fmm","valueInteger":1}],"url":"http://terminology.hl7.org/CodeSystem/communication-not-done-reason","identifier":[{"system":"urn:ietf:rfc:3986","value":"urn:oid:2.16.840.1.113883.4.642.1.1077"}],"version":"0.1.0","name":"CommunicationNotDoneReason","title":"CommunicationNotDoneReason","status":"draft","experimental":false,"date":"2020-04-09T21:10:28+00:00","publisher":"HL7 (FHIR Project)","contact":[{"telecom":[{"system":"url","value":"http://hl7.org/fhir"},{"system":"email","value":"fhir@lists.hl7.org"}]}],"description":"Codes for the reason why a communication did not happen.","caseSensitive":true,"valueSet":"http://terminology.hl7.org/ValueSet/communication-not-done-reason","content":"complete","concept":[{"code":"unknown","display":"Unknown","definition":"The communication was not done due to an unknown reason."},{"code":"system-error","display":"System Error","definition":"The communication was not done due to a system error."},{"code":"invalid-phone-number","display":"Invalid Phone Number","definition":"The communication was not done due to an invalid phone number."},{"code":"recipient-unavailable","display":"Recipient Unavailable","definition":"The communication was not done due to the recipient being unavailable."},{"code":"family-objection","display":"Family Objection","definition":"The communication was not done due to a family objection."},{"code":"patient-objection","display":"Patient Objection","definition":"The communication was not done due to a patient objection."}]}