{"resourceType":"CodeSystem","id":"audit-event-type","meta":{"lastUpdated":"2020-04-09T21:10:28.568+00:00","profile":["http://hl7.org/fhir/StructureDefinition/shareablecodesystem"]},"text":{"status":"generated","div":"<div xmlns=\"http://www.w3.org/1999/xhtml\"><p>This code system <code>http://terminology.hl7.org/CodeSystem/audit-event-type</code> defines the following codes:</p><table class=\"codes\"><tr><td style=\"white-space:nowrap\"><b>Code</b></td><td><b>Display</b></td><td><b>Definition</b></td></tr><tr><td style=\"white-space:nowrap\">rest<a name=\"audit-event-type-rest\"> </a></td><td>RESTful Operation</td><td>Audit Event: Execution of a RESTful operation as defined by FHIR.</td></tr><tr><td style=\"white-space:nowrap\">hl7-v2<a name=\"audit-event-type-hl7-v2\"> </a></td><td>HL7 v2 Operation</td><td>Audit Event: Execution of an HL7 v2 operation.</td></tr><tr><td style=\"white-space:nowrap\">hl7-v3<a name=\"audit-event-type-hl7-v3\"> </a></td><td>HL7 v3 Operation</td><td>Audit Event: Execution of an HL7 v3 operation as defined by FHIR.</td></tr><tr><td style=\"white-space:nowrap\">document<a name=\"audit-event-type-document\"> </a></td><td>A Document Operation</td><td>Audit Event: Execution of an operation on a Document (e.g. XDS, CDA, etc).</td></tr><tr><td style=\"white-space:nowrap\">object<a name=\"audit-event-type-object\"> </a></td><td>An Operation on other Objects</td><td>Audit Event: Execution of an operation on an Object. For use when a more specific event type is not available.</td></tr></table></div>"},"extension":[{"url":"http://hl7.org/fhir/StructureDefinition/structuredefinition-wg","valueCode":"sec"},{"url":"http://hl7.org/fhir/StructureDefinition/structuredefinition-fmm","valueInteger":3}],"url":"http://terminology.hl7.org/CodeSystem/audit-event-type","identifier":[{"system":"urn:ietf:rfc:3986","value":"urn:oid:2.16.840.1.113883.4.642.1.1136"}],"version":"0.5.0","name":"AuditEventID","title":"Audit Event ID","status":"active","experimental":false,"date":"2015-03-26T11:00:00+11:00","publisher":"NEMA/DICOM","description":"Event Types for Audit Events - defined by DICOM with some FHIR specific additions.","copyright":"These codes are excerpted from Digital Imaging and Communications in Medicine (DICOM) Standard, Part 16: Content Mapping Resource, Copyright © 2011 by the National Electrical Manufacturers Association.","caseSensitive":true,"content":"complete","concept":[{"code":"rest","display":"RESTful Operation","definition":"Audit Event: Execution of a RESTful operation as defined by FHIR."},{"code":"hl7-v2","display":"HL7 v2 Operation","definition":"Audit Event: Execution of an HL7 v2 operation."},{"code":"hl7-v3","display":"HL7 v3 Operation","definition":"Audit Event: Execution of an HL7 v3 operation as defined by FHIR."},{"code":"document","display":"A Document Operation","definition":"Audit Event: Execution of an operation on a Document (e.g. XDS, CDA, etc)."},{"code":"object","display":"An Operation on other Objects","definition":"Audit Event: Execution of an operation on an Object. For use when a more specific event type is not available."}]}