{"resourceType":"CodeSystem","id":"service-referral-method","meta":{"lastUpdated":"2020-04-09T21:10:28.568+00:00"},"text":{"status":"generated","div":"<div xmlns=\"http://www.w3.org/1999/xhtml\"><p>This code system <code>http://terminology.hl7.org/CodeSystem/service-referral-method</code> defines the following codes:</p><table class=\"codes\"><tr><td style=\"white-space:nowrap\"><b>Code</b></td><td><b>Display</b></td><td><b>Definition</b></td></tr><tr><td style=\"white-space:nowrap\">fax<a name=\"service-referral-method-fax\"> </a></td><td>Fax</td><td>Referrals may be accepted by fax.</td></tr><tr><td style=\"white-space:nowrap\">phone<a name=\"service-referral-method-phone\"> </a></td><td>Phone</td><td>Referrals may be accepted over the phone from a practitioner.</td></tr><tr><td style=\"white-space:nowrap\">elec<a name=\"service-referral-method-elec\"> </a></td><td>Secure Messaging</td><td>Referrals may be accepted via a secure messaging system. To determine the types of secure messaging systems supported, refer to the identifiers collection. Callers will need to understand the specific identifier system used to know that they are able to transmit messages.</td></tr><tr><td style=\"white-space:nowrap\">semail<a name=\"service-referral-method-semail\"> </a></td><td>Secure Email</td><td>Referrals may be accepted via a secure email. To send please encrypt with the services public key.</td></tr><tr><td style=\"white-space:nowrap\">mail<a name=\"service-referral-method-mail\"> </a></td><td>Mail</td><td>Referrals may be accepted via regular postage (or hand delivered).</td></tr></table></div>"},"extension":[{"url":"http://hl7.org/fhir/StructureDefinition/structuredefinition-wg","valueCode":"pa"},{"url":"http://hl7.org/fhir/StructureDefinition/structuredefinition-fmm","valueInteger":1}],"url":"http://terminology.hl7.org/CodeSystem/service-referral-method","identifier":[{"system":"urn:ietf:rfc:3986","value":"urn:oid:2.16.840.1.113883.4.642.1.1142"}],"version":"0.1.0","name":"ReferralMethod","title":"ReferralMethod","status":"draft","experimental":false,"date":"2020-04-09T21:10:28+00:00","publisher":"HL7 (FHIR Project)","contact":[{"telecom":[{"system":"url","value":"http://hl7.org/fhir"},{"system":"email","value":"fhir@lists.hl7.org"}]}],"description":"The methods of referral can be used when referring to a specific HealthCareService resource.","caseSensitive":true,"valueSet":"http://terminology.hl7.org/ValueSet/service-referral-method","content":"complete","concept":[{"code":"fax","display":"Fax","definition":"Referrals may be accepted by fax."},{"code":"phone","display":"Phone","definition":"Referrals may be accepted over the phone from a practitioner."},{"code":"elec","display":"Secure Messaging","definition":"Referrals may be accepted via a secure messaging system. To determine the types of secure messaging systems supported, refer to the identifiers collection. Callers will need to understand the specific identifier system used to know that they are able to transmit messages."},{"code":"semail","display":"Secure Email","definition":"Referrals may be accepted via a secure email. To send please encrypt with the services public key."},{"code":"mail","display":"Mail","definition":"Referrals may be accepted via regular postage (or hand delivered)."}]}