{"resourceType":"CodeSystem","id":"contractaction","meta":{"lastUpdated":"2020-04-09T21:10:28.568+00:00","profile":["http://hl7.org/fhir/StructureDefinition/shareablecodesystem"]},"text":{"status":"generated","div":"<div xmlns=\"http://www.w3.org/1999/xhtml\"><p>This code system <code>http://terminology.hl7.org/CodeSystem/contractaction</code> defines the following codes:</p><table class=\"codes\"><tr><td style=\"white-space:nowrap\"><b>Code</b></td><td><b>Display</b></td><td><b>Definition</b></td></tr><tr><td style=\"white-space:nowrap\">action-a<a name=\"contractaction-action-a\"> </a></td><td>Action A</td><td>Definition for Action A</td></tr><tr><td style=\"white-space:nowrap\">action-b<a name=\"contractaction-action-b\"> </a></td><td>Action B</td><td>Definition for Action B</td></tr></table></div>"},"extension":[{"url":"http://hl7.org/fhir/StructureDefinition/structuredefinition-wg","valueCode":"fm"},{"url":"http://hl7.org/fhir/StructureDefinition/structuredefinition-fmm","valueInteger":1}],"url":"http://terminology.hl7.org/CodeSystem/contractaction","identifier":[{"system":"urn:ietf:rfc:3986","value":"urn:oid:2.16.840.1.113883.4.642.1.1202"}],"version":"0.1.0","name":"ContractActionCodes","title":"Contract Action Codes","status":"draft","experimental":false,"date":"2023-07-18T00:43:45-06:00","publisher":"Financial Management","contact":[{"telecom":[{"system":"url","value":"http://hl7.org/fhir"}]}],"description":"This value set includes sample Contract Action codes.","copyright":"This is an example set.","caseSensitive":true,"valueSet":"http://terminology.hl7.org/ValueSet/contract-action","content":"complete","concept":[{"code":"action-a","display":"Action A","definition":"Definition for Action A"},{"code":"action-b","display":"Action B","definition":"Definition for Action B"}]}