{"resourceType":"CodeSystem","id":"definition-status","meta":{"lastUpdated":"2020-04-09T21:10:28.568+00:00"},"text":{"status":"generated","div":"<div xmlns=\"http://www.w3.org/1999/xhtml\"><p>This code system <code>http://terminology.hl7.org/CodeSystem/definition-status</code> defines the following codes:</p><table class=\"codes\"><tr><td style=\"white-space:nowrap\"><b>Code</b></td><td><b>Display</b></td><td><b>Definition</b></td></tr><tr><td style=\"white-space:nowrap\">draft<a name=\"definition-status-draft\"> </a></td><td>Draft</td><td>The definition is in the design stage and is not yet considered to be &quot;ready for use&quot;.</td></tr><tr><td style=\"white-space:nowrap\">active<a name=\"definition-status-active\"> </a></td><td>Active</td><td>The definition is considered ready for use.</td></tr><tr><td style=\"white-space:nowrap\">withdrawn<a name=\"definition-status-withdrawn\"> </a></td><td>Withdrawn</td><td>The definition should no longer be used.</td></tr><tr><td style=\"white-space:nowrap\">unknown<a name=\"definition-status-unknown\"> </a></td><td>Unknown</td><td>The authoring/source system does not know which of the status values currently applies for this resource.  Note: This concept is not to be used for &quot;other&quot; - one of the listed statuses is presumed to apply,  but the authoring/source system does not know which.</td></tr></table></div>"},"url":"http://terminology.hl7.org/CodeSystem/definition-status","identifier":[{"system":"urn:ietf:rfc:3986","value":"urn:oid:2.16.840.1.113883.4.642.1.1070"}],"version":"0.1.0","name":"DefinitionStatus","title":"DefinitionStatus","status":"draft","experimental":false,"date":"2020-04-09T21:10:28+00:00","publisher":"HL7 (FHIR Project)","contact":[{"telecom":[{"system":"url","value":"http://hl7.org/fhir"},{"system":"email","value":"fhir@lists.hl7.org"}]}],"description":"Codes identifying the lifecycle stage of a definition.","caseSensitive":true,"valueSet":"http://terminology.hl7.org/ValueSet/definition-status","content":"complete","concept":[{"code":"draft","display":"Draft","definition":"The definition is in the design stage and is not yet considered to be \"ready for use\"."},{"code":"active","display":"Active","definition":"The definition is considered ready for use."},{"code":"withdrawn","display":"Withdrawn","definition":"The definition should no longer be used."},{"code":"unknown","display":"Unknown","definition":"The authoring/source system does not know which of the status values currently applies for this resource.  Note: This concept is not to be used for \"other\" - one of the listed statuses is presumed to apply,  but the authoring/source system does not know which."}]}