{"resourceType":"CodeSystem","id":"POS","text":{"status":"generated","div":"<div xmlns=\"http://www.w3.org/1999/xhtml\"><p>This code system <code>http://terminology.hl7.org/CodeSystem/POS</code> defines codes, but no codes are represented here</p></div>"},"url":"http://terminology.hl7.org/CodeSystem/POS","identifier":[{"system":"urn:ietf:rfc:3986","value":"urn:oid:2.16.840.1.113883.6.50"}],"version":"2.0.1","name":"POS","title":"POS Codes","status":"active","experimental":false,"date":"2019-03-20T00:00:00-04:00","publisher":"TBD - External Body","description":"POS Codes","caseSensitive":true,"content":"not-present"}