{"resourceType":"CodeSystem","id":"mth-icpc2-icd10-AE","text":{"status":"generated","div":"<div xmlns=\"http://www.w3.org/1999/xhtml\"><p>This code system <code>http://terminology.hl7.org/CodeSystem/mth-icpc2-icd10-AE</code> defines codes, but no codes are represented here</p></div>"},"url":"http://terminology.hl7.org/CodeSystem/mth-icpc2-icd10-AE","identifier":[{"system":"urn:ietf:rfc:3986","value":"urn:oid:2.16.840.1.113883.6.142.3"}],"version":"2.0.1","name":"MthIcpc2Icd10AE","title":"ICPC2-ICD10 Thesaurus, Am Engl","status":"retired","experimental":false,"date":"2021-11-09T10:00:00+10:00","publisher":"TBD - External Body","contact":[{"name":"WHO Collaborating Centre for the FIC in The Netherlands"}],"description":"International Classification of Primary Care / prepared by the Classification Committee of the World Organization of National Colleges, Academies and Academic Associations of General Practitioners/Family Physicians (WONCA), known more briefly as the World","caseSensitive":true,"content":"not-present"}