{"resourceType":"CodeSystem","id":"episodeofcare-type","meta":{"lastUpdated":"2020-04-09T21:10:28.568+00:00","profile":["http://hl7.org/fhir/StructureDefinition/shareablecodesystem"]},"text":{"status":"generated","div":"<div xmlns=\"http://www.w3.org/1999/xhtml\"><p>This code system <code>http://terminology.hl7.org/CodeSystem/episodeofcare-type</code> defines the following codes:</p><table class=\"codes\"><tr><td style=\"white-space:nowrap\"><b>Code</b></td><td><b>Display</b></td></tr><tr><td style=\"white-space:nowrap\">hacc<a name=\"episodeofcare-type-hacc\"> </a></td><td>Home and Community Care</td></tr><tr><td style=\"white-space:nowrap\">pac<a name=\"episodeofcare-type-pac\"> </a></td><td>Post Acute Care</td></tr><tr><td style=\"white-space:nowrap\">diab<a name=\"episodeofcare-type-diab\"> </a></td><td>Post coordinated diabetes program</td></tr><tr><td style=\"white-space:nowrap\">da<a name=\"episodeofcare-type-da\"> </a></td><td>Drug and alcohol rehabilitation</td></tr><tr><td style=\"white-space:nowrap\">cacp<a name=\"episodeofcare-type-cacp\"> </a></td><td>Community-based aged care</td></tr></table></div>"},"extension":[{"url":"http://hl7.org/fhir/StructureDefinition/structuredefinition-wg","valueCode":"pa"},{"url":"http://hl7.org/fhir/StructureDefinition/structuredefinition-fmm","valueInteger":1}],"url":"http://terminology.hl7.org/CodeSystem/episodeofcare-type","identifier":[{"system":"urn:ietf:rfc:3986","value":"urn:oid:2.16.840.1.113883.4.642.1.1189"}],"version":"0.1.0","name":"EpisodeOfCareType","title":"Episode of care type","status":"draft","experimental":false,"date":"2023-07-18T00:43:45-06:00","publisher":"FHIR Project team","contact":[{"telecom":[{"system":"url","value":"http://hl7.org/fhir"}]}],"description":"This example value set defines a set of codes that can be used to express the usage type of an EpisodeOfCare record.","caseSensitive":true,"valueSet":"http://terminology.hl7.org/ValueSet/episodeofcare-type","content":"complete","concept":[{"code":"hacc","display":"Home and Community Care"},{"code":"pac","display":"Post Acute Care"},{"code":"diab","display":"Post coordinated diabetes program"},{"code":"da","display":"Drug and alcohol rehabilitation"},{"code":"cacp","display":"Community-based aged care"}]}