{"resourceType":"CodeSystem","id":"supply-item-type","meta":{"lastUpdated":"2020-04-09T21:10:28.568+00:00","profile":["http://hl7.org/fhir/StructureDefinition/shareablecodesystem"]},"text":{"status":"generated","div":"<div xmlns=\"http://www.w3.org/1999/xhtml\"><p>This code system <code>http://terminology.hl7.org/CodeSystem/supply-item-type</code> defines the following codes:</p><table class=\"codes\"><tr><td style=\"white-space:nowrap\"><b>Code</b></td><td><b>Display</b></td><td><b>Definition</b></td></tr><tr><td style=\"white-space:nowrap\">medication<a name=\"supply-item-type-medication\"> </a></td><td>Medication</td><td>Supply is a kind of medication.</td></tr><tr><td style=\"white-space:nowrap\">device<a name=\"supply-item-type-device\"> </a></td><td>Device</td><td>What is supplied (or requested) is a device.</td></tr></table></div>"},"extension":[{"url":"http://hl7.org/fhir/StructureDefinition/structuredefinition-wg","valueCode":"oo"},{"url":"http://hl7.org/fhir/StructureDefinition/structuredefinition-fmm","valueInteger":1}],"url":"http://terminology.hl7.org/CodeSystem/supply-item-type","identifier":[{"system":"urn:ietf:rfc:3986","value":"urn:oid:2.16.840.1.113883.4.642.1.1194"}],"version":"0.1.0","name":"SupplyItemType","title":"Supply Item Type","status":"draft","experimental":false,"date":"2023-07-18T00:43:45-06:00","publisher":"FHIR Project team","contact":[{"telecom":[{"system":"url","value":"http://hl7.org/fhir"}]}],"description":"This value sets refers to a specific supply item.","caseSensitive":true,"valueSet":"http://terminology.hl7.org/ValueSet/supplydelivery-type","content":"complete","concept":[{"code":"medication","display":"Medication","definition":"Supply is a kind of medication."},{"code":"device","display":"Device","definition":"What is supplied (or requested) is a device."}]}