{"resourceType":"CodeSystem","id":"SCDHEC-GISSpatialAccuracyTiers","text":{"status":"generated","div":"<div xmlns=\"http://www.w3.org/1999/xhtml\"><p>This code system <code>http://terminology.hl7.org/CodeSystem/SCDHEC-GISSpatialAccuracyTiers</code> defines codes, but no codes are represented here</p></div>"},"url":"http://terminology.hl7.org/CodeSystem/SCDHEC-GISSpatialAccuracyTiers","identifier":[{"system":"urn:ietf:rfc:3986","value":"urn:oid:2.16.840.1.113883.6.241"}],"version":"2.0.1","name":"SCDHECGISSpatialAccuracyTiers","title":"SCDHEC GIS Spatial Accuracy Tiers","status":"retired","experimental":false,"date":"2021-11-09T10:00:00+10:00","publisher":"TBD - External Body","description":"**Description:** The South Carolina Department of Health and Environmental Control GIS Spatial Data Accuracy Tiers have been derived from the National Standard for Spatial Data Accuracy as a means to categorize the accuracy of spatial data assignment utilizing a variety of tools for capturing coordinates including digitizers, geocoding software and global positioning system devices.","caseSensitive":true,"content":"not-present"}