{"resourceType":"CodeSystem","id":"encounter-type","meta":{"lastUpdated":"2020-04-09T21:10:28.568+00:00","profile":["http://hl7.org/fhir/StructureDefinition/shareablecodesystem"]},"text":{"status":"generated","div":"<div xmlns=\"http://www.w3.org/1999/xhtml\"><p>This code system <code>http://terminology.hl7.org/CodeSystem/encounter-type</code> defines the following codes:</p><table class=\"codes\"><tr><td style=\"white-space:nowrap\"><b>Code</b></td><td><b>Display</b></td></tr><tr><td style=\"white-space:nowrap\">ADMS<a name=\"encounter-type-ADMS\"> </a></td><td>Annual diabetes mellitus screening</td></tr><tr><td style=\"white-space:nowrap\">BD/BM-clin<a name=\"encounter-type-BD.47BM-clin\"> </a></td><td>Bone drilling/bone marrow punction in clinic</td></tr><tr><td style=\"white-space:nowrap\">CCS60<a name=\"encounter-type-CCS60\"> </a></td><td>Infant colon screening - 60 minutes</td></tr><tr><td style=\"white-space:nowrap\">OKI<a name=\"encounter-type-OKI\"> </a></td><td>Outpatient Kenacort injection</td></tr></table></div>"},"extension":[{"url":"http://hl7.org/fhir/StructureDefinition/structuredefinition-wg","valueCode":"pa"},{"url":"http://hl7.org/fhir/StructureDefinition/structuredefinition-fmm","valueInteger":1}],"url":"http://terminology.hl7.org/CodeSystem/encounter-type","identifier":[{"system":"urn:ietf:rfc:3986","value":"urn:oid:2.16.840.1.113883.4.642.1.1088"}],"version":"0.1.0","name":"EncounterType","title":"Encounter type","status":"draft","experimental":false,"date":"2023-07-18T00:43:45-06:00","publisher":"FHIR Project team","contact":[{"telecom":[{"system":"url","value":"http://hl7.org/fhir"}]}],"description":"This example value set defines a set of codes that can be used to indicate the type of encounter: a specific code indicating type of service provided.","caseSensitive":true,"valueSet":"http://terminology.hl7.org/ValueSet/encounter-type","content":"complete","concept":[{"code":"ADMS","display":"Annual diabetes mellitus screening"},{"code":"BD/BM-clin","display":"Bone drilling/bone marrow punction in clinic"},{"code":"CCS60","display":"Infant colon screening - 60 minutes"},{"code":"OKI","display":"Outpatient Kenacort injection"}]}