{"resourceType":"CodeSystem","id":"immunization-funding-source","meta":{"lastUpdated":"2020-04-09T21:10:28.568+00:00","profile":["http://hl7.org/fhir/StructureDefinition/shareablecodesystem"]},"text":{"status":"generated","div":"<div xmlns=\"http://www.w3.org/1999/xhtml\"><p>This code system <code>http://terminology.hl7.org/CodeSystem/immunization-funding-source</code> defines the following codes:</p><table class=\"codes\"><tr><td style=\"white-space:nowrap\"><b>Code</b></td><td><b>Display</b></td><td><b>Definition</b></td></tr><tr><td style=\"white-space:nowrap\">private<a name=\"immunization-funding-source-private\"> </a></td><td>Private</td><td>The vaccine was purchased with private funds.</td></tr><tr><td style=\"white-space:nowrap\">public<a name=\"immunization-funding-source-public\"> </a></td><td>Public</td><td>The vaccine was purchased with public funds.</td></tr></table></div>"},"extension":[{"url":"http://hl7.org/fhir/StructureDefinition/structuredefinition-wg","valueCode":"pher"},{"url":"http://hl7.org/fhir/StructureDefinition/structuredefinition-fmm","valueInteger":1}],"url":"http://terminology.hl7.org/CodeSystem/immunization-funding-source","identifier":[{"system":"urn:ietf:rfc:3986","value":"urn:oid:2.16.840.1.113883.4.642.1.1100"}],"version":"0.1.0","name":"ImmunizationFundingSource","title":"Immunization Funding Source","status":"draft","experimental":false,"date":"2023-07-18T00:43:45-06:00","publisher":"FHIR Project team","contact":[{"telecom":[{"system":"url","value":"http://www.hl7.org/Special/committees/pher/index.cfm"}]}],"description":"The value set to instantiate this attribute should be drawn from a terminologically robust code system that consists of or contains concepts to support describing the source of the vaccine administered. This value set is provided as a suggestive example.","caseSensitive":true,"valueSet":"http://terminology.hl7.org/ValueSet/immunization-funding-source","content":"complete","concept":[{"code":"private","display":"Private","definition":"The vaccine was purchased with private funds."},{"code":"public","display":"Public","definition":"The vaccine was purchased with public funds."}]}