{"resourceType":"CodeSystem","id":"v2-0038","text":{"status":"generated","div":"<div xmlns=\"http://www.w3.org/1999/xhtml\"><p><b>Properties</b></p><p><b>This code system  defines the following properties for its concepts</b></p><table class=\"grid\"><tr><td><b>Code</b></td><td><b>URI</b></td><td><b>Type</b></td><td><b>Description</b></td></tr><tr><td>status</td><td>http://terminology.hl7.org/CodeSystem/utg-concept-properties#status</td><td>code</td><td>Status of the concept</td></tr><tr><td>deprecated</td><td>http://terminology.hl7.org/CodeSystem/utg-concept-properties#v2-table-deprecated</td><td>code</td><td>Version of HL7 in which the code was deprecated</td></tr></table><p><b>Concepts</b></p><p>This code system <code>http://terminology.hl7.org/CodeSystem/v2-0038</code> defines the following codes:</p><table class=\"codes\"><tr><td style=\"white-space:nowrap\"><b>Code</b></td><td><b>Display</b></td><td><b>Definition</b></td><td><b>Deutsch (German, de)</b></td></tr><tr><td style=\"white-space:nowrap\">A<a name=\"v2-0038-A\"> </a></td><td>Some, but not all, results available</td><td>Some, but not all, results available</td><td>einige, aber nicht alle, Resultate verfügbar</td></tr><tr><td style=\"white-space:nowrap\">CA<a name=\"v2-0038-CA\"> </a></td><td>Order was canceled</td><td>Order was canceled</td><td>Auftrag storniert</td></tr><tr><td style=\"white-space:nowrap\">CM<a name=\"v2-0038-CM\"> </a></td><td>Order is completed</td><td>Order is completed</td><td>Auftrag ausgeführt</td></tr><tr><td style=\"white-space:nowrap\">DC<a name=\"v2-0038-DC\"> </a></td><td>Order was discontinued</td><td>Order was discontinued</td><td>Ausführung des Auftrags abgebrochen</td></tr><tr><td style=\"white-space:nowrap\">ER<a name=\"v2-0038-ER\"> </a></td><td>Error, order not found</td><td>Error, order not found</td><td>Auftrag nicht gefunden</td></tr><tr><td style=\"white-space:nowrap\">HD<a name=\"v2-0038-HD\"> </a></td><td>Order is on hold</td><td>Order is on hold</td><td>Auftragsbearbeitung ausgesetzt</td></tr><tr><td style=\"white-space:nowrap\">IP<a name=\"v2-0038-IP\"> </a></td><td>In process, unspecified</td><td>In process, unspecified</td><td>Auftrag in Bearbeitung</td></tr><tr><td style=\"white-space:nowrap\">RP<a name=\"v2-0038-RP\"> </a></td><td>Order has been replaced</td><td>Order has been replaced</td><td>Auftrag ist ersetzt worden</td></tr><tr><td style=\"white-space:nowrap\">SC<a name=\"v2-0038-SC\"> </a></td><td>In process, scheduled</td><td>In process, scheduled</td><td>Auftrag hat Termin oder ist in Ausführung</td></tr></table></div>"},"extension":[{"url":"http://hl7.org/fhir/StructureDefinition/structuredefinition-wg","valueCode":"oo"}],"url":"http://terminology.hl7.org/CodeSystem/v2-0038","identifier":[{"system":"urn:ietf:rfc:3986","value":"urn:oid:2.16.840.1.113883.18.18"}],"version":"2.3.0","name":"OrderStatus","title":"orderStatus","status":"active","experimental":false,"date":"2019-12-01","publisher":"HL7, Inc","contact":[{"telecom":[{"system":"url","value":"http://www.hl7.org/"}]}],"description":"HL7-defined code system of concepts specifying the status of an order. The purpose of these values are to report the status of an order either upon request (solicited), or when the status changes (unsolicited). The values are not intended to initiate action.  It is assumed that the order status value always reflects the status as it is known to the sending application at the time that a message is sent.  Only the filler can originate these values.  Used in HL7 Version 2.x messaging in the ORC segment.","purpose":"Underlying Master Code System for V2 table 0038 (Order status)","copyright":"Copyright HL7. Licensed under creative commons public domain","caseSensitive":true,"valueSet":"http://terminology.hl7.org/ValueSet/v2-0038","hierarchyMeaning":"is-a","compositional":false,"versionNeeded":false,"content":"complete","property":[{"code":"status","uri":"http://terminology.hl7.org/CodeSystem/utg-concept-properties#status","description":"Status of the concept","type":"code"},{"code":"deprecated","uri":"http://terminology.hl7.org/CodeSystem/utg-concept-properties#v2-table-deprecated","description":"Version of HL7 in which the code was deprecated","type":"code"}],"concept":[{"id":"721","code":"A","display":"Some, but not all, results available","definition":"Some, but not all, results available","designation":[{"language":"de","use":{"system":"http://terminology.hl7.org/CodeSystem/hl7TermMaintInfra","code":"preferredForLanguage"},"value":"einige, aber nicht alle, Resultate verfügbar"}],"property":[{"code":"status","valueCode":"A"}]},{"id":"722","code":"CA","display":"Order was canceled","definition":"Order was canceled","designation":[{"language":"de","use":{"system":"http://terminology.hl7.org/CodeSystem/hl7TermMaintInfra","code":"preferredForLanguage"},"value":"Auftrag storniert"}],"property":[{"code":"status","valueCode":"A"}]},{"id":"723","code":"CM","display":"Order is completed","definition":"Order is completed","designation":[{"language":"de","use":{"system":"http://terminology.hl7.org/CodeSystem/hl7TermMaintInfra","code":"preferredForLanguage"},"value":"Auftrag ausgeführt"}],"property":[{"code":"status","valueCode":"A"}]},{"id":"724","code":"DC","display":"Order was discontinued","definition":"Order was discontinued","designation":[{"language":"de","use":{"system":"http://terminology.hl7.org/CodeSystem/hl7TermMaintInfra","code":"preferredForLanguage"},"value":"Ausführung des Auftrags abgebrochen"}],"property":[{"code":"status","valueCode":"A"}]},{"id":"725","code":"ER","display":"Error, order not found","definition":"Error, order not found","designation":[{"language":"de","use":{"system":"http://terminology.hl7.org/CodeSystem/hl7TermMaintInfra","code":"preferredForLanguage"},"value":"Auftrag nicht gefunden"}],"property":[{"code":"status","valueCode":"A"}]},{"id":"726","code":"HD","display":"Order is on hold","definition":"Order is on hold","designation":[{"language":"de","use":{"system":"http://terminology.hl7.org/CodeSystem/hl7TermMaintInfra","code":"preferredForLanguage"},"value":"Auftragsbearbeitung ausgesetzt"}],"property":[{"code":"status","valueCode":"A"}]},{"id":"727","code":"IP","display":"In process, unspecified","definition":"In process, unspecified","designation":[{"language":"de","use":{"system":"http://terminology.hl7.org/CodeSystem/hl7TermMaintInfra","code":"preferredForLanguage"},"value":"Auftrag in Bearbeitung"}],"property":[{"code":"status","valueCode":"A"}]},{"id":"728","code":"RP","display":"Order has been replaced","definition":"Order has been replaced","designation":[{"language":"de","use":{"system":"http://terminology.hl7.org/CodeSystem/hl7TermMaintInfra","code":"preferredForLanguage"},"value":"Auftrag ist ersetzt worden"}],"property":[{"code":"status","valueCode":"A"}]},{"id":"729","code":"SC","display":"In process, scheduled","definition":"In process, scheduled","designation":[{"language":"de","use":{"system":"http://terminology.hl7.org/CodeSystem/hl7TermMaintInfra","code":"preferredForLanguage"},"value":"Auftrag hat Termin oder ist in Ausführung"}],"property":[{"code":"status","valueCode":"A"}]}]}