{"resourceType":"CodeSystem","id":"consentaction","meta":{"lastUpdated":"2020-04-09T21:10:28.568+00:00","profile":["http://hl7.org/fhir/StructureDefinition/shareablecodesystem"]},"text":{"status":"generated","div":"<div xmlns=\"http://www.w3.org/1999/xhtml\"><p>This code system <code>http://terminology.hl7.org/CodeSystem/consentaction</code> defines the following codes:</p><table class=\"codes\"><tr><td style=\"white-space:nowrap\"><b>Code</b></td><td><b>Display</b></td><td><b>Definition</b></td></tr><tr><td style=\"white-space:nowrap\">collect<a name=\"consentaction-collect\"> </a></td><td>Collect</td><td>Gather retrieved information for storage</td></tr><tr><td style=\"white-space:nowrap\">access<a name=\"consentaction-access\"> </a></td><td>Access</td><td>Retrieval without permitting collection, use or disclosure. e.g., no screen-scraping for collection, use or disclosure (view-only access)</td></tr><tr><td style=\"white-space:nowrap\">use<a name=\"consentaction-use\"> </a></td><td>Use</td><td>Utilize the retrieved information</td></tr><tr><td style=\"white-space:nowrap\">disclose<a name=\"consentaction-disclose\"> </a></td><td>Disclose</td><td>Transfer retrieved information</td></tr><tr><td style=\"white-space:nowrap\">correct<a name=\"consentaction-correct\"> </a></td><td>Access and Correct</td><td>Allow retrieval of a patient's information for the purpose of update or rectify</td></tr></table></div>"},"extension":[{"url":"http://hl7.org/fhir/StructureDefinition/structuredefinition-wg","valueCode":"cbcc"},{"url":"http://hl7.org/fhir/StructureDefinition/structuredefinition-fmm","valueInteger":1}],"url":"http://terminology.hl7.org/CodeSystem/consentaction","identifier":[{"system":"urn:ietf:rfc:3986","value":"urn:oid:2.16.840.1.113883.4.642.1.1227"}],"version":"0.1.0","name":"ConsentActionCodes","title":"Consent Action Codes","status":"draft","experimental":false,"date":"2023-07-18T00:43:45-06:00","publisher":"CBCC","contact":[{"telecom":[{"system":"url","value":"http://hl7.org/fhir"}]}],"description":"This value set includes sample Consent Action codes.","copyright":"This is an example set.","caseSensitive":true,"valueSet":"http://terminology.hl7.org/ValueSet/consent-action","content":"complete","concept":[{"code":"collect","display":"Collect","definition":"Gather retrieved information for storage"},{"code":"access","display":"Access","definition":"Retrieval without permitting collection, use or disclosure. e.g., no screen-scraping for collection, use or disclosure (view-only access)"},{"code":"use","display":"Use","definition":"Utilize the retrieved information"},{"code":"disclose","display":"Disclose","definition":"Transfer retrieved information"},{"code":"correct","display":"Access and Correct","definition":"Allow retrieval of a patient's information for the purpose of update or rectify"}]}