{"resourceType":"CodeSystem","id":"standardBillingUnit","text":{"status":"generated","div":"<div xmlns=\"http://www.w3.org/1999/xhtml\"><p>This code system <code>http://terminology.hl7.org/CodeSystem/standardBillingUnit</code> defines codes, but no codes are represented here</p></div>"},"url":"http://terminology.hl7.org/CodeSystem/standardBillingUnit","identifier":[{"system":"urn:ietf:rfc:3986","value":"urn:oid:2.16.840.1.113883.2.13"}],"version":"2.0.1","name":"StandardBillingUnit","title":"Standard Billing Unit","status":"active","experimental":false,"date":"2019-03-20T00:00:00-04:00","publisher":"TBD - External Body","contact":[{"name":"National Council for Prescription Drug Programs (NCPDP),National Council for Prescription Drug Progr"}],"description":"NCPDP standard product billing codes of NCPDP field Unit of Measure (600-28). This billing code is assigned per product, placed in the Structured Product Label, and used in the pharmacy billing processing for consistent billing unit.","caseSensitive":true,"content":"not-present"}