{"resourceType":"CodeSystem","id":"modifiers","meta":{"lastUpdated":"2020-04-09T21:10:28.568+00:00","profile":["http://hl7.org/fhir/StructureDefinition/shareablecodesystem"]},"text":{"status":"generated","div":"<div xmlns=\"http://www.w3.org/1999/xhtml\"><p>This code system <code>http://terminology.hl7.org/CodeSystem/modifiers</code> defines the following codes:</p><table class=\"codes\"><tr><td style=\"white-space:nowrap\"><b>Code</b></td><td><b>Display</b></td><td><b>Definition</b></td></tr><tr><td style=\"white-space:nowrap\">a<a name=\"modifiers-a\"> </a></td><td>Repair of prior service or installation</td><td>Repair of prior service or installation.</td></tr><tr><td style=\"white-space:nowrap\">b<a name=\"modifiers-b\"> </a></td><td>Temporary service or installation</td><td>Temporary service or installation.</td></tr><tr><td style=\"white-space:nowrap\">c<a name=\"modifiers-c\"> </a></td><td>TMJ treatment</td><td>Treatment associated with TMJ.</td></tr><tr><td style=\"white-space:nowrap\">e<a name=\"modifiers-e\"> </a></td><td>Implant or associated with an implant</td><td>Implant or associated with an implant.</td></tr><tr><td style=\"white-space:nowrap\">rooh<a name=\"modifiers-rooh\"> </a></td><td>Rush or Outside of office hours</td><td>A Rush service or service performed outside of normal office hours.</td></tr><tr><td style=\"white-space:nowrap\">x<a name=\"modifiers-x\"> </a></td><td>None</td><td>None.</td></tr></table></div>"},"extension":[{"url":"http://hl7.org/fhir/StructureDefinition/structuredefinition-wg","valueCode":"fm"},{"url":"http://hl7.org/fhir/StructureDefinition/structuredefinition-fmm","valueInteger":1}],"url":"http://terminology.hl7.org/CodeSystem/modifiers","identifier":[{"system":"urn:ietf:rfc:3986","value":"urn:oid:2.16.840.1.113883.4.642.1.1151"}],"version":"0.1.0","name":"ModifierTypeCodes","title":"Modifier type Codes","status":"draft","experimental":false,"date":"2023-07-18T00:43:45-06:00","publisher":"Financial Management","contact":[{"telecom":[{"system":"url","value":"http://hl7.org/fhir"}]}],"description":"This value set includes sample Modifier type codes.","copyright":"This is an example set.","caseSensitive":true,"valueSet":"http://terminology.hl7.org/ValueSet/claim-modifiers","content":"complete","concept":[{"code":"a","display":"Repair of prior service or installation","definition":"Repair of prior service or installation."},{"code":"b","display":"Temporary service or installation","definition":"Temporary service or installation."},{"code":"c","display":"TMJ treatment","definition":"Treatment associated with TMJ."},{"code":"e","display":"Implant or associated with an implant","definition":"Implant or associated with an implant."},{"code":"rooh","display":"Rush or Outside of office hours","definition":"A Rush service or service performed outside of normal office hours."},{"code":"x","display":"None","definition":"None."}]}