{"resourceType":"CodeSystem","id":"condition-state","meta":{"lastUpdated":"2020-04-09T21:10:28.568+00:00"},"text":{"status":"generated","div":"<div xmlns=\"http://www.w3.org/1999/xhtml\"><p>This code system <code>http://terminology.hl7.org/CodeSystem/condition-state</code> defines the following codes:</p><table class=\"codes\"><tr><td style=\"white-space:nowrap\"><b>Code</b></td><td><b>Display</b></td><td><b>Definition</b></td></tr><tr><td style=\"white-space:nowrap\">active<a name=\"condition-state-active\"> </a></td><td>Active</td><td>The condition is active.</td></tr><tr><td style=\"white-space:nowrap\">inactive<a name=\"condition-state-inactive\"> </a></td><td>Inactive</td><td>The condition is inactive, but not resolved.</td></tr><tr><td style=\"white-space:nowrap\">resolved<a name=\"condition-state-resolved\"> </a></td><td>Resolved</td><td>The condition is resolved.</td></tr></table></div>"},"url":"http://terminology.hl7.org/CodeSystem/condition-state","identifier":[{"system":"urn:ietf:rfc:3986","value":"urn:oid:2.16.840.1.113883.4.642.1.1287"}],"version":"0.1.0","name":"ConditionState","title":"ConditionState","status":"draft","experimental":false,"date":"2020-04-09T21:10:28+00:00","publisher":"HL7 (FHIR Project)","contact":[{"telecom":[{"system":"url","value":"http://hl7.org/fhir"},{"system":"email","value":"fhir@lists.hl7.org"}]}],"description":"Enumeration indicating whether the condition is currently active, inactive, or has been resolved.","caseSensitive":true,"valueSet":"http://terminology.hl7.org/ValueSet/condition-state","content":"complete","concept":[{"code":"active","display":"Active","definition":"The condition is active."},{"code":"inactive","display":"Inactive","definition":"The condition is inactive, but not resolved."},{"code":"resolved","display":"Resolved","definition":"The condition is resolved."}]}