{"resourceType":"CodeSystem","id":"icpc2E-P","text":{"status":"generated","div":"<div xmlns=\"http://www.w3.org/1999/xhtml\"><p>This code system <code>http://terminology.hl7.org/CodeSystem/icpc2E-P</code> defines codes, but no codes are represented here</p></div>"},"url":"http://terminology.hl7.org/CodeSystem/icpc2E-P","identifier":[{"system":"urn:ietf:rfc:3986","value":"urn:oid:2.16.840.1.113883.6.140"}],"version":"2.0.1","name":"Icpc2EP","title":"ICPC2E 1998 Plus","status":"retired","experimental":false,"date":"2021-11-09T10:00:00+10:00","publisher":"TBD - External Body","contact":[{"name":"National Library of Medicine"}],"description":"International Classification of Primary Care, Version 2-Plus. Produced by NLM. Bethesda (MD): National Library of Medicine, UMLS project. This node has the various modifications and translations produced under it.","caseSensitive":true,"content":"not-present"}