{"resourceType":"CodeSystem","id":"testscript-profile-destination-types","meta":{"lastUpdated":"2020-04-09T21:10:28.568+00:00","profile":["http://hl7.org/fhir/StructureDefinition/shareablecodesystem"]},"text":{"status":"generated","div":"<div xmlns=\"http://www.w3.org/1999/xhtml\"><p>This code system <code>http://terminology.hl7.org/CodeSystem/testscript-profile-destination-types</code> defines the following codes:</p><table class=\"codes\"><tr><td style=\"white-space:nowrap\"><b>Code</b></td><td><b>Display</b></td><td><b>Definition</b></td></tr><tr><td style=\"white-space:nowrap\">FHIR-Server<a name=\"testscript-profile-destination-types-FHIR-Server\"> </a></td><td>FHIR Server</td><td>General FHIR server used to respond to operations sent from a FHIR client.</td></tr><tr><td style=\"white-space:nowrap\">FHIR-SDC-FormManager<a name=\"testscript-profile-destination-types-FHIR-SDC-FormManager\"> </a></td><td>FHIR SDC FormManager</td><td>A FHIR server acting as a Structured Data Capture Form Manager.</td></tr><tr><td style=\"white-space:nowrap\">FHIR-SDC-FormProcessor<a name=\"testscript-profile-destination-types-FHIR-SDC-FormProcessor\"> </a></td><td>FHIR SDC FormProcessor</td><td>A FHIR server acting as a Structured Data Capture Form Processor.</td></tr><tr><td style=\"white-space:nowrap\">FHIR-SDC-FormReceiver<a name=\"testscript-profile-destination-types-FHIR-SDC-FormReceiver\"> </a></td><td>FHIR SDC FormReceiver</td><td>A FHIR server acting as a Structured Data Capture Form Receiver.</td></tr></table></div>"},"extension":[{"url":"http://hl7.org/fhir/StructureDefinition/structuredefinition-wg","valueCode":"fhir"},{"url":"http://hl7.org/fhir/StructureDefinition/structuredefinition-fmm","valueInteger":2}],"url":"http://terminology.hl7.org/CodeSystem/testscript-profile-destination-types","identifier":[{"system":"urn:ietf:rfc:3986","value":"urn:oid:2.16.840.1.113883.4.642.1.1197"}],"version":"0.1.0","name":"TestScriptProfileDestinationType","title":"Test script profile destination type","status":"draft","experimental":false,"date":"2023-07-18T00:43:45-06:00","publisher":"FHIR Project team","contact":[{"telecom":[{"system":"url","value":"http://hl7.org/fhir"}]}],"description":"This value set defines a set of codes that are used to indicate the profile type of a test system when acting as the destination within a TestScript.","caseSensitive":true,"valueSet":"http://terminology.hl7.org/ValueSet/testscript-profile-destination-types","content":"complete","concept":[{"code":"FHIR-Server","display":"FHIR Server","definition":"General FHIR server used to respond to operations sent from a FHIR client."},{"code":"FHIR-SDC-FormManager","display":"FHIR SDC FormManager","definition":"A FHIR server acting as a Structured Data Capture Form Manager."},{"code":"FHIR-SDC-FormProcessor","display":"FHIR SDC FormProcessor","definition":"A FHIR server acting as a Structured Data Capture Form Processor."},{"code":"FHIR-SDC-FormReceiver","display":"FHIR SDC FormReceiver","definition":"A FHIR server acting as a Structured Data Capture Form Receiver."}]}