{"resourceType":"CodeSystem","id":"SOPT","text":{"status":"generated","div":"<div xmlns=\"http://www.w3.org/1999/xhtml\"><p>This code system <code>https://nahdo.org/sopt</code> defines codes, but no codes are represented here</p></div>"},"url":"https://nahdo.org/sopt","identifier":[{"system":"urn:ietf:rfc:3986","value":"urn:oid:2.16.840.1.113883.3.221.5"}],"version":"1.0.1","name":"SOPT","title":"Source of Payment Typology","status":"active","experimental":false,"date":"2022-06-07T00:00:00-00:00","publisher":"National Association of Health Data Organizations (NAHDO)","contact":[{"name":"National Association of Health Data Organizations (NAHDO); 124 South 400 East, Suite 220, Salt Lake City, Utah 84111-5312","telecom":[{"system":"phone","value":"801-532-2299"},{"system":"email","value":"info@nahdo.org"}]}],"description":"The Source of Payment Typology is a standardized Payer Type classification system. It is a mechanism for consistent reporting of payer data to state health data organizations and supports data comparisons by payer type across states, various provider types, and to national benchmarks.  Developed by the Public Health Data Standards Consortium (PHDSC) Payer Typology Subcommittee, the typology includes broad hierarchial payer type categories with more specific subcategories. \r\n\r\nThe audience for Source of Payment Typology includes researchers, public health advocates, and healthcare analysts.","caseSensitive":true,"content":"not-present"}