{"resourceType":"CodeSystem","id":"allergyintolerance-clinical","meta":{"lastUpdated":"2020-04-09T21:10:28.568+00:00","profile":["http://hl7.org/fhir/StructureDefinition/shareablecodesystem"]},"text":{"status":"generated","div":"<div xmlns=\"http://www.w3.org/1999/xhtml\"><p>This code system <code>http://terminology.hl7.org/CodeSystem/allergyintolerance-clinical</code> defines the following codes:</p><table class=\"codes\"><tr><td><b>Lvl</b></td><td style=\"white-space:nowrap\"><b>Code</b></td><td><b>Display</b></td><td><b>Definition</b></td></tr><tr><td>1</td><td style=\"white-space:nowrap\">active<a name=\"allergyintolerance-clinical-active\"> </a></td><td>Active</td><td>The subject is currently experiencing, or is at risk of, a reaction to the identified substance.</td></tr><tr><td>1</td><td style=\"white-space:nowrap\">inactive<a name=\"allergyintolerance-clinical-inactive\"> </a></td><td>Inactive</td><td>The subject is no longer at risk of a reaction to the identified substance.</td></tr><tr><td>2</td><td style=\"white-space:nowrap\">\u00a0\u00a0resolved<a name=\"allergyintolerance-clinical-resolved\"> </a></td><td>Resolved</td><td>A reaction to the identified substance has been clinically reassessed by testing or re-exposure and is considered no longer to be present. Re-exposure could be accidental, unplanned, or outside of any clinical setting.</td></tr></table></div>"},"extension":[{"url":"http://hl7.org/fhir/StructureDefinition/structuredefinition-wg","valueCode":"pc"},{"url":"http://hl7.org/fhir/StructureDefinition/structuredefinition-fmm","valueInteger":3}],"url":"http://terminology.hl7.org/CodeSystem/allergyintolerance-clinical","identifier":[{"system":"urn:ietf:rfc:3986","value":"urn:oid:2.16.840.1.113883.4.642.1.1373"}],"version":"0.5.0","name":"AllergyIntoleranceClinicalStatusCodes","title":"AllergyIntolerance Clinical Status Codes","status":"draft","experimental":false,"date":"2023-07-18T00:43:45-06:00","publisher":"FHIR Project team","contact":[{"telecom":[{"system":"url","value":"http://hl7.org/fhir"}]}],"description":"Preferred value set for AllergyIntolerance Clinical Status.","caseSensitive":true,"valueSet":"http://terminology.hl7.org/ValueSet/allergyintolerance-clinical","content":"complete","concept":[{"code":"active","display":"Active","definition":"The subject is currently experiencing, or is at risk of, a reaction to the identified substance."},{"code":"inactive","display":"Inactive","definition":"The subject is no longer at risk of a reaction to the identified substance.","concept":[{"code":"resolved","display":"Resolved","definition":"A reaction to the identified substance has been clinically reassessed by testing or re-exposure and is considered no longer to be present. Re-exposure could be accidental, unplanned, or outside of any clinical setting."}]}]}