{"resourceType":"CodeSystem","id":"adverse-event-seriousness","meta":{"lastUpdated":"2020-04-09T21:10:28.568+00:00"},"text":{"status":"generated","div":"<div xmlns=\"http://www.w3.org/1999/xhtml\"><p>This code system <code>http://terminology.hl7.org/CodeSystem/adverse-event-seriousness</code> defines the following codes:</p><table class=\"codes\"><tr><td style=\"white-space:nowrap\"><b>Code</b></td><td><b>Display</b></td><td><b>Definition</b></td></tr><tr><td style=\"white-space:nowrap\">non-serious<a name=\"adverse-event-seriousness-non-serious\"> </a></td><td>Non-serious</td><td>This event is considered not to have the potential for persistent or costly injury or consequence.</td></tr><tr><td style=\"white-space:nowrap\">serious<a name=\"adverse-event-seriousness-serious\"> </a></td><td>Serious</td><td>This event is considered to have the potential for persistent or costly injury or consequence.</td></tr></table></div>"},"extension":[{"url":"http://hl7.org/fhir/StructureDefinition/structuredefinition-wg","valueCode":"pc"},{"url":"http://hl7.org/fhir/StructureDefinition/structuredefinition-fmm","valueInteger":1}],"url":"http://terminology.hl7.org/CodeSystem/adverse-event-seriousness","identifier":[{"system":"urn:ietf:rfc:3986","value":"urn:oid:2.16.840.1.113883.4.642.1.1253"}],"version":"0.1.0","name":"AdverseEventSeriousness","title":"AdverseEventSeriousness","status":"draft","experimental":false,"date":"2020-04-09T21:10:28+00:00","publisher":"HL7 (FHIR Project)","contact":[{"telecom":[{"system":"url","value":"http://hl7.org/fhir"},{"system":"email","value":"fhir@lists.hl7.org"}]}],"description":"Overall seriousness of this event for the patient.","caseSensitive":true,"valueSet":"http://terminology.hl7.org/ValueSet/adverse-event-seriousness","content":"complete","concept":[{"code":"non-serious","display":"Non-serious","definition":"This event is considered not to have the potential for persistent or costly injury or consequence."},{"code":"serious","display":"Serious","definition":"This event is considered to have the potential for persistent or costly injury or consequence."}]}