{"resourceType":"CodeSystem","id":"NCPDPProviderIdentificationNumber","text":{"status":"generated","div":"<div xmlns=\"http://www.w3.org/1999/xhtml\"><p>This code system <code>http://terminology.hl7.org/CodeSystem/NCPDPProviderIdentificationNumber</code> defines codes, but no codes are represented here</p></div>"},"url":"http://terminology.hl7.org/CodeSystem/NCPDPProviderIdentificationNumber","version":"1.0.2","name":"NCPDPProviderIdentificationNumber","title":"NCPDP Provider Identification Number","status":"active","experimental":false,"date":"2021-03-10T00:00:00-04:00","publisher":"National Council for Prescription Drug Programs","contact":[{"name":"National Council for Prescription Drug Programs","telecom":[{"system":"phone","value":"480.477.1000"},{"system":"email","value":"info@ncpdp.org"}]}],"description":"A NCPDP assigned number that provides pharmacies with a unique, 7-digit national identifying number that assists pharmacies in their interactions with federal agencies and third party providers. The NCPDP Provider Identification Number was formerly known as the NABP (National Board of Pharmacy) number. NCPDP also enumerates licensed dispensing sites in the United States as part of its Alternate Site Enumeration Program Numbering System (ASEP). The purpose of this system is to enable a site to identify itself to all third party processors by one standard number, in order to adjudicate claims and receive reimbursement from prescription card programs.","caseSensitive":true,"content":"not-present"}