{"resourceType":"CodeSystem","id":"immunization-program-eligibility","meta":{"lastUpdated":"2020-04-09T21:10:28.568+00:00","profile":["http://hl7.org/fhir/StructureDefinition/shareablecodesystem"]},"text":{"status":"generated","div":"<div xmlns=\"http://www.w3.org/1999/xhtml\"><p>This code system <code>http://terminology.hl7.org/CodeSystem/immunization-program-eligibility</code> defines the following codes:</p><table class=\"codes\"><tr><td style=\"white-space:nowrap\"><b>Code</b></td><td><b>Display</b></td><td><b>Definition</b></td></tr><tr><td style=\"white-space:nowrap\">ineligible<a name=\"immunization-program-eligibility-ineligible\"> </a></td><td>Not Eligible</td><td>The patient is not eligible for the funding program.</td></tr><tr><td style=\"white-space:nowrap\">uninsured<a name=\"immunization-program-eligibility-uninsured\"> </a></td><td>Uninsured</td><td>The patient is eligible for the funding program because they are uninsured.</td></tr></table></div>"},"extension":[{"url":"http://hl7.org/fhir/StructureDefinition/structuredefinition-wg","valueCode":"pher"},{"url":"http://hl7.org/fhir/StructureDefinition/structuredefinition-fmm","valueInteger":1}],"url":"http://terminology.hl7.org/CodeSystem/immunization-program-eligibility","identifier":[{"system":"urn:ietf:rfc:3986","value":"urn:oid:2.16.840.1.113883.4.642.1.1099"}],"version":"0.1.0","name":"ImmunizationProgramEligibility","title":"Immunization Program Eligibility","status":"draft","experimental":false,"date":"2023-07-18T00:43:45-06:00","publisher":"FHIR Project team","contact":[{"telecom":[{"system":"url","value":"http://www.hl7.org/Special/committees/pher/index.cfm"}]}],"description":"The value set to instantiate this attribute should be drawn from a terminologically robust code system that consists of or contains concepts to support describing the patient's eligibility for a vaccination program. This value set is provided as a suggestive example.","caseSensitive":true,"valueSet":"http://terminology.hl7.org/ValueSet/immunization-program-eligibility","content":"complete","concept":[{"code":"ineligible","display":"Not Eligible","definition":"The patient is not eligible for the funding program."},{"code":"uninsured","display":"Uninsured","definition":"The patient is eligible for the funding program because they are uninsured."}]}