{"resourceType":"CodeSystem","id":"missingtoothreason","meta":{"lastUpdated":"2020-04-09T21:10:28.568+00:00","profile":["http://hl7.org/fhir/StructureDefinition/shareablecodesystem"]},"text":{"status":"generated","div":"<div xmlns=\"http://www.w3.org/1999/xhtml\"><p>This code system <code>http://terminology.hl7.org/CodeSystem/missingtoothreason</code> defines the following codes:</p><table class=\"codes\"><tr><td style=\"white-space:nowrap\"><b>Code</b></td><td><b>Display</b></td><td><b>Definition</b></td></tr><tr><td style=\"white-space:nowrap\">e<a name=\"missingtoothreason-e\"> </a></td><td>E</td><td>Extraction</td></tr><tr><td style=\"white-space:nowrap\">c<a name=\"missingtoothreason-c\"> </a></td><td>C</td><td>Congenital</td></tr><tr><td style=\"white-space:nowrap\">u<a name=\"missingtoothreason-u\"> </a></td><td>U</td><td>Unknown</td></tr><tr><td style=\"white-space:nowrap\">o<a name=\"missingtoothreason-o\"> </a></td><td>O</td><td>Other</td></tr></table></div>"},"extension":[{"url":"http://hl7.org/fhir/StructureDefinition/structuredefinition-wg","valueCode":"fm"},{"url":"http://hl7.org/fhir/StructureDefinition/structuredefinition-fmm","valueInteger":1}],"url":"http://terminology.hl7.org/CodeSystem/missingtoothreason","identifier":[{"system":"urn:ietf:rfc:3986","value":"urn:oid:2.16.840.1.113883.4.642.1.1150"}],"version":"0.1.0","name":"MissingToothReasonCodes","title":"Missing Tooth Reason Codes","status":"draft","experimental":false,"date":"2023-07-18T00:43:45-06:00","publisher":"Financial Management","contact":[{"telecom":[{"system":"url","value":"http://hl7.org/fhir"}]}],"description":"This value set includes sample Missing Tooth Reason codes.","copyright":"This is an example set.","caseSensitive":true,"valueSet":"http://terminology.hl7.org/ValueSet/missing-tooth-reason","content":"complete","concept":[{"code":"e","display":"E","definition":"Extraction"},{"code":"c","display":"C","definition":"Congenital"},{"code":"u","display":"U","definition":"Unknown"},{"code":"o","display":"O","definition":"Other"}]}