{"resourceType":"CodeSystem","id":"v2-0048","text":{"status":"generated","div":"<div xmlns=\"http://www.w3.org/1999/xhtml\"><p><b>Properties</b></p><p><b>This code system  defines the following properties for its concepts</b></p><table class=\"grid\"><tr><td><b>Code</b></td><td><b>URI</b></td><td><b>Type</b></td><td><b>Description</b></td></tr><tr><td>status</td><td>http://terminology.hl7.org/CodeSystem/utg-concept-properties#status</td><td>code</td><td>Status of the concept</td></tr><tr><td>deprecated</td><td>http://terminology.hl7.org/CodeSystem/utg-concept-properties#v2-table-deprecated</td><td>code</td><td>Version of HL7 in which the code was deprecated</td></tr></table><p><b>Concepts</b></p><p>This code system <code>http://terminology.hl7.org/CodeSystem/v2-0048</code> defines the following codes:</p><table class=\"codes\"><tr><td style=\"white-space:nowrap\"><b>Code</b></td><td><b>Display</b></td><td><b>Definition</b></td><td><b>deprecated</b></td><td><b>Deutsch (German, de)</b></td></tr><tr><td style=\"white-space:nowrap\">ADV<a name=\"v2-0048-ADV\"> </a></td><td>Advice/diagnosis</td><td>Advice/diagnosis</td><td/><td>Ratschlag / Diagnose</td></tr><tr><td style=\"white-space:nowrap\">ANU<a name=\"v2-0048-ANU\"> </a></td><td>Nursing unit lookup (returns patients in beds, excluding empty beds)</td><td>Nursing unit lookup (returns patients in beds, excluding empty beds)</td><td/><td>Stationsinformation (ohne freie Betten)</td></tr><tr><td style=\"white-space:nowrap\">APN<a name=\"v2-0048-APN\"> </a></td><td>Patient name lookup</td><td>Patient name lookup</td><td/><td>Patientendaten zu gegebenem Patientennamen</td></tr><tr><td style=\"white-space:nowrap\">APP<a name=\"v2-0048-APP\"> </a></td><td>Physician lookup</td><td>Physician lookup</td><td/><td>Patienten des spezifizierten Arztes</td></tr><tr><td style=\"white-space:nowrap\">ARN<a name=\"v2-0048-ARN\"> </a></td><td>Nursing unit lookup (returns patients in beds, including empty beds)</td><td>Nursing unit lookup (returns patients in beds, including empty beds)</td><td/><td>Stationsinformation (einschließlich freier Betten)</td></tr><tr><td style=\"white-space:nowrap\">APM<a name=\"v2-0048-APM\"> </a></td><td>Medical record number query, returns visits for a medical record number</td><td>Medical record number query, returns visits for a medical record number</td><td/><td>Fälle zu angefragter Krankenaktennummer</td></tr><tr><td style=\"white-space:nowrap\">APA<a name=\"v2-0048-APA\"> </a></td><td>Account number query, return matching visit</td><td>Account number query, return matching visit</td><td/><td>Fälle zu angefragter Rechnungsnummer</td></tr><tr><td style=\"white-space:nowrap\">CAN<a name=\"v2-0048-CAN\"> </a></td><td>Cancel.  Used to cancel a query</td><td>Cancel.  Used to cancel a query</td><td/><td>Anfrage stornieren</td></tr><tr><td style=\"white-space:nowrap\">DEM<a name=\"v2-0048-DEM\"> </a></td><td>Demographics</td><td>Demographics</td><td/><td>Demographische Daten</td></tr><tr><td style=\"white-space:nowrap\">FIN<a name=\"v2-0048-FIN\"> </a></td><td>Financial</td><td>Financial</td><td/><td>Finanzdaten</td></tr><tr><td style=\"white-space:nowrap\">GID<a name=\"v2-0048-GID\"> </a></td><td>Generate new identifier</td><td>Generate new identifier</td><td/><td/></tr><tr><td style=\"white-space:nowrap\">GOL<a name=\"v2-0048-GOL\"> </a></td><td>Goals</td><td>Goals</td><td/><td>Ziele</td></tr><tr><td style=\"white-space:nowrap\">MRI<a name=\"v2-0048-MRI\"> </a></td><td>Most recent inpatient</td><td>Most recent inpatient</td><td/><td>Letzter stationärer Patient</td></tr><tr><td style=\"white-space:nowrap\">MRO<a name=\"v2-0048-MRO\"> </a></td><td>Most recent outpatient</td><td>Most recent outpatient</td><td/><td>Letzter ambulanter Patient</td></tr><tr><td style=\"white-space:nowrap\">NCK<a name=\"v2-0048-NCK\"> </a></td><td>Network clock</td><td>Network clock</td><td/><td>Netzwerk-Uhrzeit</td></tr><tr><td style=\"white-space:nowrap\">NSC<a name=\"v2-0048-NSC\"> </a></td><td>Network status change</td><td>Network status change</td><td/><td>Änderung des Netzwerkstatus</td></tr><tr><td style=\"white-space:nowrap\">NST<a name=\"v2-0048-NST\"> </a></td><td>Network statistic</td><td>Network statistic</td><td/><td>Netzwerkstatistik</td></tr><tr><td style=\"white-space:nowrap\">ORD<a name=\"v2-0048-ORD\"> </a></td><td>Order</td><td>Order</td><td/><td>Auftrag / Verordnung</td></tr><tr><td style=\"white-space:nowrap\">OTH<a name=\"v2-0048-OTH\"> </a></td><td>Other</td><td>Other</td><td/><td>anderes</td></tr><tr><td style=\"white-space:nowrap\">PRB<a name=\"v2-0048-PRB\"> </a></td><td>Problems</td><td>Problems</td><td/><td>Probleme</td></tr><tr><td style=\"white-space:nowrap\">PRO<a name=\"v2-0048-PRO\"> </a></td><td>Procedure</td><td>Procedure</td><td/><td>Prozedur</td></tr><tr><td style=\"white-space:nowrap\">RES<a name=\"v2-0048-RES\"> </a></td><td>Result</td><td>Result</td><td/><td>Ergebnis / Befund</td></tr><tr><td style=\"white-space:nowrap\">RAR<a name=\"v2-0048-RAR\"> </a></td><td>Pharmacy administration information</td><td>Pharmacy administration information</td><td/><td>Erfolgte Verabreichung von Medikamenten</td></tr><tr><td style=\"white-space:nowrap\">RER<a name=\"v2-0048-RER\"> </a></td><td>Pharmacy encoded order information</td><td>Pharmacy encoded order information</td><td/><td>Medikamentenverordnung (Apotheke)</td></tr><tr><td style=\"white-space:nowrap\">RDR<a name=\"v2-0048-RDR\"> </a></td><td>Pharmacy dispense information</td><td>Pharmacy dispense information</td><td/><td>Abgabe von Medikamenten</td></tr><tr><td style=\"white-space:nowrap\">RGR<a name=\"v2-0048-RGR\"> </a></td><td>Pharmacy give information</td><td>Pharmacy give information</td><td/><td>Verabreichunsgsvorschrift für Medikamente</td></tr><tr><td style=\"white-space:nowrap\">MFQ<a name=\"v2-0048-MFQ\"> </a></td><td>Master file query</td><td>Master file query</td><td>2.6</td><td>Stammdaten</td></tr><tr><td style=\"white-space:nowrap\">ROR<a name=\"v2-0048-ROR\"> </a></td><td>Pharmacy prescription information</td><td>Pharmacy prescription information</td><td/><td>Medikamentenverordnung</td></tr><tr><td style=\"white-space:nowrap\">SAL<a name=\"v2-0048-SAL\"> </a></td><td>All schedule related information, including open slots, booked slots, blocked slots</td><td>All schedule related information, including open slots, booked slots, blocked slots</td><td/><td/></tr><tr><td style=\"white-space:nowrap\">SBK<a name=\"v2-0048-SBK\"> </a></td><td>Booked slots on the identified schedule</td><td>Booked slots on the identified schedule</td><td/><td/></tr><tr><td style=\"white-space:nowrap\">SBL<a name=\"v2-0048-SBL\"> </a></td><td>Blocked slots on the identified schedule</td><td>Blocked slots on the identified schedule</td><td/><td/></tr><tr><td style=\"white-space:nowrap\">SOF<a name=\"v2-0048-SOF\"> </a></td><td>First open slot on the identified schedule after the start date/tiem</td><td>First open slot on the identified schedule after the start date/tiem</td><td/><td/></tr><tr><td style=\"white-space:nowrap\">SOP<a name=\"v2-0048-SOP\"> </a></td><td>Open slots on the identified schedule between the begin and end of the start date/time range</td><td>Open slots on the identified schedule between the begin and end of the start date/time range</td><td/><td/></tr><tr><td style=\"white-space:nowrap\">SSA<a name=\"v2-0048-SSA\"> </a></td><td>Time slots available for a single appointment</td><td>Time slots available for a single appointment</td><td/><td/></tr><tr><td style=\"white-space:nowrap\">SSR<a name=\"v2-0048-SSR\"> </a></td><td>Time slots available for a recurring appointment</td><td>Time slots available for a recurring appointment</td><td/><td/></tr><tr><td style=\"white-space:nowrap\">STA<a name=\"v2-0048-STA\"> </a></td><td>Status</td><td>Status</td><td/><td>Status</td></tr><tr><td style=\"white-space:nowrap\">VXI<a name=\"v2-0048-VXI\"> </a></td><td>Vaccine Information</td><td>Vaccine Information</td><td/><td>Impfinformation</td></tr><tr><td style=\"white-space:nowrap\">XID<a name=\"v2-0048-XID\"> </a></td><td>Get cross-referenced identifiers</td><td>Get cross-referenced identifiers</td><td/><td/></tr></table></div>"},"url":"http://terminology.hl7.org/CodeSystem/v2-0048","identifier":[{"system":"urn:ietf:rfc:3986","value":"urn:oid:2.16.840.1.113883.18.20"}],"version":"2.7.0","name":"WhatSubjectFilter","title":"whatSubjectFilter","status":"active","experimental":false,"date":"2019-12-01","publisher":"HL7, Inc","contact":[{"telecom":[{"system":"url","value":"http://www.hl7.org/"}]}],"description":"HL7-defined code system of concepts which specify the kind of information that is required to satisfy a query request.  The values define the type of transaction inquiry.  Used in HL7 Version 2 messaging in the URD segment.","purpose":"Underlying Master Code System for V2 table 0048 (What subject filter)","copyright":"Copyright HL7. Licensed under creative commons public domain","caseSensitive":true,"valueSet":"http://terminology.hl7.org/ValueSet/v2-0048","hierarchyMeaning":"is-a","compositional":false,"versionNeeded":false,"content":"complete","property":[{"code":"status","uri":"http://terminology.hl7.org/CodeSystem/utg-concept-properties#status","description":"Status of the concept","type":"code"},{"code":"deprecated","uri":"http://terminology.hl7.org/CodeSystem/utg-concept-properties#v2-table-deprecated","description":"Version of HL7 in which the code was deprecated","type":"code"}],"concept":[{"id":"788","code":"ADV","display":"Advice/diagnosis","definition":"Advice/diagnosis","designation":[{"language":"de","use":{"system":"http://terminology.hl7.org/CodeSystem/hl7TermMaintInfra","code":"preferredForLanguage"},"value":"Ratschlag / Diagnose"}],"property":[{"code":"status","valueCode":"A"}]},{"id":"789","code":"ANU","display":"Nursing unit lookup (returns patients in beds, excluding empty beds)","definition":"Nursing unit lookup (returns patients in beds, excluding empty beds)","designation":[{"language":"de","use":{"system":"http://terminology.hl7.org/CodeSystem/hl7TermMaintInfra","code":"preferredForLanguage"},"value":"Stationsinformation (ohne freie Betten)"}],"property":[{"code":"status","valueCode":"A"}]},{"id":"790","code":"APN","display":"Patient name lookup","definition":"Patient name lookup","designation":[{"language":"de","use":{"system":"http://terminology.hl7.org/CodeSystem/hl7TermMaintInfra","code":"preferredForLanguage"},"value":"Patientendaten zu gegebenem Patientennamen"}],"property":[{"code":"status","valueCode":"A"}]},{"id":"791","code":"APP","display":"Physician lookup","definition":"Physician lookup","designation":[{"language":"de","use":{"system":"http://terminology.hl7.org/CodeSystem/hl7TermMaintInfra","code":"preferredForLanguage"},"value":"Patienten des spezifizierten Arztes"}],"property":[{"code":"status","valueCode":"A"}]},{"id":"792","code":"ARN","display":"Nursing unit lookup (returns patients in beds, including empty beds)","definition":"Nursing unit lookup (returns patients in beds, including empty beds)","designation":[{"language":"de","use":{"system":"http://terminology.hl7.org/CodeSystem/hl7TermMaintInfra","code":"preferredForLanguage"},"value":"Stationsinformation (einschließlich freier Betten)"}],"property":[{"code":"status","valueCode":"A"}]},{"id":"793","code":"APM","display":"Medical record number query, returns visits for a medical record number","definition":"Medical record number query, returns visits for a medical record number","designation":[{"language":"de","use":{"system":"http://terminology.hl7.org/CodeSystem/hl7TermMaintInfra","code":"preferredForLanguage"},"value":"Fälle zu angefragter Krankenaktennummer"}],"property":[{"code":"status","valueCode":"A"}]},{"id":"794","code":"APA","display":"Account number query, return matching visit","definition":"Account number query, return matching visit","designation":[{"language":"de","use":{"system":"http://terminology.hl7.org/CodeSystem/hl7TermMaintInfra","code":"preferredForLanguage"},"value":"Fälle zu angefragter Rechnungsnummer"}],"property":[{"code":"status","valueCode":"A"}]},{"id":"795","code":"CAN","display":"Cancel.  Used to cancel a query","definition":"Cancel.  Used to cancel a query","designation":[{"language":"de","use":{"system":"http://terminology.hl7.org/CodeSystem/hl7TermMaintInfra","code":"preferredForLanguage"},"value":"Anfrage stornieren"}],"property":[{"code":"status","valueCode":"A"}]},{"id":"796","code":"DEM","display":"Demographics","definition":"Demographics","designation":[{"language":"de","use":{"system":"http://terminology.hl7.org/CodeSystem/hl7TermMaintInfra","code":"preferredForLanguage"},"value":"Demographische Daten"}],"property":[{"code":"status","valueCode":"A"}]},{"id":"797","code":"FIN","display":"Financial","definition":"Financial","designation":[{"language":"de","use":{"system":"http://terminology.hl7.org/CodeSystem/hl7TermMaintInfra","code":"preferredForLanguage"},"value":"Finanzdaten"}],"property":[{"code":"status","valueCode":"A"}]},{"id":"798","code":"GID","display":"Generate new identifier","definition":"Generate new identifier","property":[{"code":"status","valueCode":"A"}]},{"id":"799","code":"GOL","display":"Goals","definition":"Goals","designation":[{"language":"de","use":{"system":"http://terminology.hl7.org/CodeSystem/hl7TermMaintInfra","code":"preferredForLanguage"},"value":"Ziele"}],"property":[{"code":"status","valueCode":"A"}]},{"id":"800","code":"MRI","display":"Most recent inpatient","definition":"Most recent inpatient","designation":[{"language":"de","use":{"system":"http://terminology.hl7.org/CodeSystem/hl7TermMaintInfra","code":"preferredForLanguage"},"value":"Letzter stationärer Patient"}],"property":[{"code":"status","valueCode":"A"}]},{"id":"801","code":"MRO","display":"Most recent outpatient","definition":"Most recent outpatient","designation":[{"language":"de","use":{"system":"http://terminology.hl7.org/CodeSystem/hl7TermMaintInfra","code":"preferredForLanguage"},"value":"Letzter ambulanter Patient"}],"property":[{"code":"status","valueCode":"A"}]},{"id":"802","code":"NCK","display":"Network clock","definition":"Network clock","designation":[{"language":"de","use":{"system":"http://terminology.hl7.org/CodeSystem/hl7TermMaintInfra","code":"preferredForLanguage"},"value":"Netzwerk-Uhrzeit"}],"property":[{"code":"status","valueCode":"A"}]},{"id":"803","code":"NSC","display":"Network status change","definition":"Network status change","designation":[{"language":"de","use":{"system":"http://terminology.hl7.org/CodeSystem/hl7TermMaintInfra","code":"preferredForLanguage"},"value":"Änderung des Netzwerkstatus"}],"property":[{"code":"status","valueCode":"A"}]},{"id":"804","code":"NST","display":"Network statistic","definition":"Network statistic","designation":[{"language":"de","use":{"system":"http://terminology.hl7.org/CodeSystem/hl7TermMaintInfra","code":"preferredForLanguage"},"value":"Netzwerkstatistik"}],"property":[{"code":"status","valueCode":"A"}]},{"id":"805","code":"ORD","display":"Order","definition":"Order","designation":[{"language":"de","use":{"system":"http://terminology.hl7.org/CodeSystem/hl7TermMaintInfra","code":"preferredForLanguage"},"value":"Auftrag / Verordnung"}],"property":[{"code":"status","valueCode":"A"}]},{"id":"806","code":"OTH","display":"Other","definition":"Other","designation":[{"language":"de","use":{"system":"http://terminology.hl7.org/CodeSystem/hl7TermMaintInfra","code":"preferredForLanguage"},"value":"anderes"}],"property":[{"code":"status","valueCode":"A"}]},{"id":"807","code":"PRB","display":"Problems","definition":"Problems","designation":[{"language":"de","use":{"system":"http://terminology.hl7.org/CodeSystem/hl7TermMaintInfra","code":"preferredForLanguage"},"value":"Probleme"}],"property":[{"code":"status","valueCode":"A"}]},{"id":"808","code":"PRO","display":"Procedure","definition":"Procedure","designation":[{"language":"de","use":{"system":"http://terminology.hl7.org/CodeSystem/hl7TermMaintInfra","code":"preferredForLanguage"},"value":"Prozedur"}],"property":[{"code":"status","valueCode":"A"}]},{"id":"809","code":"RES","display":"Result","definition":"Result","designation":[{"language":"de","use":{"system":"http://terminology.hl7.org/CodeSystem/hl7TermMaintInfra","code":"preferredForLanguage"},"value":"Ergebnis / Befund"}],"property":[{"code":"status","valueCode":"A"}]},{"id":"810","code":"RAR","display":"Pharmacy administration information","definition":"Pharmacy administration information","designation":[{"language":"de","use":{"system":"http://terminology.hl7.org/CodeSystem/hl7TermMaintInfra","code":"preferredForLanguage"},"value":"Erfolgte Verabreichung von Medikamenten"}],"property":[{"code":"status","valueCode":"A"}]},{"id":"811","code":"RER","display":"Pharmacy encoded order information","definition":"Pharmacy encoded order information","designation":[{"language":"de","use":{"system":"http://terminology.hl7.org/CodeSystem/hl7TermMaintInfra","code":"preferredForLanguage"},"value":"Medikamentenverordnung (Apotheke)"}],"property":[{"code":"status","valueCode":"A"}]},{"id":"812","code":"RDR","display":"Pharmacy dispense information","definition":"Pharmacy dispense information","designation":[{"language":"de","use":{"system":"http://terminology.hl7.org/CodeSystem/hl7TermMaintInfra","code":"preferredForLanguage"},"value":"Abgabe von Medikamenten"}],"property":[{"code":"status","valueCode":"A"}]},{"id":"813","code":"RGR","display":"Pharmacy give information","definition":"Pharmacy give information","designation":[{"language":"de","use":{"system":"http://terminology.hl7.org/CodeSystem/hl7TermMaintInfra","code":"preferredForLanguage"},"value":"Verabreichunsgsvorschrift für Medikamente"}],"property":[{"code":"status","valueCode":"A"}]},{"id":"814","code":"MFQ","display":"Master file query","definition":"Master file query","designation":[{"language":"de","use":{"system":"http://terminology.hl7.org/CodeSystem/hl7TermMaintInfra","code":"preferredForLanguage"},"value":"Stammdaten"}],"property":[{"code":"deprecated","valueCode":"2.6"},{"code":"status","valueCode":"A"}]},{"id":"815","code":"ROR","display":"Pharmacy prescription information","definition":"Pharmacy prescription information","designation":[{"language":"de","use":{"system":"http://terminology.hl7.org/CodeSystem/hl7TermMaintInfra","code":"preferredForLanguage"},"value":"Medikamentenverordnung"}],"property":[{"code":"status","valueCode":"A"}]},{"id":"816","code":"SAL","display":"All schedule related information, including open slots, booked slots, blocked slots","definition":"All schedule related information, including open slots, booked slots, blocked slots","property":[{"code":"status","valueCode":"A"}]},{"id":"817","code":"SBK","display":"Booked slots on the identified schedule","definition":"Booked slots on the identified schedule","property":[{"code":"status","valueCode":"A"}]},{"id":"818","code":"SBL","display":"Blocked slots on the identified schedule","definition":"Blocked slots on the identified schedule","property":[{"code":"status","valueCode":"A"}]},{"id":"819","code":"SOF","display":"First open slot on the identified schedule after the start date/tiem","definition":"First open slot on the identified schedule after the start date/tiem","property":[{"code":"status","valueCode":"A"}]},{"id":"820","code":"SOP","display":"Open slots on the identified schedule between the begin and end of the start date/time range","definition":"Open slots on the identified schedule between the begin and end of the start date/time range","property":[{"code":"status","valueCode":"A"}]},{"id":"821","code":"SSA","display":"Time slots available for a single appointment","definition":"Time slots available for a single appointment","property":[{"code":"status","valueCode":"A"}]},{"id":"822","code":"SSR","display":"Time slots available for a recurring appointment","definition":"Time slots available for a recurring appointment","property":[{"code":"status","valueCode":"A"}]},{"id":"823","code":"STA","display":"Status","definition":"Status","designation":[{"language":"de","use":{"system":"http://terminology.hl7.org/CodeSystem/hl7TermMaintInfra","code":"preferredForLanguage"},"value":"Status"}],"property":[{"code":"status","valueCode":"A"}]},{"id":"824","code":"VXI","display":"Vaccine Information","definition":"Vaccine Information","designation":[{"language":"de","use":{"system":"http://terminology.hl7.org/CodeSystem/hl7TermMaintInfra","code":"preferredForLanguage"},"value":"Impfinformation"}],"property":[{"code":"status","valueCode":"A"}]},{"id":"825","code":"XID","display":"Get cross-referenced identifiers","definition":"Get cross-referenced identifiers","property":[{"code":"status","valueCode":"A"}]}]}