{"resourceType":"CodeSystem","id":"iso639-2","text":{"status":"generated","div":"<div xmlns=\"http://www.w3.org/1999/xhtml\"><p>This code system <code>http://terminology.hl7.org/CodeSystem/iso639-2</code> defines codes, but no codes are represented here</p></div>"},"url":"http://terminology.hl7.org/CodeSystem/iso639-2","identifier":[{"system":"urn:ietf:rfc:3986","value":"urn:oid:1.0.639.2"}],"version":"2.0.1","name":"Iso6392","title":"ISO 639-2: Codes for the representation of names of languages -- Part 2: Alpha-3 code","status":"retired","experimental":false,"date":"2021-11-09T10:00:00+10:00","publisher":"TBD - External Body","contact":[{"name":"International Organization for Standardization (ISO)"}],"description":"**Description:** Codes for the representation of names of languages, 3 character alphabetic codes. This has been superceded by ISO 639-3 for many purposes. ISO 639-2 was released in 1998.\r\n\r\nThe code set is available from http://www.iso.org/iso/iso\\_catalogue/catalogue\\_tc/catalogue\\_detail.htm?csnumber=4767","caseSensitive":true,"content":"not-present"}