{"resourceType":"CodeSystem","id":"MDRAE","text":{"status":"generated","div":"<div xmlns=\"http://www.w3.org/1999/xhtml\"><p>This code system <code>http://terminology.hl7.org/CodeSystem/MDRAE</code> defines codes, but no codes are represented here</p></div>"},"url":"http://terminology.hl7.org/CodeSystem/MDRAE","identifier":[{"system":"urn:ietf:rfc:3986","value":"urn:oid:2.16.840.1.113883.6.163.1"}],"version":"2.0.1","name":"MDRAE","title":"MedDRA Am Engl","status":"retired","experimental":false,"date":"2021-11-09T10:00:00+10:00","publisher":"TBD - External Body","contact":[{"name":"MedDRA MSSO/ Northrop Grumman,MedDRA MSSO/ Northrop Grumman"}],"description":"Medical Dictionary for Regulatory Activities Terminology (MedDRA), American English Equivalents, Version 7.0. Bethesda, MD: National Library of Medicine, March 1, 2004 This is the English language version as encapsulated in the UMLS..","caseSensitive":true,"content":"not-present"}