{"resourceType":"CodeSystem","id":"CDT","text":{"status":"generated","div":"<div xmlns=\"http://www.w3.org/1999/xhtml\"><p>This code system <code>http://www.ada.org/cdt</code> defines codes, but no codes are represented here</p></div>"},"url":"http://www.ada.org/cdt","identifier":[{"system":"urn:ietf:rfc:3986","value":"urn:oid:2.16.840.1.113883.6.13"}],"version":"3.0.1","name":"CDT","title":"Code on Dental Procedures and Nomenclature","status":"active","experimental":false,"date":"2022-06-07T00:00:00-00:00","publisher":"American Dental Association","contact":[{"name":"American Dental Association","telecom":[{"system":"url","value":"https://www.ada.org/"},{"system":"email","value":"dentalcode@ada.org"}]}],"description":"The purpose of the CDT Code is to achieve uniformity, consistency and specificity in accurately documenting dental treatment. One use of the CDT Code is to provide for the efficient processing of dental claims, and another is to populate an Electronic Health Record.","caseSensitive":true,"content":"not-present"}