{"resourceType":"CodeSystem","id":"coverage-selfpay","meta":{"lastUpdated":"2020-04-09T21:10:28.568+00:00","profile":["http://hl7.org/fhir/StructureDefinition/shareablecodesystem"]},"text":{"status":"generated","div":"<div xmlns=\"http://www.w3.org/1999/xhtml\"><p>This code system <code>http://terminology.hl7.org/CodeSystem/coverage-selfpay</code> defines the following code:</p><table class=\"codes\"><tr><td style=\"white-space:nowrap\"><b>Code</b></td><td><b>Display</b></td><td><b>Definition</b></td></tr><tr><td style=\"white-space:nowrap\">pay<a name=\"coverage-selfpay-pay\"> </a></td><td>Pay</td><td>An individual or organization is paying directly for goods and services.</td></tr></table></div>"},"url":"http://terminology.hl7.org/CodeSystem/coverage-selfpay","identifier":[{"system":"urn:ietf:rfc:3986","value":"urn:oid:2.16.840.1.113883.4.642.1.1148"}],"version":"0.1.0","name":"CoverageSelfPayCodes","title":"Coverage SelfPay Codes","status":"draft","experimental":false,"date":"2023-07-18T00:43:45-06:00","publisher":"Financial Management","contact":[{"telecom":[{"system":"url","value":"http://hl7.org/fhir"}]},{"telecom":[{"system":"url","value":"http://hl7.org/fhir"}]}],"description":"This value set includes Coverage SelfPay codes.","copyright":"HL7 International.","caseSensitive":true,"valueSet":"http://terminology.hl7.org/ValueSet/coverage-selfpay","content":"complete","concept":[{"code":"pay","display":"Pay","definition":"An individual or organization is paying directly for goods and services."}]}