{"resourceType":"CodeSystem","id":"url","text":{"status":"generated","div":"<div xmlns=\"http://www.w3.org/1999/xhtml\"><p>This code system <code>http://terminology.hl7.org/CodeSystem/url</code> defines codes, but no codes are represented here</p></div>"},"url":"http://terminology.hl7.org/CodeSystem/url","identifier":[{"system":"urn:ietf:rfc:3986","value":"urn:oid:2.16.840.1.113883.6.11"}],"version":"2.0.1","name":"Url","title":"URL","status":"retired","experimental":false,"date":"2021-11-09T10:00:00+10:00","publisher":"TBD - External Body","description":"Universal Resource Locator (URL) schemes Currently there is no single authority for URL schemes. The authority for URL scheme assignments clearly lies within IANA or W3C and it is likely that a formal URL/URI assigning authority will be formed soon.","caseSensitive":true,"content":"not-present"}