{"resourceType":"CodeSystem","id":"NHSNSSILocationType","text":{"status":"generated","div":"<div xmlns=\"http://www.w3.org/1999/xhtml\"><p>This code system <code>http://terminology.hl7.org/CodeSystem/NHSNSSILocationType</code> defines codes, but no codes are represented here</p></div>"},"url":"http://terminology.hl7.org/CodeSystem/NHSNSSILocationType","identifier":[{"system":"urn:ietf:rfc:3986","value":"urn:oid:2.16.840.1.113883.6.265"}],"version":"2.0.1","name":"NHSNSSILocationType","title":"NHSN SSI Location Type","status":"retired","experimental":false,"date":"2021-11-09T10:00:00+10:00","publisher":"TBD - External Body","description":"NHSN SSI LocationType","caseSensitive":true,"content":"not-present"}