{"resourceType":"CodeSystem","id":"characteristic-method","meta":{"lastUpdated":"2020-04-09T21:10:28.568+00:00"},"text":{"status":"generated","div":"<div xmlns=\"http://www.w3.org/1999/xhtml\"><p>This code system <code>http://terminology.hl7.org/CodeSystem/characteristic-method</code> defines the following code:</p><table class=\"codes\"><tr><td style=\"white-space:nowrap\"><b>Code</b></td><td><b>Definition</b></td></tr><tr><td style=\"white-space:nowrap\">Default<a name=\"characteristic-method-Default\"> </a></td><td>Default.</td></tr></table></div>"},"extension":[{"url":"http://hl7.org/fhir/StructureDefinition/structuredefinition-wg","valueCode":"cds"},{"url":"http://hl7.org/fhir/StructureDefinition/structuredefinition-fmm","valueInteger":1}],"url":"http://terminology.hl7.org/CodeSystem/characteristic-method","identifier":[{"system":"urn:ietf:rfc:3986","value":"urn:oid:2.16.840.1.113883.4.642.1.1453"}],"version":"0.1.0","name":"CharacteristicMethod","title":"CharacteristicMethod","status":"draft","experimental":false,"date":"2020-04-09T21:10:28+00:00","publisher":"HL7 (FHIR Project)","contact":[{"telecom":[{"system":"url","value":"http://hl7.org/fhir"},{"system":"email","value":"fhir@lists.hl7.org"}]}],"description":"The method used to determine the characteristic(s) of the variable.","caseSensitive":true,"valueSet":"http://terminology.hl7.org/ValueSet/characteristic-method","content":"complete","concept":[{"code":"Default","display":"Default","definition":"Default."}]}