{"resourceType":"CodeSystem","id":"v2-0007","text":{"status":"generated","div":"<div xmlns=\"http://www.w3.org/1999/xhtml\"><p><b>Properties</b></p><p><b>This code system  defines the following properties for its concepts</b></p><table class=\"grid\"><tr><td><b>Code</b></td><td><b>URI</b></td><td><b>Type</b></td><td><b>Description</b></td></tr><tr><td>status</td><td>http://terminology.hl7.org/CodeSystem/utg-concept-properties#status</td><td>code</td><td>Status of the concept</td></tr><tr><td>deprecated</td><td>http://terminology.hl7.org/CodeSystem/utg-concept-properties#v2-table-deprecated</td><td>code</td><td>Version of HL7 in which the code was deprecated</td></tr></table><p><b>Concepts</b></p><p>This code system <code>http://terminology.hl7.org/CodeSystem/v2-0007</code> defines the following codes:</p><table class=\"codes\"><tr><td style=\"white-space:nowrap\"><b>Code</b></td><td><b>Display</b></td><td><b>Definition</b></td><td><b>Deutsch (German, de)</b></td></tr><tr><td style=\"white-space:nowrap\">A<a name=\"v2-0007-A\"> </a></td><td>Accident</td><td>Accident</td><td>Unfall / Notarztwagen</td></tr><tr><td style=\"white-space:nowrap\">E<a name=\"v2-0007-E\"> </a></td><td>Emergency</td><td>Emergency</td><td>Notfall ohne Einweisung</td></tr><tr><td style=\"white-space:nowrap\">L<a name=\"v2-0007-L\"> </a></td><td>Labor and Delivery</td><td>Labor and Delivery</td><td>Entbindung / Geburt</td></tr><tr><td style=\"white-space:nowrap\">R<a name=\"v2-0007-R\"> </a></td><td>Routine</td><td>Routine</td><td>Normalaufnahme</td></tr><tr><td style=\"white-space:nowrap\">N<a name=\"v2-0007-N\"> </a></td><td>Newborn (Birth in healthcare facility)</td><td>Newborn (Birth in healthcare facility)</td><td>Neugeborenes</td></tr><tr><td style=\"white-space:nowrap\">U<a name=\"v2-0007-U\"> </a></td><td>Urgent</td><td>Urgent</td><td>dringliche Aufnahme</td></tr><tr><td style=\"white-space:nowrap\">C<a name=\"v2-0007-C\"> </a></td><td>Elective</td><td>Elective</td><td>wahlfreie Aufnahme</td></tr></table></div>"},"extension":[{"url":"http://hl7.org/fhir/StructureDefinition/structuredefinition-wg","valueCode":"pa"}],"url":"http://terminology.hl7.org/CodeSystem/v2-0007","identifier":[{"system":"urn:ietf:rfc:3986","value":"urn:oid:2.16.840.1.113883.18.9"}],"version":"2.2.0","name":"AdmissionType","title":"admissionType","status":"active","experimental":false,"date":"2019-12-01","publisher":"HL7, Inc","contact":[{"telecom":[{"system":"url","value":"http://www.hl7.org/"}]}],"description":"Code system of concepts specifying the circumstances under which the patient was or will be admitted.  Used in HL7 Version 2.x messaging in the PV1 segment.","purpose":"Underlying Master Code System for V2 table 0007 (Admission Type)","copyright":"Copyright HL7. Licensed under creative commons public domain","caseSensitive":true,"valueSet":"http://terminology.hl7.org/ValueSet/v2-0007","hierarchyMeaning":"is-a","compositional":false,"versionNeeded":false,"content":"complete","property":[{"code":"status","uri":"http://terminology.hl7.org/CodeSystem/utg-concept-properties#status","description":"Status of the concept","type":"code"},{"code":"deprecated","uri":"http://terminology.hl7.org/CodeSystem/utg-concept-properties#v2-table-deprecated","description":"Version of HL7 in which the code was deprecated","type":"code"}],"concept":[{"id":"622","code":"A","display":"Accident","definition":"Accident","designation":[{"language":"de","use":{"system":"http://terminology.hl7.org/CodeSystem/hl7TermMaintInfra","code":"preferredForLanguage"},"value":"Unfall / Notarztwagen"}],"property":[{"code":"status","valueCode":"A"}]},{"id":"623","code":"E","display":"Emergency","definition":"Emergency","designation":[{"language":"de","use":{"system":"http://terminology.hl7.org/CodeSystem/hl7TermMaintInfra","code":"preferredForLanguage"},"value":"Notfall ohne Einweisung"}],"property":[{"code":"status","valueCode":"A"}]},{"id":"624","code":"L","display":"Labor and Delivery","definition":"Labor and Delivery","designation":[{"language":"de","use":{"system":"http://terminology.hl7.org/CodeSystem/hl7TermMaintInfra","code":"preferredForLanguage"},"value":"Entbindung / Geburt"}],"property":[{"code":"status","valueCode":"A"}]},{"id":"625","code":"R","display":"Routine","definition":"Routine","designation":[{"language":"de","use":{"system":"http://terminology.hl7.org/CodeSystem/hl7TermMaintInfra","code":"preferredForLanguage"},"value":"Normalaufnahme"}],"property":[{"code":"status","valueCode":"A"}]},{"id":"626","code":"N","display":"Newborn (Birth in healthcare facility)","definition":"Newborn (Birth in healthcare facility)","designation":[{"language":"de","use":{"system":"http://terminology.hl7.org/CodeSystem/hl7TermMaintInfra","code":"preferredForLanguage"},"value":"Neugeborenes"}],"property":[{"code":"status","valueCode":"A"}]},{"id":"627","code":"U","display":"Urgent","definition":"Urgent","designation":[{"language":"de","use":{"system":"http://terminology.hl7.org/CodeSystem/hl7TermMaintInfra","code":"preferredForLanguage"},"value":"dringliche Aufnahme"}],"property":[{"code":"status","valueCode":"A"}]},{"id":"628","code":"C","display":"Elective","definition":"Elective","designation":[{"language":"de","use":{"system":"http://terminology.hl7.org/CodeSystem/hl7TermMaintInfra","code":"preferredForLanguage"},"value":"wahlfreie Aufnahme"}],"property":[{"code":"status","valueCode":"A"}]}]}