{"resourceType":"CodeSystem","id":"contracttermsubtypecodes","meta":{"lastUpdated":"2020-04-09T21:10:28.568+00:00","profile":["http://hl7.org/fhir/StructureDefinition/shareablecodesystem"]},"text":{"status":"generated","div":"<div xmlns=\"http://www.w3.org/1999/xhtml\"><p>This code system <code>http://terminology.hl7.org/CodeSystem/contracttermsubtypecodes</code> defines the following codes:</p><table class=\"codes\"><tr><td style=\"white-space:nowrap\"><b>Code</b></td><td><b>Display</b></td><td><b>Definition</b></td></tr><tr><td style=\"white-space:nowrap\">condition<a name=\"contracttermsubtypecodes-condition\"> </a></td><td>Condition</td><td>Terms that go to the very root of a contract.</td></tr><tr><td style=\"white-space:nowrap\">warranty<a name=\"contracttermsubtypecodes-warranty\"> </a></td><td>Warranty</td><td>Less imperative than a condition, so the contract will survive a breach</td></tr><tr><td style=\"white-space:nowrap\">innominate<a name=\"contracttermsubtypecodes-innominate\"> </a></td><td>Innominate</td><td>Breach of which might or might not go to the root of the contract depending upon the nature of the breach</td></tr></table></div>"},"extension":[{"url":"http://hl7.org/fhir/StructureDefinition/structuredefinition-wg","valueCode":"fm"},{"url":"http://hl7.org/fhir/StructureDefinition/structuredefinition-fmm","valueInteger":1}],"url":"http://terminology.hl7.org/CodeSystem/contracttermsubtypecodes","identifier":[{"system":"urn:ietf:rfc:3986","value":"urn:oid:2.16.840.1.113883.4.642.1.1200"}],"version":"0.1.0","name":"ContractTermSubtypeCodes","title":"Contract Term Subtype Codes","status":"draft","experimental":false,"date":"2023-07-18T00:43:45-06:00","publisher":"Financial Management","contact":[{"telecom":[{"system":"url","value":"http://hl7.org/fhir"}]}],"description":"This value set includes sample Contract Term SubType codes.","copyright":"This is an example set.","caseSensitive":true,"valueSet":"http://terminology.hl7.org/ValueSet/contract-term-subtype","content":"complete","concept":[{"code":"condition","display":"Condition","definition":"Terms that go to the very root of a contract."},{"code":"warranty","display":"Warranty","definition":"Less imperative than a condition, so the contract will survive a breach"},{"code":"innominate","display":"Innominate","definition":"Breach of which might or might not go to the root of the contract depending upon the nature of the breach"}]}