{"resourceType":"CodeSystem","id":"IMO","text":{"status":"generated","div":"<div xmlns=\"http://www.w3.org/1999/xhtml\"><p>This code system <code>http://imohealth.com/ontology/</code> defines codes, but no codes are represented here</p></div>"},"url":"http://imohealth.com/ontology/","identifier":[{"system":"urn:ietf:rfc:3986","value":"urn:oid:2.16.840.1.113883.3.247"}],"version":"1.0.1","name":"IMO","title":"Intelligent Medical Objects","status":"active","experimental":false,"date":"2021-06-25T00:00:00-00:00","publisher":"Intelligent Medical Objects","contact":[{"name":"Intelligent Medical Objects; Ann Phillips","telecom":[{"system":"phone","value":"847.613.6655"},{"system":"email","value":"support@imohealth.com"},{"system":"url","value":"https://www.imohealth.com/"}]}],"description":"IMO is a clinical interface terminology, which helps to map diagnostic, procedure and other terminologies to medical concepts and codes.","caseSensitive":true,"content":"not-present"}