{"resourceType":"CodeSystem","id":"ADAUniversalToothDesignationSystem","text":{"status":"generated","div":"<div xmlns=\"http://www.w3.org/1999/xhtml\"><p>This code system <code>http://terminology.hl7.org/CodeSystem/ADAUniversalToothDesignationSystem</code> defines codes, but no codes are represented here</p></div>"},"url":"http://terminology.hl7.org/CodeSystem/ADAUniversalToothDesignationSystem","version":"1.0.0","name":"ADAUniversalToothDesignationSystem","title":"ADA Universal Tooth Designation System","status":"active","experimental":false,"date":"2022-04-07T00:00:00-00:00","publisher":"American Dental Association","contact":[{"name":"American Dental Association; 211 East Chicago Avenue Chicago, IL 60610-2678"}],"description":"The American Dental Association (ADA) accepted the Universal/National Tooth Designation System and the ISO/ANSI/ADA Specification No. 3950 for Designation System for Teeth and Areas of the Oral Cavity as the human tooth and oral cavity enumeration schemas in 1994.\r\n\r\nThe universal tooth designation or numbering system is accepted and approved by the ADA and is the most commonly used system used by dental professionals in America.\r\n\r\nTeeth are numbered 1-32, starting with the third molar (1) on the right side of the upper arch, following around the arch to the third molar (16) on the left side, and descending to the lower third molar (17) on the left side, and following that arch to the terminus of the lower jaw, the lower right third molar (32).\r\n\r\nSupernumerary teeth are identified by the numbers 51 through 82, beginning with the area of the upper right third molar, following around the upper arch and continuing on the lower arch to the area of the lower right third molar (e.g., supernumerary #51 is adjacent to the upper right molar #1; supernumerary #82 is adjacent to the lower right third molar #32).\r\n\r\nThe Universal Numbering System can be found in the ADA Dental Claim Form. For more information see here: https://www.ada.org/publications/cdt/ada-dental-claim-form. \r\n\r\nA Statement of Understanding (SOU) between ADA and HL7 exists here: http://www.hl7.org/documentcenter/public/mou/ADA%20HL7%20SOU%202021_signed.pdf","copyright":"No official copyright statement is available. For general information see paper form located here : https://www.ada.org/-/media/project/ada-organization/ada/ada-org/files/publications/cdt/v2019adadentalclaimcompletioninstructions_v3_2022feb.pdf","caseSensitive":true,"content":"not-present"}