{"resourceType":"CodeSystem","id":"icd10ae","text":{"status":"generated","div":"<div xmlns=\"http://www.w3.org/1999/xhtml\"><p>This code system <code>http://terminology.hl7.org/CodeSystem/icd10ae</code> defines codes, but no codes are represented here</p></div>"},"url":"http://terminology.hl7.org/CodeSystem/icd10ae","identifier":[{"system":"urn:ietf:rfc:3986","value":"urn:oid:2.16.840.1.113883.6.3.1"}],"version":"2.0.1","name":"Icd10ae","title":"ICD-10 American English","status":"retired","experimental":false,"date":"2021-11-09T10:00:00+10:00","publisher":"TBD - External Body","contact":[{"name":"World Health Organization"}],"description":"International Statistical Classification of Diseases and Related Health Problems (ICD-10): Americanized Version. 10th rev. Geneva (Switzerland): World Health Organization, 1998.","caseSensitive":true,"content":"not-present"}