{"resourceType":"CodeSystem","id":"icd-o-3","text":{"status":"generated","div":"<div xmlns=\"http://www.w3.org/1999/xhtml\"><p>This code system <code>http://terminology.hl7.org/CodeSystem/icd-o-3</code> defines codes, but no codes are represented here</p></div>"},"url":"http://terminology.hl7.org/CodeSystem/icd-o-3","identifier":[{"system":"urn:ietf:rfc:3986","value":"urn:oid:2.16.840.1.113883.6.43.1"}],"version":"2.0.1","name":"IcdO3","title":"International Classification of Diseases for Oncology, version 3.","status":"active","experimental":false,"date":"2019-03-20T00:00:00-04:00","publisher":"TBD - External Body","contact":[{"name":"World Health Organization (WHO)"}],"description":"International Classification of Diseases for Oncology, version 3. For more information see http://www.who.int/classifications/icd/adaptations/oncology/en/.","caseSensitive":true,"content":"not-present"}