{"resourceType":"CodeSystem","id":"ex-programcode","meta":{"lastUpdated":"2020-04-09T21:10:28.568+00:00","profile":["http://hl7.org/fhir/StructureDefinition/shareablecodesystem"]},"text":{"status":"generated","div":"<div xmlns=\"http://www.w3.org/1999/xhtml\"><p>This code system <code>http://terminology.hl7.org/CodeSystem/ex-programcode</code> defines the following codes:</p><table class=\"codes\"><tr><td style=\"white-space:nowrap\"><b>Code</b></td><td><b>Display</b></td><td><b>Definition</b></td></tr><tr><td style=\"white-space:nowrap\">as<a name=\"ex-programcode-as\"> </a></td><td>Child Asthma</td><td>Child Asthma Program</td></tr><tr><td style=\"white-space:nowrap\">hd<a name=\"ex-programcode-hd\"> </a></td><td>Hemodialysis</td><td>Hemodialysis Program.</td></tr><tr><td style=\"white-space:nowrap\">auscr<a name=\"ex-programcode-auscr\"> </a></td><td>Autism Screening</td><td>Autism Screening Program.</td></tr><tr><td style=\"white-space:nowrap\">none<a name=\"ex-programcode-none\"> </a></td><td>None</td><td>No program code applies.</td></tr></table></div>"},"extension":[{"url":"http://hl7.org/fhir/StructureDefinition/structuredefinition-wg","valueCode":"fm"},{"url":"http://hl7.org/fhir/StructureDefinition/structuredefinition-fmm","valueInteger":1}],"url":"http://terminology.hl7.org/CodeSystem/ex-programcode","identifier":[{"system":"urn:ietf:rfc:3986","value":"urn:oid:2.16.840.1.113883.4.642.1.1161"}],"version":"0.1.0","name":"ExampleProgramReasonCodes","title":"Example Program Reason Codes","status":"draft","experimental":false,"date":"2023-07-18T00:43:45-06:00","publisher":"Financial Management","contact":[{"telecom":[{"system":"url","value":"http://hl7.org/fhir"}]}],"description":"This value set includes sample Program Reason Span codes.","copyright":"This is an example set.","caseSensitive":true,"valueSet":"http://terminology.hl7.org/ValueSet/ex-program-code","content":"complete","concept":[{"code":"as","display":"Child Asthma","definition":"Child Asthma Program"},{"code":"hd","display":"Hemodialysis","definition":"Hemodialysis Program."},{"code":"auscr","display":"Autism Screening","definition":"Autism Screening Program."},{"code":"none","display":"None","definition":"No program code applies."}]}