{"resourceType":"CodeSystem","id":"icnp","text":{"status":"generated","div":"<div xmlns=\"http://www.w3.org/1999/xhtml\"><p>This code system <code>http://terminology.hl7.org/CodeSystem/icnp</code> defines codes, but no codes are represented here</p></div>"},"url":"http://terminology.hl7.org/CodeSystem/icnp","identifier":[{"system":"urn:ietf:rfc:3986","value":"urn:oid:2.16.840.1.113883.6.97"}],"version":"2.0.1","name":"Icnp","title":"International Classification for Nursing Practice","status":"active","experimental":false,"date":"2019-03-20T00:00:00-04:00","publisher":"TBD - External Body","contact":[{"name":"International Council of Nurses (ICN)"}],"description":"ICNP(r) is a combinatorial terminology, using a multi-axial structure. ICNP(r) provides standardized terms and codes for terms in two classifications that can be used to compose or create pre-coordinated concepts to represent observations and procedures, specifically, patient problems/nursing diagnoses, nursing interventions including those focused on assessment and actual or expected (goal) outcomes. The ICNP(r) Classification for Nursing Phenomena is used to compose concepts or statements to represent observations (nursing diagnoses, patient problems, patient status, patient outcomes). The ICNP(r) Nursing Actions Classification is used to compose concepts or statements to represent procedures (nursing interventions)","caseSensitive":true,"content":"not-present"}