{"resourceType":"CodeSystem","id":"nubc-UB92","text":{"status":"generated","div":"<div xmlns=\"http://www.w3.org/1999/xhtml\"><p>This code system <code>http://terminology.hl7.org/CodeSystem/nubc-UB92</code> defines codes, but no codes are represented here</p></div>"},"url":"http://terminology.hl7.org/CodeSystem/nubc-UB92","identifier":[{"system":"urn:ietf:rfc:3986","value":"urn:oid:2.16.840.1.113883.6.21"}],"version":"2.0.1","name":"NubcUB92","title":"National Uniform Billing Council, UB 92","status":"active","experimental":false,"date":"2019-03-20T00:00:00-04:00","publisher":"TBD - External Body","contact":[{"name":"National Uniform Billing Committee (NUBC)"}],"description":"National Uniform Billing Council, UB 92","caseSensitive":true,"content":"not-present"}