{"resourceType":"CodeSystem","id":"container-cap","meta":{"lastUpdated":"2020-04-09T21:10:28.568+00:00"},"text":{"status":"generated","div":"<div xmlns=\"http://www.w3.org/1999/xhtml\"><p>This code system <code>http://terminology.hl7.org/CodeSystem/container-cap</code> defines the following codes:</p><table class=\"codes\"><tr><td style=\"white-space:nowrap\"><b>Code</b></td><td><b>Display</b></td><td><b>Definition</b></td></tr><tr><td style=\"white-space:nowrap\">red<a name=\"container-cap-red\"> </a></td><td>red cap</td><td>red cap.</td></tr><tr><td style=\"white-space:nowrap\">yellow<a name=\"container-cap-yellow\"> </a></td><td>yellow cap</td><td>yellow cap.</td></tr><tr><td style=\"white-space:nowrap\">dark-yellow<a name=\"container-cap-dark-yellow\"> </a></td><td>dark yellow cap</td><td>dark yellow cap.</td></tr><tr><td style=\"white-space:nowrap\">grey<a name=\"container-cap-grey\"> </a></td><td>grey cap</td><td>grey cap.</td></tr><tr><td style=\"white-space:nowrap\">light-blue<a name=\"container-cap-light-blue\"> </a></td><td>light blue cap</td><td>light blue cap.</td></tr><tr><td style=\"white-space:nowrap\">black<a name=\"container-cap-black\"> </a></td><td>black cap</td><td>black cap.</td></tr><tr><td style=\"white-space:nowrap\">green<a name=\"container-cap-green\"> </a></td><td>green cap</td><td>green cap.</td></tr><tr><td style=\"white-space:nowrap\">light-green<a name=\"container-cap-light-green\"> </a></td><td>light green cap</td><td>light green cap.</td></tr><tr><td style=\"white-space:nowrap\">lavender<a name=\"container-cap-lavender\"> </a></td><td>lavender cap</td><td>lavender cap.</td></tr><tr><td style=\"white-space:nowrap\">brown<a name=\"container-cap-brown\"> </a></td><td>brown cap</td><td>brown cap.</td></tr><tr><td style=\"white-space:nowrap\">white<a name=\"container-cap-white\"> </a></td><td>white cap</td><td>white cap.</td></tr><tr><td style=\"white-space:nowrap\">pink<a name=\"container-cap-pink\"> </a></td><td>pink cap</td><td>pink cap.</td></tr></table></div>"},"extension":[{"url":"http://hl7.org/fhir/StructureDefinition/structuredefinition-wg","valueCode":"oo"},{"url":"http://hl7.org/fhir/StructureDefinition/structuredefinition-fmm","valueInteger":1}],"url":"http://terminology.hl7.org/CodeSystem/container-cap","identifier":[{"system":"urn:ietf:rfc:3986","value":"urn:oid:2.16.840.1.113883.4.642.1.1258"}],"version":"0.1.0","name":"ContainerCap","title":"ContainerCap","status":"draft","experimental":false,"date":"2020-04-09T21:10:28+00:00","publisher":"HL7 (FHIR Project)","contact":[{"telecom":[{"system":"url","value":"http://hl7.org/fhir"},{"system":"email","value":"fhir@lists.hl7.org"}]}],"description":"Color of the container cap.","caseSensitive":true,"valueSet":"http://terminology.hl7.org/ValueSet/container-cap","content":"complete","concept":[{"code":"red","display":"red cap","definition":"red cap."},{"code":"yellow","display":"yellow cap","definition":"yellow cap."},{"code":"dark-yellow","display":"dark yellow cap","definition":"dark yellow cap."},{"code":"grey","display":"grey cap","definition":"grey cap."},{"code":"light-blue","display":"light blue cap","definition":"light blue cap."},{"code":"black","display":"black cap","definition":"black cap."},{"code":"green","display":"green cap","definition":"green cap."},{"code":"light-green","display":"light green cap","definition":"light green cap."},{"code":"lavender","display":"lavender cap","definition":"lavender cap."},{"code":"brown","display":"brown cap","definition":"brown cap."},{"code":"white","display":"white cap","definition":"white cap."},{"code":"pink","display":"pink cap","definition":"pink cap."}]}