{"resourceType":"CodeSystem","id":"cdshooks-indicator","meta":{"lastUpdated":"2023-02-07T06:31:57.154+00:00","profile":["http://hl7.org/fhir/StructureDefinition/shareablecodesystem"]},"text":{"status":"generated","div":"<div xmlns=\"http://www.w3.org/1999/xhtml\"><p>This code system <code>http://terminology.hl7.org/CodeSystem/cdshooks-indicator</code> defines the following codes:</p><table class=\"codes\"><tr><td style=\"white-space:nowrap\"><b>Code</b></td><td><b>Display</b></td><td><b>Definition</b></td></tr><tr><td style=\"white-space:nowrap\">info<a name=\"cdshooks-indicator-info\"> </a></td><td>Information</td><td>The response is informational and indicates that it contains additional information      or relevant guidance that may be of interest</td></tr><tr><td style=\"white-space:nowrap\">warning<a name=\"cdshooks-indicator-warning\"> </a></td><td>Warning</td><td>The response is a warning and indicates that it contains urgent or highly relevant      information that should be considered</td></tr><tr><td style=\"white-space:nowrap\">critical<a name=\"cdshooks-indicator-critical\"> </a></td><td>Critical</td><td>The response is critical and indicates that it contains information or activities      that have high urgency and importance that should be immediately addressed</td></tr></table></div>"},"extension":[{"url":"http://hl7.org/fhir/StructureDefinition/structuredefinition-wg","valueCode":"cds"}],"url":"http://terminology.hl7.org/CodeSystem/cdshooks-indicator","version":"1.0.0","name":"CDSHooksIndicator","title":"CDS Hooks Indicator","status":"draft","experimental":false,"date":"2023-07-18T00:43:45-06:00","publisher":"FHIR Project team","contact":[{"telecom":[{"system":"url","value":"http://hl7.org/fhir"}]}],"description":"This codesystem captures the indicator codes defined by the CDS Hooks specification.    The indicator is included as an element of the cards in a CDS Hooks response and    conveys the urgency and/or importance of the information in each card. See [Card    Attributes](https://cds-hooks.hl7.org/1.0/#card-attributes) in the CDS Hooks specification    for more information. Note - the CodeSystem is transitioning from the Vocabulary Work Group to Clinical Decision Support (CDS) Work Group.","jurisdiction":[{"coding":[{"system":"http://unstats.un.org/unsd/methods/m49/m49.htm","code":"001","display":"World"}]}],"caseSensitive":true,"content":"complete","concept":[{"code":"info","display":"Information","definition":"The response is informational and indicates that it contains additional information      or relevant guidance that may be of interest"},{"code":"warning","display":"Warning","definition":"The response is a warning and indicates that it contains urgent or highly relevant      information that should be considered"},{"code":"critical","display":"Critical","definition":"The response is critical and indicates that it contains information or activities      that have high urgency and importance that should be immediately addressed"}]}