{"resourceType":"CodeSystem","id":"benefit-network","meta":{"lastUpdated":"2020-04-09T21:10:28.568+00:00","profile":["http://hl7.org/fhir/StructureDefinition/shareablecodesystem"]},"text":{"status":"generated","div":"<div xmlns=\"http://www.w3.org/1999/xhtml\"><p>This code system <code>http://terminology.hl7.org/CodeSystem/benefit-network</code> defines the following codes:</p><table class=\"codes\"><tr><td style=\"white-space:nowrap\"><b>Code</b></td><td><b>Display</b></td><td><b>Definition</b></td></tr><tr><td style=\"white-space:nowrap\">in<a name=\"benefit-network-in\"> </a></td><td>In Network</td><td>Services rendered by a Network provider</td></tr><tr><td style=\"white-space:nowrap\">out<a name=\"benefit-network-out\"> </a></td><td>Out of Network</td><td>Services rendered by a provider who is not in the Network</td></tr></table></div>"},"extension":[{"url":"http://hl7.org/fhir/StructureDefinition/structuredefinition-wg","valueCode":"fm"},{"url":"http://hl7.org/fhir/StructureDefinition/structuredefinition-fmm","valueInteger":1}],"url":"http://terminology.hl7.org/CodeSystem/benefit-network","identifier":[{"system":"urn:ietf:rfc:3986","value":"urn:oid:2.16.840.1.113883.4.642.1.1177"}],"version":"0.1.0","name":"NetworkTypeCodes","title":"Network Type Codes","status":"draft","experimental":false,"date":"2023-07-18T00:43:45-06:00","publisher":"Financial Management","contact":[{"telecom":[{"system":"url","value":"http://hl7.org/fhir"}]}],"description":"This value set includes a smattering of Network type codes.","copyright":"This is an example set.","caseSensitive":true,"valueSet":"http://terminology.hl7.org/ValueSet/benefit-network","content":"complete","concept":[{"code":"in","display":"In Network","definition":"Services rendered by a Network provider"},{"code":"out","display":"Out of Network","definition":"Services rendered by a provider who is not in the Network"}]}