{"resourceType":"CodeSystem","id":"choice-list-orientation","meta":{"lastUpdated":"2020-04-09T21:10:28.568+00:00"},"text":{"status":"generated","div":"<div xmlns=\"http://www.w3.org/1999/xhtml\"><p>This code system <code>http://terminology.hl7.org/CodeSystem/choice-list-orientation</code> defines the following codes:</p><table class=\"codes\"><tr><td style=\"white-space:nowrap\"><b>Code</b></td><td><b>Display</b></td><td><b>Definition</b></td></tr><tr><td style=\"white-space:nowrap\">horizontal<a name=\"choice-list-orientation-horizontal\"> </a></td><td>Horizontal</td><td>List choices along the horizontal axis.</td></tr><tr><td style=\"white-space:nowrap\">vertical<a name=\"choice-list-orientation-vertical\"> </a></td><td>Vertical</td><td>List choices down the vertical axis.</td></tr></table></div>"},"url":"http://terminology.hl7.org/CodeSystem/choice-list-orientation","identifier":[{"system":"urn:ietf:rfc:3986","value":"urn:oid:2.16.840.1.113883.4.642.1.1273"}],"version":"0.1.0","name":"ChoiceListOrientation","title":"ChoiceListOrientation","status":"draft","experimental":false,"date":"2020-04-09T21:10:28+00:00","publisher":"HL7 (FHIR Project)","contact":[{"telecom":[{"system":"url","value":"http://hl7.org/fhir"},{"system":"email","value":"fhir@lists.hl7.org"}]}],"description":"Direction in which lists of possible answers should be displayed.","caseSensitive":true,"valueSet":"http://terminology.hl7.org/ValueSet/choice-list-orientation","content":"complete","concept":[{"code":"horizontal","display":"Horizontal","definition":"List choices along the horizontal axis."},{"code":"vertical","display":"Vertical","definition":"List choices down the vertical axis."}]}