{"resourceType":"CodeSystem","id":"triggerEventID","language":"en","text":{"status":"generated","div":"<div xmlns=\"http://www.w3.org/1999/xhtml\" xml:lang=\"en\" lang=\"en\"><p><b>Properties</b></p><p><b>This code system  defines the following properties for its concepts</b></p><table class=\"grid\"><tr><td><b>Code</b></td><td><b>URI</b></td><td><b>Type</b></td><td><b>Description</b></td></tr><tr><td>Specializes</td><td/><td>Coding</td><td>The child code is a more narrow version of the concept represented by the parent code.  I.e. Every child concept is also a valid parent concept.  Used to allow determination of subsumption.  Must be transitive, irreflexive, antisymmetric.</td></tr><tr><td>Generalizes</td><td/><td>Coding</td><td>Inverse of Specializes.  Only included as a derived relationship.</td></tr><tr><td>internalId</td><td>http://terminology.hl7.org/CodeSystem/utg-concept-properties#v3-internal-id</td><td>code</td><td>The internal identifier for the concept in the HL7 Access database repository.</td></tr><tr><td>status</td><td>http://hl7.org/fhir/concept-properties#status</td><td>code</td><td>Designation of a concept's state. Normally is not populated unless the state is retired.</td></tr></table><p><b>Concepts</b></p><p>This code system <code>http://terminology.hl7.org/CodeSystem/triggerEventID</code> provides a fragment that includes following codes:</p><table class=\"codes\"><tr><td style=\"white-space:nowrap\"><b>Code</b></td><td><b>Display</b></td><td><b>Definition</b></td><td><b>internalId</b></td><td><b>status</b></td></tr><tr><td style=\"white-space:nowrap\">POLB_TE004000UV<a name=\"triggerEventID-POLB_TE004000UV\"> </a></td><td>Result Status</td><td>**Description:**</td><td>22674</td><td>active</td></tr><tr><td style=\"white-space:nowrap\">POLB_TE004001UV<a name=\"triggerEventID-POLB_TE004001UV\"> </a></td><td>Result Confirm</td><td>**Description:**</td><td>22668</td><td>active</td></tr><tr><td style=\"white-space:nowrap\">POLB_TE004002UV<a name=\"triggerEventID-POLB_TE004002UV\"> </a></td><td>Result Reject</td><td>**Description:**</td><td>22672</td><td>active</td></tr><tr><td style=\"white-space:nowrap\">POLB_TE004007UV<a name=\"triggerEventID-POLB_TE004007UV\"> </a></td><td>Result Tracking</td><td>**Description:**</td><td>22673</td><td>active</td></tr><tr><td style=\"white-space:nowrap\">POLB_TE004100UV<a name=\"triggerEventID-POLB_TE004100UV\"> </a></td><td>Result in Progress</td><td>**Description:**</td><td>22670</td><td>active</td></tr><tr><td style=\"white-space:nowrap\">POLB_TE004102UV<a name=\"triggerEventID-POLB_TE004102UV\"> </a></td><td>Result Activate</td><td>**Description:**</td><td>22665</td><td>active</td></tr><tr><td style=\"white-space:nowrap\">POLB_TE004200UV<a name=\"triggerEventID-POLB_TE004200UV\"> </a></td><td>Result Complete with Fulfillment</td><td>**Description:**</td><td>22667</td><td>active</td></tr><tr><td style=\"white-space:nowrap\">POLB_TE004201UV<a name=\"triggerEventID-POLB_TE004201UV\"> </a></td><td>Result Corrected</td><td>**Description:**</td><td>22669</td><td>active</td></tr><tr><td style=\"white-space:nowrap\">POLB_TE004202UV<a name=\"triggerEventID-POLB_TE004202UV\"> </a></td><td>Result Complete</td><td>**Description:**</td><td>22666</td><td>active</td></tr><tr><td style=\"white-space:nowrap\">POLB_TE004301UV<a name=\"triggerEventID-POLB_TE004301UV\"> </a></td><td>Result Abort</td><td>**Description:**</td><td>22664</td><td>active</td></tr><tr><td style=\"white-space:nowrap\">POLB_TE004500UV<a name=\"triggerEventID-POLB_TE004500UV\"> </a></td><td>Result Nullify</td><td>**Description:**</td><td>22671</td><td>active</td></tr></table></div>"},"url":"http://terminology.hl7.org/CodeSystem/triggerEventID","identifier":[{"system":"urn:ietf:rfc:3986","value":"urn:oid:2.16.840.1.113883.1.18"}],"version":"2.1.0","name":"TriggerEventID","title":"Trigger Event ID","status":"active","experimental":false,"date":"2019-03-20","publisher":"HL7","contact":[{"name":"HL7 Modeling and Methodology Workgroup"}],"description":"**Description:** This code system contains all HL7 artifacts of type TE (Trigger Event) that are created by HL7 or its affiliates or their designates using the realm namespacing rules approved by HL7. Local implementations who create trigger events outside of these namespacing rules, (e.g. using the ZZ realm code) must register their own code system. The specific list of legal codes can be found by consulting the HL7 publications (editions, ballots, implementation guides, etc.) published by HL7 Inc. and by the various HL7 affiliates and their designates. Codes shall be expressed in upper case, with separator as shown in HL7 publications with no version id. E.g. PORX\\_TE123456UV.","caseSensitive":true,"hierarchyMeaning":"is-a","content":"fragment","property":[{"extension":[{"url":"http://terminology.hl7.org/StructureDefinition/ext-mif-relationship-symmetry","valueCode":"antisymmetric"},{"url":"http://terminology.hl7.org/StructureDefinition/ext-mif-relationship-transitivity","valueCode":"transitive"},{"url":"http://terminology.hl7.org/StructureDefinition/ext-mif-relationship-reflexivity","valueCode":"irreflexive"},{"url":"http://terminology.hl7.org/StructureDefinition/ext-mif-relationship-isNavigable","valueBoolean":true},{"url":"http://terminology.hl7.org/StructureDefinition/ext-mif-relationship-relationshipKind","valueCode":"Specializes"},{"url":"http://terminology.hl7.org/StructureDefinition/ext-mif-relationship-inverseName","valueString":"Generalizes"}],"code":"Specializes","description":"The child code is a more narrow version of the concept represented by the parent code.  I.e. Every child concept is also a valid parent concept.  Used to allow determination of subsumption.  Must be transitive, irreflexive, antisymmetric.","type":"Coding"},{"extension":[{"url":"http://terminology.hl7.org/StructureDefinition/ext-mif-relationship-symmetry","valueCode":"antisymmetric"},{"url":"http://terminology.hl7.org/StructureDefinition/ext-mif-relationship-transitivity","valueCode":"transitive"},{"url":"http://terminology.hl7.org/StructureDefinition/ext-mif-relationship-reflexivity","valueCode":"irreflexive"},{"url":"http://terminology.hl7.org/StructureDefinition/ext-mif-relationship-isNavigable","valueBoolean":true},{"url":"http://terminology.hl7.org/StructureDefinition/ext-mif-relationship-relationshipKind","valueCode":"Generalizes"},{"url":"http://terminology.hl7.org/StructureDefinition/ext-mif-relationship-inverseName","valueString":"Specializes"}],"code":"Generalizes","description":"Inverse of Specializes.  Only included as a derived relationship.","type":"Coding"},{"code":"internalId","uri":"http://terminology.hl7.org/CodeSystem/utg-concept-properties#v3-internal-id","description":"The internal identifier for the concept in the HL7 Access database repository.","type":"code"},{"code":"status","uri":"http://hl7.org/fhir/concept-properties#status","description":"Designation of a concept's state. Normally is not populated unless the state is retired.","type":"code"}],"concept":[{"code":"POLB_TE004000UV","display":"Result Status","definition":"**Description:**","property":[{"code":"status","valueCode":"active"},{"code":"internalId","valueCode":"22674"}]},{"code":"POLB_TE004001UV","display":"Result Confirm","definition":"**Description:**","property":[{"code":"status","valueCode":"active"},{"code":"internalId","valueCode":"22668"}]},{"code":"POLB_TE004002UV","display":"Result Reject","definition":"**Description:**","property":[{"code":"status","valueCode":"active"},{"code":"internalId","valueCode":"22672"}]},{"code":"POLB_TE004007UV","display":"Result Tracking","definition":"**Description:**","property":[{"code":"status","valueCode":"active"},{"code":"internalId","valueCode":"22673"}]},{"code":"POLB_TE004100UV","display":"Result in Progress","definition":"**Description:**","property":[{"code":"status","valueCode":"active"},{"code":"internalId","valueCode":"22670"}]},{"code":"POLB_TE004102UV","display":"Result Activate","definition":"**Description:**","property":[{"code":"status","valueCode":"active"},{"code":"internalId","valueCode":"22665"}]},{"code":"POLB_TE004200UV","display":"Result Complete with Fulfillment","definition":"**Description:**","property":[{"code":"status","valueCode":"active"},{"code":"internalId","valueCode":"22667"}]},{"code":"POLB_TE004201UV","display":"Result Corrected","definition":"**Description:**","property":[{"code":"status","valueCode":"active"},{"code":"internalId","valueCode":"22669"}]},{"code":"POLB_TE004202UV","display":"Result Complete","definition":"**Description:**","property":[{"code":"status","valueCode":"active"},{"code":"internalId","valueCode":"22666"}]},{"code":"POLB_TE004301UV","display":"Result Abort","definition":"**Description:**","property":[{"code":"status","valueCode":"active"},{"code":"internalId","valueCode":"22664"}]},{"code":"POLB_TE004500UV","display":"Result Nullify","definition":"**Description:**","property":[{"code":"status","valueCode":"active"},{"code":"internalId","valueCode":"22671"}]}]}