{"resourceType":"CodeSystem","id":"resource-type-link","meta":{"lastUpdated":"2020-04-09T21:10:28.568+00:00"},"text":{"status":"generated","div":"<div xmlns=\"http://www.w3.org/1999/xhtml\"><p>This code system <code>http://terminology.hl7.org/CodeSystem/resource-type-link</code> defines the following codes:</p><table class=\"codes\"><tr><td style=\"white-space:nowrap\"><b>Code</b></td><td><b>Display</b></td><td><b>Definition</b></td></tr><tr><td style=\"white-space:nowrap\">organization<a name=\"resource-type-link-organization\"> </a></td><td>Organization</td><td>Organization resource.</td></tr><tr><td style=\"white-space:nowrap\">patient<a name=\"resource-type-link-patient\"> </a></td><td>Patient</td><td>Patient resource.</td></tr><tr><td style=\"white-space:nowrap\">practitioner<a name=\"resource-type-link-practitioner\"> </a></td><td>Practitioner</td><td>Practitioner resource.</td></tr><tr><td style=\"white-space:nowrap\">relatedperson<a name=\"resource-type-link-relatedperson\"> </a></td><td>RelatedPerson</td><td>RelatedPerson resource.</td></tr></table></div>"},"url":"http://terminology.hl7.org/CodeSystem/resource-type-link","identifier":[{"system":"urn:ietf:rfc:3986","value":"urn:oid:2.16.840.1.113883.4.642.1.1180"}],"version":"0.1.0","name":"PayeeResourceType","title":"PayeeResourceType","status":"draft","experimental":false,"date":"2020-04-09T21:10:28+00:00","publisher":"HL7 (FHIR Project)","contact":[{"telecom":[{"system":"url","value":"http://hl7.org/fhir"},{"system":"email","value":"fhir@lists.hl7.org"}]}],"description":"The type of payee Resource.","caseSensitive":true,"valueSet":"http://terminology.hl7.org/ValueSet/resource-type-link","content":"complete","concept":[{"code":"organization","display":"Organization","definition":"Organization resource."},{"code":"patient","display":"Patient","definition":"Patient resource."},{"code":"practitioner","display":"Practitioner","definition":"Practitioner resource."},{"code":"relatedperson","display":"RelatedPerson","definition":"RelatedPerson resource."}]}