{"resourceType":"CodeSystem","id":"sic","text":{"status":"generated","div":"<div xmlns=\"http://www.w3.org/1999/xhtml\"><p>This code system <code>http://terminology.hl7.org/CodeSystem/sic</code> defines codes, but no codes are represented here</p></div>"},"url":"http://terminology.hl7.org/CodeSystem/sic","identifier":[{"system":"urn:ietf:rfc:3986","value":"urn:oid:2.16.840.1.113883.6.232"}],"version":"2.0.1","name":"Sic","title":"US Census Bureau","status":"active","experimental":false,"date":"2019-03-20T00:00:00-04:00","publisher":"TBD - External Body","contact":[{"name":"US Census Bureau"}],"description":"The Standard Industrial Classification Codes that appear in a company's disseminated EDGAR filings indicate the company's type of business. These codes are also used in the Division of Corporation Finance as a basis for assigning review responsibility for the company's filings. For example, a company whose business was Metal Mining (SIC 1000) would have its filings reviewed by staffers in A/D Office 4. Note that this code system is published both by the US Bureau of Labor Statistics (BLS) at http://www.sec.gov/info/edgar/siccodes.htm, and by the US Occupational & Safety Health Administration (OSHA) at http://www.osha.gov/pls/imis/sic\\_manual.html.","caseSensitive":true,"content":"not-present"}