{"resourceType":"CodeSystem","id":"v2-0034","text":{"status":"generated","div":"<div xmlns=\"http://www.w3.org/1999/xhtml\"><p><b>Properties</b></p><p><b>This code system  defines the following properties for its concepts</b></p><table class=\"grid\"><tr><td><b>Code</b></td><td><b>URI</b></td><td><b>Type</b></td><td><b>Description</b></td></tr><tr><td>status</td><td>http://terminology.hl7.org/CodeSystem/utg-concept-properties#status</td><td>code</td><td>Status of the concept</td></tr><tr><td>deprecated</td><td>http://terminology.hl7.org/CodeSystem/utg-concept-properties#v2-table-deprecated</td><td>code</td><td>Version of HL7 in which the code was deprecated</td></tr></table><p><b>Concepts</b></p><p>This code system <code>http://terminology.hl7.org/CodeSystem/v2-0034</code> defines the following codes:</p><table class=\"codes\"><tr><td style=\"white-space:nowrap\"><b>Code</b></td><td><b>Display</b></td><td><b>Definition</b></td><td><b>deprecated</b></td><td><b>Deutsch (German, de)</b></td></tr><tr><td style=\"white-space:nowrap\">B<a name=\"v2-0034-B\"> </a></td><td>Buttock</td><td>Buttock</td><td>2.2</td><td>Gesäß</td></tr><tr><td style=\"white-space:nowrap\">L<a name=\"v2-0034-L\"> </a></td><td>Left arm</td><td>Left arm</td><td>2.2</td><td>linker Arm</td></tr></table></div>"},"url":"http://terminology.hl7.org/CodeSystem/v2-0034","identifier":[{"system":"urn:ietf:rfc:3986","value":"urn:oid:2.16.840.1.113883.18.17"}],"version":"2.1.0","name":"SiteAdministered","title":"siteAdministered","status":"active","experimental":false,"date":"2019-12-01","publisher":"HL7, Inc","contact":[{"telecom":[{"system":"url","value":"http://www.hl7.org/"}]}],"description":"HL7-defined code system of concepts used for medication administration sites.   Used only in HL7 releases 2.1 and 2.2; as of 2.3 the model for this was changed and the field using this code system was removed from the Standard.","purpose":"Underlying Master Code System for V2 table 0034 (SITE ADMINISTERED)","copyright":"Copyright HL7. Licensed under creative commons public domain","caseSensitive":true,"valueSet":"http://terminology.hl7.org/ValueSet/v2-0034","hierarchyMeaning":"is-a","compositional":false,"versionNeeded":false,"content":"complete","property":[{"code":"status","uri":"http://terminology.hl7.org/CodeSystem/utg-concept-properties#status","description":"Status of the concept","type":"code"},{"code":"deprecated","uri":"http://terminology.hl7.org/CodeSystem/utg-concept-properties#v2-table-deprecated","description":"Version of HL7 in which the code was deprecated","type":"code"}],"concept":[{"id":"707","code":"B","display":"Buttock","definition":"Buttock","designation":[{"language":"de","use":{"system":"http://terminology.hl7.org/CodeSystem/hl7TermMaintInfra","code":"preferredForLanguage"},"value":"Gesäß"}],"property":[{"code":"deprecated","valueCode":"2.2"},{"code":"status","valueCode":"A"}]},{"id":"708","code":"L","display":"Left arm","definition":"Left arm","designation":[{"language":"de","use":{"system":"http://terminology.hl7.org/CodeSystem/hl7TermMaintInfra","code":"preferredForLanguage"},"value":"linker Arm"}],"property":[{"code":"deprecated","valueCode":"2.2"},{"code":"status","valueCode":"A"}]}]}