{"resourceType":"CodeSystem","id":"v2-0008","text":{"status":"generated","div":"<div xmlns=\"http://www.w3.org/1999/xhtml\"><p><b>Properties</b></p><p><b>This code system  defines the following properties for its concepts</b></p><table class=\"grid\"><tr><td><b>Code</b></td><td><b>URI</b></td><td><b>Type</b></td><td><b>Description</b></td></tr><tr><td>status</td><td>http://terminology.hl7.org/CodeSystem/utg-concept-properties#status</td><td>code</td><td>Status of the concept</td></tr><tr><td>deprecated</td><td>http://terminology.hl7.org/CodeSystem/utg-concept-properties#v2-table-deprecated</td><td>code</td><td>Version of HL7 in which the code was deprecated</td></tr></table><p><b>Concepts</b></p><p>This code system <code>http://terminology.hl7.org/CodeSystem/v2-0008</code> defines the following codes:</p><table class=\"codes\"><tr><td style=\"white-space:nowrap\"><b>Code</b></td><td><b>Display</b></td><td><b>Definition</b></td><td><b>Deutsch (German, de)</b></td></tr><tr><td style=\"white-space:nowrap\">AA<a name=\"v2-0008-AA\"> </a></td><td>Original mode: Application Accept - Enhanced mode: Application acknowledgment: Accept</td><td>Original mode: Application Accept - Enhanced mode: Application acknowledgment: Accept</td><td>akzeptiert durch Anwendung</td></tr><tr><td style=\"white-space:nowrap\">AE<a name=\"v2-0008-AE\"> </a></td><td>Original mode: Application Error - Enhanced mode: Application acknowledgment: Error</td><td>Original mode: Application Error - Enhanced mode: Application acknowledgment: Error</td><td>Fehler in Anwendung</td></tr><tr><td style=\"white-space:nowrap\">AR<a name=\"v2-0008-AR\"> </a></td><td>Original mode: Application Reject - Enhanced mode: Application acknowledgment: Reject</td><td>Original mode: Application Reject - Enhanced mode: Application acknowledgment: Reject</td><td>Abgelehnt durch Anwendung</td></tr><tr><td style=\"white-space:nowrap\">CA<a name=\"v2-0008-CA\"> </a></td><td>Enhanced mode: Accept acknowledgment: Commit Accept</td><td>Enhanced mode: Accept acknowledgment: Commit Accept</td><td>Bei Eingangsprüfung akzeptiert (&quot;committed&quot;)</td></tr><tr><td style=\"white-space:nowrap\">CE<a name=\"v2-0008-CE\"> </a></td><td>Enhanced mode: Accept acknowledgment: Commit Error</td><td>Enhanced mode: Accept acknowledgment: Commit Error</td><td>Fehler bei Eingangsprüfung</td></tr><tr><td style=\"white-space:nowrap\">CR<a name=\"v2-0008-CR\"> </a></td><td>Enhanced mode: Accept acknowledgment: Commit Reject</td><td>Enhanced mode: Accept acknowledgment: Commit Reject</td><td>Bei Eingangsprüfung abgelehnt</td></tr></table></div>"},"extension":[{"url":"http://hl7.org/fhir/StructureDefinition/structuredefinition-wg","valueCode":"inm"}],"url":"http://terminology.hl7.org/CodeSystem/v2-0008","identifier":[{"system":"urn:ietf:rfc:3986","value":"urn:oid:2.16.840.1.113883.18.10"}],"version":"2.3.0","name":"AcknowledgmentCodes","title":"acknowledgmentCodes","status":"active","experimental":false,"date":"2019-12-01","publisher":"HL7, Inc","contact":[{"telecom":[{"system":"url","value":"http://www.hl7.org/"}]}],"description":"HL7-defined code system of concepts specifying acknowledgment codes.  For details of usage, see message processing rules in the published Standard.  Used in HL7 Version 2.x messaging in the MSA segment.","purpose":"Underlying Master Code System for V2 table 0008 (Acknowledgment code)","copyright":"Copyright HL7. Licensed under creative commons public domain","caseSensitive":true,"valueSet":"http://terminology.hl7.org/ValueSet/v2-0008","hierarchyMeaning":"is-a","compositional":false,"versionNeeded":false,"content":"complete","property":[{"code":"status","uri":"http://terminology.hl7.org/CodeSystem/utg-concept-properties#status","description":"Status of the concept","type":"code"},{"code":"deprecated","uri":"http://terminology.hl7.org/CodeSystem/utg-concept-properties#v2-table-deprecated","description":"Version of HL7 in which the code was deprecated","type":"code"}],"concept":[{"id":"629","code":"AA","display":"Original mode: Application Accept - Enhanced mode: Application acknowledgment: Accept","definition":"Original mode: Application Accept - Enhanced mode: Application acknowledgment: Accept","designation":[{"language":"de","use":{"system":"http://terminology.hl7.org/CodeSystem/hl7TermMaintInfra","code":"preferredForLanguage"},"value":"akzeptiert durch Anwendung"}],"property":[{"code":"status","valueCode":"A"}]},{"id":"630","code":"AE","display":"Original mode: Application Error - Enhanced mode: Application acknowledgment: Error","definition":"Original mode: Application Error - Enhanced mode: Application acknowledgment: Error","designation":[{"language":"de","use":{"system":"http://terminology.hl7.org/CodeSystem/hl7TermMaintInfra","code":"preferredForLanguage"},"value":"Fehler in Anwendung"}],"property":[{"code":"status","valueCode":"A"}]},{"id":"631","code":"AR","display":"Original mode: Application Reject - Enhanced mode: Application acknowledgment: Reject","definition":"Original mode: Application Reject - Enhanced mode: Application acknowledgment: Reject","designation":[{"language":"de","use":{"system":"http://terminology.hl7.org/CodeSystem/hl7TermMaintInfra","code":"preferredForLanguage"},"value":"Abgelehnt durch Anwendung"}],"property":[{"code":"status","valueCode":"A"}]},{"id":"632","code":"CA","display":"Enhanced mode: Accept acknowledgment: Commit Accept","definition":"Enhanced mode: Accept acknowledgment: Commit Accept","designation":[{"language":"de","use":{"system":"http://terminology.hl7.org/CodeSystem/hl7TermMaintInfra","code":"preferredForLanguage"},"value":"Bei Eingangsprüfung akzeptiert (\"committed\")"}],"property":[{"code":"status","valueCode":"A"}]},{"id":"633","code":"CE","display":"Enhanced mode: Accept acknowledgment: Commit Error","definition":"Enhanced mode: Accept acknowledgment: Commit Error","designation":[{"language":"de","use":{"system":"http://terminology.hl7.org/CodeSystem/hl7TermMaintInfra","code":"preferredForLanguage"},"value":"Fehler bei Eingangsprüfung"}],"property":[{"code":"status","valueCode":"A"}]},{"id":"634","code":"CR","display":"Enhanced mode: Accept acknowledgment: Commit Reject","definition":"Enhanced mode: Accept acknowledgment: Commit Reject","designation":[{"language":"de","use":{"system":"http://terminology.hl7.org/CodeSystem/hl7TermMaintInfra","code":"preferredForLanguage"},"value":"Bei Eingangsprüfung abgelehnt"}],"property":[{"code":"status","valueCode":"A"}]}]}