{"resourceType":"CodeSystem","id":"dmdICD10","text":{"status":"generated","div":"<div xmlns=\"http://www.w3.org/1999/xhtml\"><p>This code system <code>http://terminology.hl7.org/CodeSystem/dmdICD10</code> defines codes, but no codes are represented here</p></div>"},"url":"http://terminology.hl7.org/CodeSystem/dmdICD10","identifier":[{"system":"urn:ietf:rfc:3986","value":"urn:oid:2.16.840.1.113883.6.3.3"}],"version":"2.0.1","name":"DmdICD10","title":"ICD-10 German","status":"retired","experimental":false,"date":"2021-11-09T10:00:00+10:00","publisher":"TBD - External Body","contact":[{"name":"World Health Organization"}],"description":"Internationale Klassifikation der Krankheiten 10 \\[German translation of ICD10\\]. Germany: Deutsches Institut fuer Medizinische Dokumentation und Information, 1998.","caseSensitive":true,"content":"not-present"}