{"resourceType":"CodeSystem","id":"v2-0002","text":{"status":"generated","div":"<div xmlns=\"http://www.w3.org/1999/xhtml\"><p><b>Properties</b></p><p><b>This code system  defines the following properties for its concepts</b></p><table class=\"grid\"><tr><td><b>Code</b></td><td><b>URI</b></td><td><b>Type</b></td><td><b>Description</b></td></tr><tr><td>status</td><td>http://terminology.hl7.org/CodeSystem/utg-concept-properties#status</td><td>code</td><td>Status of the concept</td></tr><tr><td>deprecated</td><td>http://terminology.hl7.org/CodeSystem/utg-concept-properties#v2-table-deprecated</td><td>code</td><td>Version of HL7 in which the code was deprecated</td></tr></table><p><b>Concepts</b></p><p>This code system <code>http://terminology.hl7.org/CodeSystem/v2-0002</code> defines the following codes:</p><table class=\"codes\"><tr><td style=\"white-space:nowrap\"><b>Code</b></td><td><b>Display</b></td><td><b>Definition</b></td><td><b>Deutsch (German, de)</b></td></tr><tr><td style=\"white-space:nowrap\">A<a name=\"v2-0002-A\"> </a></td><td>Separated</td><td>Separated</td><td>getrennt lebend</td></tr><tr><td style=\"white-space:nowrap\">D<a name=\"v2-0002-D\"> </a></td><td>Divorced</td><td>Divorced</td><td>geschieden</td></tr><tr><td style=\"white-space:nowrap\">M<a name=\"v2-0002-M\"> </a></td><td>Married</td><td>Married</td><td>verheiratet</td></tr><tr><td style=\"white-space:nowrap\">S<a name=\"v2-0002-S\"> </a></td><td>Single</td><td>Single</td><td>allein lebend</td></tr><tr><td style=\"white-space:nowrap\">W<a name=\"v2-0002-W\"> </a></td><td>Widowed</td><td>Widowed</td><td>verwitwet</td></tr><tr><td style=\"white-space:nowrap\">C<a name=\"v2-0002-C\"> </a></td><td>Common law</td><td>Common law</td><td>eheähnliche Gemeinschaft</td></tr><tr><td style=\"white-space:nowrap\">G<a name=\"v2-0002-G\"> </a></td><td>Living together</td><td>Living together</td><td>zusammenlebend</td></tr><tr><td style=\"white-space:nowrap\">P<a name=\"v2-0002-P\"> </a></td><td>Domestic partner</td><td>Domestic partner</td><td>häuslicher Partner</td></tr><tr><td style=\"white-space:nowrap\">R<a name=\"v2-0002-R\"> </a></td><td>Registered domestic partner</td><td>Registered domestic partner</td><td/></tr><tr><td style=\"white-space:nowrap\">E<a name=\"v2-0002-E\"> </a></td><td>Legally Separated</td><td>Legally Separated</td><td>rechtskräftig getrennt</td></tr><tr><td style=\"white-space:nowrap\">N<a name=\"v2-0002-N\"> </a></td><td>Annulled</td><td>Annulled</td><td>annulliert</td></tr><tr><td style=\"white-space:nowrap\">I<a name=\"v2-0002-I\"> </a></td><td>Interlocutory</td><td>Interlocutory</td><td/></tr><tr><td style=\"white-space:nowrap\">B<a name=\"v2-0002-B\"> </a></td><td>Unmarried</td><td>Unmarried</td><td>ledig</td></tr><tr><td style=\"white-space:nowrap\">U<a name=\"v2-0002-U\"> </a></td><td>Unknown</td><td>Unknown</td><td>unbekannt</td></tr><tr><td style=\"white-space:nowrap\">O<a name=\"v2-0002-O\"> </a></td><td>Other</td><td>Other</td><td>sonstiges</td></tr><tr><td style=\"white-space:nowrap\">T<a name=\"v2-0002-T\"> </a></td><td>Unreported</td><td>Unreported</td><td>keine Angabe</td></tr></table></div>"},"extension":[{"url":"http://hl7.org/fhir/StructureDefinition/structuredefinition-wg","valueCode":"pa"}],"url":"http://terminology.hl7.org/CodeSystem/v2-0002","identifier":[{"system":"urn:ietf:rfc:3986","value":"urn:oid:2.16.840.1.113883.18.179"}],"version":"2.2.0","name":"MaritalStatus","title":"maritalStatus","status":"active","experimental":false,"date":"2019-12-01","publisher":"HL7, Inc","contact":[{"telecom":[{"system":"url","value":"http://www.hl7.org/"}]}],"description":"Code system of concepts specifying a person's marital (civil/legal) status.  Used in HL7 Version 2.x messages in the PID segment.","purpose":"Underlying Master Code System for V2 table 0002 (Marital Status)","copyright":"Copyright HL7. Licensed under creative commons public domain","caseSensitive":true,"valueSet":"http://terminology.hl7.org/ValueSet/v2-0002","hierarchyMeaning":"is-a","compositional":false,"versionNeeded":false,"content":"complete","property":[{"code":"status","uri":"http://terminology.hl7.org/CodeSystem/utg-concept-properties#status","description":"Status of the concept","type":"code"},{"code":"deprecated","uri":"http://terminology.hl7.org/CodeSystem/utg-concept-properties#v2-table-deprecated","description":"Version of HL7 in which the code was deprecated","type":"code"}],"concept":[{"id":"107","code":"A","display":"Separated","definition":"Separated","designation":[{"language":"de","use":{"system":"http://terminology.hl7.org/CodeSystem/hl7TermMaintInfra","code":"preferredForLanguage"},"value":"getrennt lebend"}],"property":[{"code":"status","valueCode":"A"}]},{"id":"108","code":"D","display":"Divorced","definition":"Divorced","designation":[{"language":"de","use":{"system":"http://terminology.hl7.org/CodeSystem/hl7TermMaintInfra","code":"preferredForLanguage"},"value":"geschieden"}],"property":[{"code":"status","valueCode":"A"}]},{"id":"109","code":"M","display":"Married","definition":"Married","designation":[{"language":"de","use":{"system":"http://terminology.hl7.org/CodeSystem/hl7TermMaintInfra","code":"preferredForLanguage"},"value":"verheiratet"}],"property":[{"code":"status","valueCode":"A"}]},{"id":"110","code":"S","display":"Single","definition":"Single","designation":[{"language":"de","use":{"system":"http://terminology.hl7.org/CodeSystem/hl7TermMaintInfra","code":"preferredForLanguage"},"value":"allein lebend"}],"property":[{"code":"status","valueCode":"A"}]},{"id":"111","code":"W","display":"Widowed","definition":"Widowed","designation":[{"language":"de","use":{"system":"http://terminology.hl7.org/CodeSystem/hl7TermMaintInfra","code":"preferredForLanguage"},"value":"verwitwet"}],"property":[{"code":"status","valueCode":"A"}]},{"id":"112","code":"C","display":"Common law","definition":"Common law","designation":[{"language":"de","use":{"system":"http://terminology.hl7.org/CodeSystem/hl7TermMaintInfra","code":"preferredForLanguage"},"value":"eheähnliche Gemeinschaft"}],"property":[{"code":"status","valueCode":"A"}]},{"id":"113","code":"G","display":"Living together","definition":"Living together","designation":[{"language":"de","use":{"system":"http://terminology.hl7.org/CodeSystem/hl7TermMaintInfra","code":"preferredForLanguage"},"value":"zusammenlebend"}],"property":[{"code":"status","valueCode":"A"}]},{"id":"114","code":"P","display":"Domestic partner","definition":"Domestic partner","designation":[{"language":"de","use":{"system":"http://terminology.hl7.org/CodeSystem/hl7TermMaintInfra","code":"preferredForLanguage"},"value":"häuslicher Partner"}],"property":[{"code":"status","valueCode":"A"}]},{"id":"115","code":"R","display":"Registered domestic partner","definition":"Registered domestic partner","property":[{"code":"status","valueCode":"A"}]},{"id":"116","code":"E","display":"Legally Separated","definition":"Legally Separated","designation":[{"language":"de","use":{"system":"http://terminology.hl7.org/CodeSystem/hl7TermMaintInfra","code":"preferredForLanguage"},"value":"rechtskräftig getrennt"}],"property":[{"code":"status","valueCode":"A"}]},{"id":"117","code":"N","display":"Annulled","definition":"Annulled","designation":[{"language":"de","use":{"system":"http://terminology.hl7.org/CodeSystem/hl7TermMaintInfra","code":"preferredForLanguage"},"value":"annulliert"}],"property":[{"code":"status","valueCode":"A"}]},{"id":"118","code":"I","display":"Interlocutory","definition":"Interlocutory","property":[{"code":"status","valueCode":"A"}]},{"id":"119","code":"B","display":"Unmarried","definition":"Unmarried","designation":[{"language":"de","use":{"system":"http://terminology.hl7.org/CodeSystem/hl7TermMaintInfra","code":"preferredForLanguage"},"value":"ledig"}],"property":[{"code":"status","valueCode":"A"}]},{"id":"120","code":"U","display":"Unknown","definition":"Unknown","designation":[{"language":"de","use":{"system":"http://terminology.hl7.org/CodeSystem/hl7TermMaintInfra","code":"preferredForLanguage"},"value":"unbekannt"}],"property":[{"code":"status","valueCode":"A"}]},{"id":"121","code":"O","display":"Other","definition":"Other","designation":[{"language":"de","use":{"system":"http://terminology.hl7.org/CodeSystem/hl7TermMaintInfra","code":"preferredForLanguage"},"value":"sonstiges"}],"property":[{"code":"status","valueCode":"A"}]},{"id":"122","code":"T","display":"Unreported","definition":"Unreported","designation":[{"language":"de","use":{"system":"http://terminology.hl7.org/CodeSystem/hl7TermMaintInfra","code":"preferredForLanguage"},"value":"keine Angabe"}],"property":[{"code":"status","valueCode":"A"}]}]}