{"resourceType":"CodeSystem","id":"FDBHICCode","text":{"status":"generated","div":"<div xmlns=\"http://www.w3.org/1999/xhtml\"><p>This code system <code>http://terminology.hl7.org/CodeSystem/FDBHICCode</code> defines codes, but no codes are represented here</p></div>"},"url":"http://terminology.hl7.org/CodeSystem/FDBHICCode","identifier":[{"system":"urn:ietf:rfc:3986","value":"urn:oid:2.16.840.1.113883.3.84"}],"version":"2.0.1","name":"FDBHICCode","title":"FDB HIC Code","status":"retired","experimental":false,"date":"2021-11-09T10:00:00+10:00","publisher":"TBD - External Body","contact":[{"name":"Deltaware Systems,Deltaware Systems"}],"description":"The FDB Hierarchical Ingredient Code is a six character identifier that represents an active ingredient and its specific therapeutic classification.","caseSensitive":true,"content":"not-present"}