{"resourceType":"CodeSystem","id":"expansion-parameter-source","meta":{"lastUpdated":"2020-04-09T21:10:28.568+00:00"},"text":{"status":"generated","div":"<div xmlns=\"http://www.w3.org/1999/xhtml\"><p>This code system <code>http://terminology.hl7.org/CodeSystem/expansion-parameter-source</code> defines the following codes:</p><table class=\"codes\"><tr><td style=\"white-space:nowrap\"><b>Code</b></td><td><b>Display</b></td><td><b>Definition</b></td></tr><tr><td style=\"white-space:nowrap\">input<a name=\"expansion-parameter-source-input\"> </a></td><td>Client Input</td><td>The parameter was supplied by the client in the $expand request.</td></tr><tr><td style=\"white-space:nowrap\">server<a name=\"expansion-parameter-source-server\"> </a></td><td>Server Engine</td><td>The parameter was added by the expansion engine on the server.</td></tr><tr><td style=\"white-space:nowrap\">codesystem<a name=\"expansion-parameter-source-codesystem\"> </a></td><td>Code System</td><td>The parameter was added from one the code systems used in the $expand operation.</td></tr></table></div>"},"url":"http://terminology.hl7.org/CodeSystem/expansion-parameter-source","identifier":[{"system":"urn:ietf:rfc:3986","value":"urn:oid:2.16.840.1.113883.4.642.1.1279"}],"version":"0.1.0","name":"ExpansionParameterSource","title":"ExpansionParameterSource","status":"draft","experimental":false,"date":"2020-04-09T21:10:28+00:00","publisher":"HL7 (FHIR Project)","contact":[{"telecom":[{"system":"url","value":"http://hl7.org/fhir"},{"system":"email","value":"fhir@lists.hl7.org"}]}],"description":"Declares what the source of a parameter is.","caseSensitive":true,"valueSet":"http://terminology.hl7.org/ValueSet/expansion-parameter-source","content":"complete","concept":[{"code":"input","display":"Client Input","definition":"The parameter was supplied by the client in the $expand request."},{"code":"server","display":"Server Engine","definition":"The parameter was added by the expansion engine on the server."},{"code":"codesystem","display":"Code System","definition":"The parameter was added from one the code systems used in the $expand operation."}]}