{"resourceType":"CodeSystem","id":"goal-relationship-type","meta":{"lastUpdated":"2020-04-09T21:10:28.568+00:00"},"text":{"status":"generated","div":"<div xmlns=\"http://www.w3.org/1999/xhtml\"><p>This code system <code>http://terminology.hl7.org/CodeSystem/goal-relationship-type</code> defines the following codes:</p><table class=\"codes\"><tr><td style=\"white-space:nowrap\"><b>Code</b></td><td><b>Display</b></td><td><b>Definition</b></td></tr><tr><td style=\"white-space:nowrap\">predecessor<a name=\"goal-relationship-type-predecessor\"> </a></td><td>Predecessor</td><td>Indicates that the target goal is one which must be met before striving for the current goal.</td></tr><tr><td style=\"white-space:nowrap\">successor<a name=\"goal-relationship-type-successor\"> </a></td><td>Successor</td><td>Indicates that the target goal is a desired objective once the current goal is met.</td></tr><tr><td style=\"white-space:nowrap\">replacement<a name=\"goal-relationship-type-replacement\"> </a></td><td>Replacement</td><td>Indicates that this goal has been replaced by the target goal.</td></tr><tr><td style=\"white-space:nowrap\">milestone<a name=\"goal-relationship-type-milestone\"> </a></td><td>Milestone</td><td>Indicates that the target goal is considered to be a &quot;piece&quot; of attaining this goal.</td></tr><tr><td style=\"white-space:nowrap\">other<a name=\"goal-relationship-type-other\"> </a></td><td>Other</td><td>Indicates that the relationship is not covered by one of the pre-defined codes.  (An extension may convey more information about the meaning of the relationship.).</td></tr></table></div>"},"url":"http://terminology.hl7.org/CodeSystem/goal-relationship-type","identifier":[{"system":"urn:ietf:rfc:3986","value":"urn:oid:2.16.840.1.113883.4.642.1.1269"}],"version":"0.1.0","name":"GoalRelationshipType","title":"GoalRelationshipType","status":"draft","experimental":false,"date":"2020-04-09T21:10:28+00:00","publisher":"HL7 (FHIR Project)","contact":[{"telecom":[{"system":"url","value":"http://hl7.org/fhir"},{"system":"email","value":"fhir@lists.hl7.org"}]}],"description":"Types of relationships between two goals.","caseSensitive":true,"valueSet":"http://terminology.hl7.org/ValueSet/goal-relationship-type","content":"complete","concept":[{"code":"predecessor","display":"Predecessor","definition":"Indicates that the target goal is one which must be met before striving for the current goal."},{"code":"successor","display":"Successor","definition":"Indicates that the target goal is a desired objective once the current goal is met."},{"code":"replacement","display":"Replacement","definition":"Indicates that this goal has been replaced by the target goal."},{"code":"milestone","display":"Milestone","definition":"Indicates that the target goal is considered to be a \"piece\" of attaining this goal."},{"code":"other","display":"Other","definition":"Indicates that the relationship is not covered by one of the pre-defined codes.  (An extension may convey more information about the meaning of the relationship.)."}]}