{"resourceType":"CodeSystem","id":"communication-topic","meta":{"lastUpdated":"2020-04-09T21:10:28.568+00:00"},"text":{"status":"generated","div":"<div xmlns=\"http://www.w3.org/1999/xhtml\"><p>This code system <code>http://terminology.hl7.org/CodeSystem/communication-topic</code> defines the following codes:</p><table class=\"codes\"><tr><td style=\"white-space:nowrap\"><b>Code</b></td><td><b>Display</b></td><td><b>Definition</b></td></tr><tr><td style=\"white-space:nowrap\">prescription-refill-request<a name=\"communication-topic-prescription-refill-request\"> </a></td><td>Prescription Refill Request</td><td>The purpose or content of the communication is a prescription refill request.</td></tr><tr><td style=\"white-space:nowrap\">progress-update<a name=\"communication-topic-progress-update\"> </a></td><td>Progress Update</td><td>The purpose or content of the communication is a progress update.</td></tr><tr><td style=\"white-space:nowrap\">report-labs<a name=\"communication-topic-report-labs\"> </a></td><td>Report Labs</td><td>The purpose or content of the communication is to report labs.</td></tr><tr><td style=\"white-space:nowrap\">appointment-reminder<a name=\"communication-topic-appointment-reminder\"> </a></td><td>Appointment Reminder</td><td>The purpose or content of the communication is an appointment reminder.</td></tr><tr><td style=\"white-space:nowrap\">phone-consult<a name=\"communication-topic-phone-consult\"> </a></td><td>Phone Consult</td><td>The purpose or content of the communication is a phone consult.</td></tr><tr><td style=\"white-space:nowrap\">summary-report<a name=\"communication-topic-summary-report\"> </a></td><td>Summary Report</td><td>The purpose or content of the communication is a summary report.</td></tr></table></div>"},"extension":[{"url":"http://hl7.org/fhir/StructureDefinition/structuredefinition-wg","valueCode":"pc"},{"url":"http://hl7.org/fhir/StructureDefinition/structuredefinition-fmm","valueInteger":1}],"url":"http://terminology.hl7.org/CodeSystem/communication-topic","identifier":[{"system":"urn:ietf:rfc:3986","value":"urn:oid:2.16.840.1.113883.4.642.1.1078"}],"version":"0.1.0","name":"CommunicationTopic","title":"CommunicationTopic","status":"draft","experimental":false,"date":"2020-04-09T21:10:28+00:00","publisher":"HL7 (FHIR Project)","contact":[{"telecom":[{"system":"url","value":"http://hl7.org/fhir"},{"system":"email","value":"fhir@lists.hl7.org"}]}],"description":"Codes describing the purpose or content of the communication.","caseSensitive":true,"valueSet":"http://terminology.hl7.org/ValueSet/communication-topic","content":"complete","concept":[{"code":"prescription-refill-request","display":"Prescription Refill Request","definition":"The purpose or content of the communication is a prescription refill request."},{"code":"progress-update","display":"Progress Update","definition":"The purpose or content of the communication is a progress update."},{"code":"report-labs","display":"Report Labs","definition":"The purpose or content of the communication is to report labs."},{"code":"appointment-reminder","display":"Appointment Reminder","definition":"The purpose or content of the communication is an appointment reminder."},{"code":"phone-consult","display":"Phone Consult","definition":"The purpose or content of the communication is a phone consult."},{"code":"summary-report","display":"Summary Report","definition":"The purpose or content of the communication is a summary report."}]}