{"resourceType":"CodeSystem","id":"externalCodeSystems","text":{"status":"generated","div":"<div xmlns=\"http://www.w3.org/1999/xhtml\"><p>This code system <code>http://terminology.hl7.org/CodeSystem/externalCodeSystems</code> defines codes, but no codes are represented here</p></div>"},"url":"http://terminology.hl7.org/CodeSystem/externalCodeSystems","identifier":[{"system":"urn:ietf:rfc:3986","value":"urn:oid:2.16.840.1.113883.6"}],"version":"2.0.1","name":"ExternalCodeSystems","title":"HL7 Registered External Coding Systems","status":"retired","experimental":false,"date":"2021-11-09T10:00:00+10:00","publisher":"TBD - External Body","contact":[{"name":"Health Level Seven"}],"description":"External coding systems registered in HL7 with an HL7 OID","caseSensitive":true,"content":"not-present"}