{"resourceType":"CodeSystem","id":"cmshcc","text":{"status":"generated","div":"<div xmlns=\"http://www.w3.org/1999/xhtml\"><p>This code system <code>http://terminology.hl7.org/CodeSystem/cmshcc</code> defines codes, but no codes are represented here</p></div>"},"url":"http://terminology.hl7.org/CodeSystem/cmshcc","version":"1.0.1","name":"CMSHCC","title":"CMS Hierarchical Condition Categories","status":"active","experimental":false,"date":"2021-12-02T00:00:00-00:00","publisher":"Centers for Medicare & Medicaid Services","contact":[{"name":"Centers for Medicare & Medicaid Services; 7500 Security Boulevard, Baltimore, MD 21244"}],"description":"The CMS-HCC model uses more than 9,000 ICD-10-CM codes, which are mapped to condition categories that predict costs well. The condition categories are based on diagnoses clinically related to one another and with similar predicted cost implications. Hierarchies are imposed on the condition categories to capture the most costly diagnoses. Hierarchy logic is imposed on certain condition categories to account for different hierarchical costs, thus, the term Hierarchical Condition Category, or HCC.\r\n\r\nFor more information, see https://www.cms.gov/Medicare/Health-Plans/MedicareAdvtgSpecRateStats/Risk-Adjustors.\r\n\r\nThe CMS HCCs are in the public domain and are free to use without restriction.","caseSensitive":true,"content":"not-present"}