{"resourceType":"CodeSystem","id":"epsg-crs","text":{"status":"generated","div":"<div xmlns=\"http://www.w3.org/1999/xhtml\"><p>This code system <code>http://terminology.hl7.org/CodeSystem/epsg-crs</code> defines codes, but no codes are represented here</p></div>"},"url":"http://terminology.hl7.org/CodeSystem/epsg-crs","identifier":[{"system":"urn:ietf:rfc:3986","value":"urn:oid:2.16.840.1.113883.6.278"}],"version":"2.0.1","name":"EpsgCrs","title":"European Petroleum Survey Group Geodetic Parameter Dataset Coordinate Reference System","status":"retired","experimental":false,"date":"2021-11-09T10:00:00+10:00","publisher":"TBD - External Body","contact":[{"name":"International Association of Oil & Gas Producers"}],"description":"**Description:** The set of values found in the Coord Axis Code column of the Coordinate Axis table as maintained in the EPSG geodetic parameter dataset. These define the axis for coordinate systems for geographic coordinates.","caseSensitive":true,"content":"not-present"}