{"resourceType":"CodeSystem","id":"NCPDPPharmacyType","text":{"status":"generated","div":"<div xmlns=\"http://www.w3.org/1999/xhtml\"><p>This code system <code>http://terminology.hl7.org/CodeSystem/NCPDPPharmacyType</code> defines codes, but no codes are represented here</p></div>"},"url":"http://terminology.hl7.org/CodeSystem/NCPDPPharmacyType","version":"1.0.2","name":"NCPDPPharmacyType","title":"NCPDP Pharmacy Type","status":"active","experimental":false,"date":"2021-03-10T00:00:00-04:00","publisher":"National Council for Prescription Drug Programs","contact":[{"name":"National Council for Prescription Drug Programs","telecom":[{"system":"phone","value":"480.477.1000"},{"system":"email","value":"info@ncpdp.org"}]}],"description":"Type of pharmacy.","caseSensitive":true,"content":"not-present"}