{"resourceType":"CodeSystem","id":"payeetype","meta":{"lastUpdated":"2020-04-09T21:10:28.568+00:00","profile":["http://hl7.org/fhir/StructureDefinition/shareablecodesystem"]},"text":{"status":"generated","div":"<div xmlns=\"http://www.w3.org/1999/xhtml\"><p>This code system <code>http://terminology.hl7.org/CodeSystem/payeetype</code> defines the following codes:</p><table class=\"codes\"><tr><td style=\"white-space:nowrap\"><b>Code</b></td><td><b>Display</b></td><td><b>Definition</b></td></tr><tr><td style=\"white-space:nowrap\">subscriber<a name=\"payeetype-subscriber\"> </a></td><td>Subscriber</td><td>The subscriber (policy holder) will be reimbursed.</td></tr><tr><td style=\"white-space:nowrap\">provider<a name=\"payeetype-provider\"> </a></td><td>Provider</td><td>Any benefit payable will be paid to the provider (Assignment of Benefit).</td></tr><tr><td style=\"white-space:nowrap\">other<a name=\"payeetype-other\"> </a></td><td>Other</td><td>Any benefit payable will be paid to a third party such as a guarantor.</td></tr></table></div>"},"extension":[{"url":"http://hl7.org/fhir/StructureDefinition/structuredefinition-wg","valueCode":"fm"},{"url":"http://hl7.org/fhir/StructureDefinition/structuredefinition-fmm","valueInteger":1}],"url":"http://terminology.hl7.org/CodeSystem/payeetype","identifier":[{"system":"urn:ietf:rfc:3986","value":"urn:oid:2.16.840.1.113883.4.642.1.1050"}],"version":"0.2.0","name":"ClaimPayeeTypeCodes","title":"Claim Payee Type Codes","status":"draft","experimental":true,"date":"2023-07-18T00:43:45-06:00","publisher":"Financial Management","contact":[{"telecom":[{"system":"url","value":"http://hl7.org/fhir"}]}],"description":"This value set includes sample Payee Type codes.","copyright":"This is an example set.","caseSensitive":true,"valueSet":"http://terminology.hl7.org/ValueSet/payeetype","content":"complete","concept":[{"code":"subscriber","display":"Subscriber","definition":"The subscriber (policy holder) will be reimbursed."},{"code":"provider","display":"Provider","definition":"Any benefit payable will be paid to the provider (Assignment of Benefit)."},{"code":"other","display":"Other","definition":"Any benefit payable will be paid to a third party such as a guarantor."}]}