{"resourceType":"CodeSystem","id":"contractactorrole","meta":{"lastUpdated":"2020-04-09T21:10:28.568+00:00","profile":["http://hl7.org/fhir/StructureDefinition/shareablecodesystem"]},"text":{"status":"generated","div":"<div xmlns=\"http://www.w3.org/1999/xhtml\"><p>This code system <code>http://terminology.hl7.org/CodeSystem/contractactorrole</code> defines the following codes:</p><table class=\"codes\"><tr><td style=\"white-space:nowrap\"><b>Code</b></td><td><b>Display</b></td><td><b>Definition</b></td></tr><tr><td style=\"white-space:nowrap\">practitioner<a name=\"contractactorrole-practitioner\"> </a></td><td>Practitioner</td><td>Someone who provides health care related services to people or animals including both clinical and support services.</td></tr><tr><td style=\"white-space:nowrap\">patient<a name=\"contractactorrole-patient\"> </a></td><td>Patient</td><td>A receiver, human or animal, of health care related goods and services.</td></tr></table></div>"},"extension":[{"url":"http://hl7.org/fhir/StructureDefinition/structuredefinition-wg","valueCode":"fm"},{"url":"http://hl7.org/fhir/StructureDefinition/structuredefinition-fmm","valueInteger":1}],"url":"http://terminology.hl7.org/CodeSystem/contractactorrole","identifier":[{"system":"urn:ietf:rfc:3986","value":"urn:oid:2.16.840.1.113883.4.642.1.1203"}],"version":"0.1.0","name":"ContractActorRoleCodes","title":"Contract Actor Role Codes","status":"draft","experimental":false,"date":"2023-07-18T00:43:45-06:00","publisher":"CBCC","contact":[{"telecom":[{"system":"url","value":"http://hl7.org/fhir"}]}],"description":"This value set includes sample Contract Actor Role codes.","copyright":"This is an example set.","caseSensitive":true,"valueSet":"http://terminology.hl7.org/ValueSet/contract-actorrole","content":"complete","concept":[{"code":"practitioner","display":"Practitioner","definition":"Someone who provides health care related services to people or animals including both clinical and support services."},{"code":"patient","display":"Patient","definition":"A receiver, human or animal, of health care related goods and services."}]}