{"resourceType":"CodeSystem","id":"financialtaskinputtype","meta":{"lastUpdated":"2020-04-09T21:10:28.568+00:00","profile":["http://hl7.org/fhir/StructureDefinition/shareablecodesystem"]},"text":{"status":"generated","div":"<div xmlns=\"http://www.w3.org/1999/xhtml\"><p>This code system <code>http://terminology.hl7.org/CodeSystem/financialtaskinputtype</code> defines the following codes:</p><table class=\"codes\"><tr><td style=\"white-space:nowrap\"><b>Code</b></td><td><b>Display</b></td><td><b>Definition</b></td></tr><tr><td style=\"white-space:nowrap\">include<a name=\"financialtaskinputtype-include\"> </a></td><td>Include</td><td>The name of a resource to include in a selection.</td></tr><tr><td style=\"white-space:nowrap\">exclude<a name=\"financialtaskinputtype-exclude\"> </a></td><td>Exclude</td><td>The name of a resource to not include in a selection.</td></tr><tr><td style=\"white-space:nowrap\">origresponse<a name=\"financialtaskinputtype-origresponse\"> </a></td><td>Original Response</td><td>A reference to the response resource to the original processing of a resource.</td></tr><tr><td style=\"white-space:nowrap\">reference<a name=\"financialtaskinputtype-reference\"> </a></td><td>Reference Number</td><td>A reference value which must be quoted to authorize an action.</td></tr><tr><td style=\"white-space:nowrap\">item<a name=\"financialtaskinputtype-item\"> </a></td><td>Item Number</td><td>The sequence number associated with an item for reprocessing.</td></tr><tr><td style=\"white-space:nowrap\">period<a name=\"financialtaskinputtype-period\"> </a></td><td>Period</td><td>The reference period for the action being requested.</td></tr><tr><td style=\"white-space:nowrap\">status<a name=\"financialtaskinputtype-status\"> </a></td><td>Status code</td><td>The processing status from a check on the processing status of a resource such as the adjudication of a claim.</td></tr></table></div>"},"url":"http://terminology.hl7.org/CodeSystem/financialtaskinputtype","identifier":[{"system":"urn:ietf:rfc:3986","value":"urn:oid:2.16.840.1.113883.4.642.1.1392"}],"version":"0.1.0","name":"FinancialTaskInputTypeCodes","title":"Financial Task Input Type Codes","status":"draft","experimental":false,"date":"2023-07-18T00:43:45-06:00","publisher":"Financial Management","contact":[{"telecom":[{"system":"url","value":"http://hl7.org/fhir"}]}],"description":"This value set includes Financial Task Input Type codes.","copyright":"This is an example set.","caseSensitive":true,"valueSet":"http://terminology.hl7.org/ValueSet/financial-taskinputtype","content":"complete","concept":[{"code":"include","display":"Include","definition":"The name of a resource to include in a selection."},{"code":"exclude","display":"Exclude","definition":"The name of a resource to not include in a selection."},{"code":"origresponse","display":"Original Response","definition":"A reference to the response resource to the original processing of a resource."},{"code":"reference","display":"Reference Number","definition":"A reference value which must be quoted to authorize an action."},{"code":"item","display":"Item Number","definition":"The sequence number associated with an item for reprocessing."},{"code":"period","display":"Period","definition":"The reference period for the action being requested."},{"code":"status","display":"Status code","definition":"The processing status from a check on the processing status of a resource such as the adjudication of a claim."}]}