{"resourceType":"CodeSystem","id":"opinions","text":{"status":"generated","div":"<div xmlns=\"http://www.w3.org/1999/xhtml\"><p>This code system <code>http://terminology.hl7.org/CodeSystem/opinions</code> defines codes, but no codes are represented here</p></div>"},"url":"http://terminology.hl7.org/CodeSystem/opinions","identifier":[{"system":"urn:ietf:rfc:3986","value":"urn:oid:2.16.840.1.113883.5.1102"}],"version":"2.1.2","name":"Opinions","title":"Online Product Identification Number Index of Nova Scotia","status":"active","experimental":false,"date":"2021-07-27T00:00:00-04:00","publisher":"TBD - External Body","contact":[{"name":"Atlantic Pharmaceutical Services Inc."}],"description":"Codes to identify products and services that do not have DIN's and which need to be billed. http://www.atlanticpharmaceutical.ca/default.asp?mn=5.23","caseSensitive":true,"content":"not-present"}