{"resourceType":"CodeSystem","id":"AHANUBCPatientDischargeStatus","text":{"status":"generated","div":"<div xmlns=\"http://www.w3.org/1999/xhtml\"><p>This code system <code>https://www.nubc.org/CodeSystem/PatDischargeStatus</code> defines codes, but no codes are represented here</p></div>"},"url":"https://www.nubc.org/CodeSystem/PatDischargeStatus","identifier":[{"system":"urn:ietf:rfc:3986","value":"urn:oid:2.16.840.1.113883.6.301.5"}],"version":"1.0.0","name":"AHA_NUBC_PatientDischargeStatus","title":"AHA NUBC Patient Discharge Status Codes","status":"active","experimental":false,"date":"2022-05-18T00:00:00-00:00","publisher":"American Hospital Association (AHA)","contact":[{"name":"American Hospital Association (AHA); 155 North Wacker Drive, Suite 400, Chicago, IL 60606","telecom":[{"system":"fax","value":"312-422-4500"},{"system":"phone","value":"312-422-3000"}]}],"description":"\"The UB-04 Data File contains the complete set of NUBC codes. Every code in the range of possible codes is accounted for sequentially. There are no gaps because all used and unused codes are identified.\"\r\n\r\nThis code system consists of the following:\r\n\r\n\\* FL 17 - Patient Discharge Status\r\n\r\nThese codes are used to convey the patient discharge status and are the property of the American Hospital Association.\r\n\r\nTo obtain the underlying code systems, please see information [here](https://www.nubc.org/subscription-information)\r\n\r\nStatement of Understanding between AHA and HL7 can be found [here](http://www.hl7.org/documentcenter/public/mou/AHA%20HL7%20SOU%202020%20AHA%20Fully%20Executed.pdf). In particular see sections 4.1d and 4.2.\r\n\r\n\"The UB-04 Manual has a 12-month subscription period from June 30 through July 1.\"\r\n\r\nFor frequently asked questions, see here [here](https://www.nubc.org/nubc-faqs)","copyright":"Licensing information can be found [here](https://www.nubc.org/license)\r\n\r\nThese codes are listed within the UB-04 Data Specifications Manual. The Official UB-04 Data Specifications Manual, copyrighted by the American Hospital Association, is the only official source of UB-04 billing information adopted by the National Uniform Billing Committee. No other publication—governmental or private/commercial—can be considered authoritative. The AHA wants to make you aware that the use of codes, descriptions, or any other content contained in the manual to be used in a software application, publication, or any other derivative work must be properly licensed by the AHA. If your organization uses or intends to use any of the codes or other related content from the manual in this manner, please contact the AHA’s licensing manager, Tim Carlson, at 312.893.6816 or tcarlson@aha.org","caseSensitive":true,"content":"not-present"}