{"resourceType":"ValueSet","id":"consent-scope","meta":{"lastUpdated":"2020-02-24T12:41:39.109+11:00","profile":["http://hl7.org/fhir/StructureDefinition/shareablevalueset"]},"text":{"status":"generated","div":"<div xmlns=\"http://www.w3.org/1999/xhtml\"><ul><li>Include all codes defined in <a href=\"CodeSystem-consentscope.html\"><code>http://terminology.hl7.org/CodeSystem/consentscope</code></a></li></ul></div>"},"extension":[{"url":"http://hl7.org/fhir/StructureDefinition/structuredefinition-wg","valueCode":"cbcc"},{"url":"http://hl7.org/fhir/StructureDefinition/structuredefinition-fmm","valueInteger":2}],"url":"http://terminology.hl7.org/ValueSet/consent-scope","identifier":[{"system":"urn:ietf:rfc:3986","value":"urn:oid:2.16.840.1.113883.4.642.3.761"}],"version":"0.1.0","name":"ConsentScopeCodes","title":"Consent Scope Codes","status":"draft","experimental":false,"date":"2020-02-24T12:41:39+11:00","publisher":"CBCC","contact":[{"telecom":[{"system":"url","value":"http://hl7.org/fhir"}]}],"description":"This value set includes the four Consent scope codes.","immutable":true,"compose":{"include":[{"system":"http://terminology.hl7.org/CodeSystem/consentscope"}]}}