{"resourceType":"ValueSet","id":"v2-0350","text":{"status":"generated","div":"<div xmlns=\"http://www.w3.org/1999/xhtml\"><ul><li>Include all codes defined in <a href=\"CodeSystem-v2-0350.html\"><code>http://terminology.hl7.org/CodeSystem/v2-0350</code></a></li></ul></div>"},"url":"http://terminology.hl7.org/ValueSet/v2-0350","identifier":[{"system":"urn:ietf:rfc:3986","value":"urn:oid:2.16.840.1.113883.21.227"}],"version":"2.0.0","name":"Hl7VSOccurrenceCode","title":"hl7VS-occurrenceCode","status":"active","experimental":false,"date":"2019-12-01","publisher":"HL7, Inc","contact":[{"telecom":[{"system":"url","value":"https://github.com/HL7/UTG"}]}],"description":"Concepts drawn from the National Uniform Billing Committee (NUBC) code for the event or occurrence relating to a bill that may affect payer processing.  Used in Version 2 messaging in the Occurrence Code and Date (OCD) value.","copyright":"Copyright HL7. Licensed under creative commons public domain","compose":{"include":[{"system":"http://terminology.hl7.org/CodeSystem/v2-0350","version":"2.1.0"}]}}