{"resourceType":"ValueSet","id":"coverage-class","meta":{"lastUpdated":"2020-02-24T12:41:39.109+11:00","profile":["http://hl7.org/fhir/StructureDefinition/shareablevalueset"]},"text":{"status":"generated","div":"<div xmlns=\"http://www.w3.org/1999/xhtml\"><ul><li>Include all codes defined in <a href=\"CodeSystem-coverage-class.html\"><code>http://terminology.hl7.org/CodeSystem/coverage-class</code></a></li></ul></div>"},"extension":[{"url":"http://hl7.org/fhir/StructureDefinition/structuredefinition-wg","valueCode":"fm"},{"url":"http://hl7.org/fhir/StructureDefinition/structuredefinition-fmm","valueInteger":2}],"url":"http://terminology.hl7.org/ValueSet/coverage-class","identifier":[{"system":"urn:ietf:rfc:3986","value":"urn:oid:2.16.840.1.113883.4.642.3.1009"}],"version":"0.1.0","name":"CoverageClassCodes","title":"Coverage Class Codes","status":"draft","experimental":false,"date":"2020-02-24T12:41:39+11:00","publisher":"Financial Management","contact":[{"telecom":[{"system":"url","value":"http://hl7.org/fhir"}]}],"description":"This value set includes Coverage Class codes.","immutable":true,"copyright":"HL7 Inc.","compose":{"include":[{"system":"http://terminology.hl7.org/CodeSystem/coverage-class"}]}}