{"resourceType":"ValueSet","id":"v2-0335","text":{"status":"generated","div":"<div xmlns=\"http://www.w3.org/1999/xhtml\"><ul><li>Include all codes defined in <a href=\"CodeSystem-v2-0335.html\"><code>http://terminology.hl7.org/CodeSystem/v2-0335</code></a></li></ul></div>"},"url":"http://terminology.hl7.org/ValueSet/v2-0335","identifier":[{"system":"urn:ietf:rfc:3986","value":"urn:oid:2.16.840.1.113883.21.217"}],"version":"2.0.0","name":"Hl7VSRepeatPattern","title":"hl7VS-repeatPattern","status":"active","experimental":false,"date":"2019-12-01","publisher":"HL7, Inc","contact":[{"telecom":[{"system":"url","value":"https://github.com/HL7/UTG"}]}],"description":"Value Set of codes that specify the interval between repeated services. See the Comment/Usage Note in the table below, as the table contains both precoordinated codes that may be used in an HL7 field or component and also explanatory patterns i","copyright":"Copyright HL7. Licensed under creative commons public domain","compose":{"include":[{"system":"http://terminology.hl7.org/CodeSystem/v2-0335","version":"2.3.0"}]}}