{"resourceType":"ValueSet","id":"measure-supplemental-data","meta":{"lastUpdated":"2023-02-06T12:41:39.109+11:00","profile":["http://hl7.org/fhir/StructureDefinition/shareablevalueset"]},"text":{"status":"generated","div":"<div xmlns=\"http://www.w3.org/1999/xhtml\"><ul><li>Include all codes defined in <a href=\"CodeSystem-measure-supplemental-data.html\"><code>http://terminology.hl7.org/CodeSystem/measure-supplemental-data</code></a></li></ul></div>"},"extension":[{"url":"http://hl7.org/fhir/StructureDefinition/structuredefinition-wg","valueCode":"cqi"}],"url":"http://terminology.hl7.org/ValueSet/measure-supplemental-data","version":"1.0.0","name":"MeasureSupplementalData","title":"MeasureSupplementalData","status":"draft","experimental":false,"date":"2023-02-06T12:41:39+11:00","publisher":"HL7 (FHIR Project)","contact":[{"telecom":[{"system":"url","value":"http://hl7.org/fhir"},{"system":"email","value":"fhir@lists.hl7.org"}]}],"description":"Supplemental data in a population for measuring purposes.","compose":{"include":[{"system":"http://terminology.hl7.org/CodeSystem/measure-supplemental-data"}]}}