{"resourceType":"ValueSet","id":"medicationdispense-performer-function","meta":{"lastUpdated":"2020-02-24T12:41:39.109+11:00","profile":["http://hl7.org/fhir/StructureDefinition/shareablevalueset"]},"text":{"status":"generated","div":"<div xmlns=\"http://www.w3.org/1999/xhtml\"><ul><li>Include all codes defined in <a href=\"CodeSystem-medicationdispense-performer-function.html\"><code>http://terminology.hl7.org/CodeSystem/medicationdispense-performer-function</code></a></li></ul></div>"},"extension":[{"url":"http://hl7.org/fhir/StructureDefinition/structuredefinition-wg","valueCode":"phx"},{"url":"http://hl7.org/fhir/StructureDefinition/structuredefinition-fmm","valueInteger":1}],"url":"http://terminology.hl7.org/ValueSet/medicationdispense-performer-function","identifier":[{"system":"urn:ietf:rfc:3986","value":"urn:oid:2.16.840.1.113883.4.642.3.1318"}],"version":"0.1.0","name":"MedicationDispensePerformerFunctionCodes","title":"Medication dispense  performer  function  codes","status":"draft","experimental":false,"date":"2020-02-24T12:41:39+11:00","publisher":"FHIR Project team","contact":[{"telecom":[{"system":"url","value":"http://hl7.org/fhir"}]}],"description":"MedicationDispense Performer Function Codes","immutable":true,"compose":{"include":[{"system":"http://terminology.hl7.org/CodeSystem/medicationdispense-performer-function"}]}}