{"resourceType":"ValueSet","id":"v2-0359","text":{"status":"generated","div":"<div xmlns=\"http://www.w3.org/1999/xhtml\"><ul><li>Include all codes defined in <a href=\"CodeSystem-v2-0359.html\"><code>http://terminology.hl7.org/CodeSystem/v2-0359</code></a></li></ul></div>"},"url":"http://terminology.hl7.org/ValueSet/v2-0359","identifier":[{"system":"urn:ietf:rfc:3986","value":"urn:oid:2.16.840.1.113883.21.234"}],"version":"2.0.0","name":"Hl7VSDiagnosisPriority","title":"hl7VS-diagnosisPriority","status":"active","experimental":false,"date":"2019-12-01","publisher":"HL7, Inc","contact":[{"telecom":[{"system":"url","value":"https://github.com/HL7/UTG"}]}],"description":"Concepts that identify the significance or priority of the diagnosis code.  Note that the codes are numeric, and the number of the code represents the ordinal priority of the associated diagnosis.  Used in the DG1 segment in Version 2 messaging.","copyright":"Copyright HL7. Licensed under creative commons public domain","compose":{"include":[{"system":"http://terminology.hl7.org/CodeSystem/v2-0359","version":"2.1.0"}]}}