{"resourceType":"ValueSet","id":"v2-0338","text":{"status":"generated","div":"<div xmlns=\"http://www.w3.org/1999/xhtml\"><ul><li>Include these codes as defined in <a href=\"CodeSystem-v2-0203.html\"><code>http://terminology.hl7.org/CodeSystem/v2-0203</code></a> version <code>2.7.0</code><table class=\"none\"><tr><td style=\"white-space:nowrap\"><b>Code</b></td><td><b>Display</b></td></tr><tr><td><a href=\"CodeSystem-v2-0203.html#v2-0203-CY\">CY</a></td><td/></tr><tr><td><a href=\"CodeSystem-v2-0203.html#v2-0203-DEA\">DEA</a></td><td/></tr><tr><td><a href=\"CodeSystem-v2-0203.html#v2-0203-GL\">GL</a></td><td/></tr><tr><td><a href=\"CodeSystem-v2-0203.html#v2-0203-LI\">LI</a></td><td/></tr><tr><td><a href=\"CodeSystem-v2-0203.html#v2-0203-L.38I\">L&amp;I</a></td><td/></tr><tr><td><a href=\"CodeSystem-v2-0203.html#v2-0203-MCD\">MCD</a></td><td/></tr><tr><td><a href=\"CodeSystem-v2-0203.html#v2-0203-MCR\">MCR</a></td><td/></tr><tr><td><a href=\"CodeSystem-v2-0203.html#v2-0203-QA\">QA</a></td><td/></tr><tr><td><a href=\"CodeSystem-v2-0203.html#v2-0203-SL\">SL</a></td><td/></tr><tr><td><a href=\"CodeSystem-v2-0203.html#v2-0203-TAX\">TAX</a></td><td/></tr><tr><td><a href=\"CodeSystem-v2-0203.html#v2-0203-TRL\">TRL</a></td><td/></tr><tr><td><a href=\"CodeSystem-v2-0203.html#v2-0203-UPIN\">UPIN</a></td><td/></tr></table></li></ul></div>"},"url":"http://terminology.hl7.org/ValueSet/v2-0338","identifier":[{"system":"urn:ietf:rfc:3986","value":"urn:oid:2.16.840.1.113883.21.220"}],"version":"2.0.0","name":"Hl7VSPractitionerIdNumberType","title":"hl7VS-practitionerIdNumberType","status":"active","experimental":false,"date":"2019-12-01","publisher":"HL7, Inc","contact":[{"telecom":[{"system":"url","value":"https://github.com/HL7/UTG"}]}],"description":"Value Set of codes that specify the type of number used for the practitioner identification.","copyright":"Copyright HL7. Licensed under creative commons public domain","compose":{"include":[{"system":"http://terminology.hl7.org/CodeSystem/v2-0203","version":"2.7.0","concept":[{"code":"CY"},{"code":"DEA"},{"code":"GL"},{"code":"LI"},{"code":"L&I"},{"code":"MCD"},{"code":"MCR"},{"code":"QA"},{"code":"SL"},{"code":"TAX"},{"code":"TRL"},{"code":"UPIN"}]}]}}