{"resourceType":"ValueSet","id":"goal-acceptance-status","meta":{"lastUpdated":"2020-02-24T12:41:39.109+11:00","profile":["http://hl7.org/fhir/StructureDefinition/shareablevalueset"]},"text":{"status":"generated","div":"<div xmlns=\"http://www.w3.org/1999/xhtml\"><ul><li>Include all codes defined in <a href=\"CodeSystem-goal-acceptance-status.html\"><code>http://terminology.hl7.org/CodeSystem/goal-acceptance-status</code></a></li></ul></div>"},"extension":[{"url":"http://hl7.org/fhir/StructureDefinition/structuredefinition-wg","valueCode":"pc"}],"url":"http://terminology.hl7.org/ValueSet/goal-acceptance-status","identifier":[{"system":"urn:ietf:rfc:3986","value":"urn:oid:2.16.840.1.113883.4.642.3.917"}],"version":"0.3.0","name":"GoalAcceptanceStatus","title":"GoalAcceptanceStatus","status":"draft","experimental":false,"date":"2020-02-24T12:41:39+11:00","publisher":"HL7 (FHIR Project)","contact":[{"telecom":[{"system":"url","value":"http://hl7.org/fhir"},{"system":"email","value":"fhir@lists.hl7.org"}]}],"description":"Codes indicating whether the goal has been accepted by a stakeholder.","immutable":true,"compose":{"include":[{"system":"http://terminology.hl7.org/CodeSystem/goal-acceptance-status"}]}}