{"resourceType":"ValueSet","id":"v2-0371","text":{"status":"generated","div":"<div xmlns=\"http://www.w3.org/1999/xhtml\"><ul><li>Include all codes defined in <a href=\"CodeSystem-v2-0371.html\"><code>http://terminology.hl7.org/CodeSystem/v2-0371</code></a></li></ul></div>"},"url":"http://terminology.hl7.org/ValueSet/v2-0371","identifier":[{"system":"urn:ietf:rfc:3986","value":"urn:oid:2.16.840.1.113883.21.245"}],"version":"2.0.0","name":"Hl7VSAdditivePreservative","title":"hl7VS-additivePreservative","status":"active","experimental":false,"date":"2019-12-01","publisher":"HL7, Inc","contact":[{"telecom":[{"system":"url","value":"https://github.com/HL7/UTG"}]}],"description":"Concepts specifying any additive introduced to the specimen before or at the time of collection.  These additives may be introduced in order to preserve, maintain or enhance the particular nature or component of the specimen.  Used in Version 2 messaging in the SPM segment.","copyright":"Copyright HL7. Licensed under creative commons public domain","compose":{"include":[{"system":"http://terminology.hl7.org/CodeSystem/v2-0371","version":"2.1.0"}]}}