{"resourceType":"ValueSet","id":"goal-category","meta":{"lastUpdated":"2020-02-24T12:41:39.109+11:00","profile":["http://hl7.org/fhir/StructureDefinition/shareablevalueset"]},"text":{"status":"generated","div":"<div xmlns=\"http://www.w3.org/1999/xhtml\"><ul><li>Include all codes defined in <a href=\"CodeSystem-goal-category.html\"><code>http://terminology.hl7.org/CodeSystem/goal-category</code></a></li></ul></div>"},"extension":[{"url":"http://hl7.org/fhir/StructureDefinition/structuredefinition-wg","valueCode":"pc"},{"url":"http://hl7.org/fhir/StructureDefinition/structuredefinition-fmm","valueInteger":1}],"url":"http://terminology.hl7.org/ValueSet/goal-category","identifier":[{"system":"urn:ietf:rfc:3986","value":"urn:oid:2.16.840.1.113883.4.642.3.275"}],"version":"0.3.0","name":"GoalCategory","title":"Goal category","status":"draft","experimental":false,"date":"2020-02-24T12:41:39+11:00","publisher":"HL7 International - Patient Care WG","contact":[{"telecom":[{"system":"url","value":"http://www.hl7.org/Special/committees/patientcare/"}]}],"description":"Example codes for grouping goals to use for filtering or presentation.","immutable":true,"compose":{"include":[{"system":"http://terminology.hl7.org/CodeSystem/goal-category"}]}}