{"resourceType":"ValueSet","id":"v2-0423","text":{"status":"generated","div":"<div xmlns=\"http://www.w3.org/1999/xhtml\"><ul><li>Include all codes defined in <a href=\"CodeSystem-v2-0423.html\"><code>http://terminology.hl7.org/CodeSystem/v2-0423</code></a></li></ul></div>"},"url":"http://terminology.hl7.org/ValueSet/v2-0423","identifier":[{"system":"urn:ietf:rfc:3986","value":"urn:oid:2.16.840.1.113883.21.280"}],"version":"2.0.0","name":"Hl7VSCaseCategoryCode","title":"hl7VS-caseCategoryCode","status":"active","experimental":false,"date":"2019-12-01","publisher":"HL7, Inc","contact":[{"telecom":[{"system":"url","value":"https://github.com/HL7/UTG"}]}],"description":"Value Set of codes specifying the reason a non-urgent patient presents to the emergency room for treatment instead of a clinic or physican office.","copyright":"Copyright HL7. Licensed under creative commons public domain","compose":{"include":[{"system":"http://terminology.hl7.org/CodeSystem/v2-0423","version":"2.1.0"}]}}