{"resourceType":"ValueSet","id":"encounter-special-arrangements","meta":{"lastUpdated":"2020-02-24T12:41:39.109+11:00","profile":["http://hl7.org/fhir/StructureDefinition/shareablevalueset"]},"text":{"status":"generated","div":"<div xmlns=\"http://www.w3.org/1999/xhtml\"><ul><li>Include all codes defined in <a href=\"CodeSystem-encounter-special-arrangements.html\"><code>http://terminology.hl7.org/CodeSystem/encounter-special-arrangements</code></a></li></ul></div>"},"extension":[{"url":"http://hl7.org/fhir/StructureDefinition/structuredefinition-wg","valueCode":"pa"}],"url":"http://terminology.hl7.org/ValueSet/encounter-special-arrangements","identifier":[{"system":"urn:ietf:rfc:3986","value":"urn:oid:2.16.840.1.113883.4.642.3.253"}],"version":"0.3.0","name":"SpecialArrangements","title":"Special arrangements","status":"draft","experimental":false,"date":"2020-02-24T12:41:39+11:00","publisher":"FHIR Project team","contact":[{"telecom":[{"system":"url","value":"http://hl7.org/fhir"}]}],"description":"This value set defines a set of codes that can be used to indicate the kinds of special arrangements in place for a patients visit.","immutable":true,"compose":{"include":[{"system":"http://terminology.hl7.org/CodeSystem/encounter-special-arrangements"}]}}