{"resourceType":"ValueSet","id":"v2-0227","text":{"status":"generated","div":"<div xmlns=\"http://www.w3.org/1999/xhtml\"><ul><li>Include all codes defined in <a href=\"CodeSystem-MVX.html\"><code>http://hl7.org/fhir/sid/mvx</code></a></li></ul></div>"},"url":"http://terminology.hl7.org/ValueSet/v2-0227","identifier":[{"system":"urn:ietf:rfc:3986","value":"urn:oid:2.16.840.1.114222.4.11.826"}],"version":"3.0.0","name":"PHVSManufacturersOfVaccinesMVXCDCNIP","title":"PHVS_ManufacturersOfVaccinesMVX_CDC_NIP","status":"active","experimental":false,"date":"2023-06-12","publisher":"HL7, Inc","contact":[{"telecom":[{"system":"url","value":"https://github.com/HL7/UTG"}]}],"description":"Value Set of codes that specify the organization that manufactures a vaccine. The values are maintained by the US Centers of Disease Control.  Note that the source of truth for these code values are maintained by the CDC, and the code system may be accessed via [https://phinvads.cdc.gov/vads/ViewCodeSystem.action?id=2.16.840.1.113883.12.227](https://phinvads.cdc.gov/vads/ViewCodeSystem.action?id=2.16.840.1.113883.12.227)","copyright":"Copyright HL7. Licensed under creative commons public domain","compose":{"include":[{"system":"http://hl7.org/fhir/sid/mvx"}]}}