{"resourceType":"ValueSet","id":"v2-0292","text":{"status":"generated","div":"<div xmlns=\"http://www.w3.org/1999/xhtml\"><ul><li>Include all codes defined in <a href=\"CodeSystem-CVX.html\"><code>http://hl7.org/fhir/sid/cvx</code></a></li></ul></div>"},"url":"http://terminology.hl7.org/ValueSet/v2-0292","identifier":[{"system":"urn:ietf:rfc:3986","value":"urn:oid:2.16.840.1.114222.4.11.934"}],"version":"2.0.0","name":"PHVSVaccinesAdministeredCVXCDCNIP","title":"PHVS_VaccinesAdministeredCVX_CDC_NIP","status":"active","experimental":false,"date":"2019-12-01","publisher":"HL7, Inc","contact":[{"telecom":[{"system":"url","value":"https://github.com/HL7/UTG"}]}],"description":"Value Set of codes that specify the administered vaccines.   The values are maintained by the US Centers of Disease Control..  The code system is maintained by the CDC, and may be found at URL;  https://phinvads.cdc.gov/vads/ViewCodeSystem.action?id=2.1","copyright":"Copyright HL7. Licensed under creative commons public domain","compose":{"include":[{"system":"http://hl7.org/fhir/sid/cvx","version":"2.ext.0"}]}}