{"resourceType":"ValueSet","id":"device-kind","meta":{"lastUpdated":"2020-05-06T13:31:06.441+00:00","profile":["http://hl7.org/fhir/StructureDefinition/shareablevalueset"]},"text":{"status":"generated","div":"<div xmlns=\"http://www.w3.org/1999/xhtml\"><ul><li>Include codes from <a href=\"http://www.snomed.org/\"><code>http://snomed.info/sct</code></a> where concept  is-a  49062001 (Device)</li></ul></div>"},"extension":[{"url":"http://hl7.org/fhir/StructureDefinition/structuredefinition-wg","valueCode":"oo"},{"url":"http://hl7.org/fhir/StructureDefinition/structuredefinition-fmm","valueInteger":1}],"url":"http://terminology.hl7.org/ValueSet/device-kind","identifier":[{"system":"urn:ietf:rfc:3986","value":"urn:oid:2.16.840.1.113883.4.642.3.208"}],"version":"0.2.0","name":"FHIRDeviceTypes","title":"FHIR Device Types","status":"draft","experimental":false,"date":"2020-05-06T13:31:06+00:00","publisher":"HL7 Orders and Observations Workgroup","contact":[{"telecom":[{"system":"url","value":"http://hl7.org/fhir"}]}],"description":"Codes used to identify medical devices. Includes concepts from SNOMED CT (http://www.snomed.org/)    where concept is-a 49062001 (Device)  and is provided as a suggestive example.","copyright":"This resource includes content from SNOMED Clinical Terms® (SNOMED CT®) which is copyright    of the International Health Terminology Standards Development Organisation (IHTSDO). Implementers    of these specifications must have the appropriate SNOMED CT Affiliate license - for more    information contact http://www.snomed.org/snomed-ct/get-snomed-ct or info@snomed.org","compose":{"include":[{"system":"http://snomed.info/sct","filter":[{"property":"concept","op":"is-a","value":"49062001"}]}]}}