{"resourceType":"ValueSet","id":"v2-0179","text":{"status":"generated","div":"<div xmlns=\"http://www.w3.org/1999/xhtml\"><ul><li>Include all codes defined in <a href=\"CodeSystem-v2-0179.html\"><code>http://terminology.hl7.org/CodeSystem/v2-0179</code></a></li></ul></div>"},"url":"http://terminology.hl7.org/ValueSet/v2-0179","identifier":[{"system":"urn:ietf:rfc:3986","value":"urn:oid:2.16.840.1.113883.21.106"}],"version":"2.0.0","name":"Hl7VSResponseLevel","title":"hl7VS-responseLevel","status":"active","experimental":false,"date":"2019-12-01","publisher":"HL7, Inc","contact":[{"telecom":[{"system":"url","value":"https://github.com/HL7/UTG"}]}],"description":"Concepts specifying application response levels defined for a given Master File Message at the MFE segment level, and used for MFN-Master File Notification message.  Specifies additional detail (beyond MSH-15 - Accept Acknowledgment Type and MSH-16 - Application Acknowledgment Type) for application-level acknowledgment paradigms for Master Files transactions.","copyright":"Copyright HL7. Licensed under creative commons public domain","compose":{"include":[{"system":"http://terminology.hl7.org/CodeSystem/v2-0179","version":"2.1.0"}]}}