{"resourceType":"ValueSet","id":"substance-category","meta":{"lastUpdated":"2020-02-24T12:41:39.109+11:00","profile":["http://hl7.org/fhir/StructureDefinition/shareablevalueset"]},"text":{"status":"generated","div":"<div xmlns=\"http://www.w3.org/1999/xhtml\"><ul><li>Include all codes defined in <a href=\"CodeSystem-substance-category.html\"><code>http://terminology.hl7.org/CodeSystem/substance-category</code></a></li></ul></div>"},"extension":[{"url":"http://hl7.org/fhir/StructureDefinition/structuredefinition-wg","valueCode":"oo"},{"url":"http://hl7.org/fhir/StructureDefinition/structuredefinition-fmm","valueInteger":2}],"url":"http://terminology.hl7.org/ValueSet/substance-category","identifier":[{"system":"urn:ietf:rfc:3986","value":"urn:oid:2.16.840.1.113883.4.642.3.476"}],"version":"0.3.0","name":"SubstanceCategoryCodes","title":"Substance Category Codes","status":"draft","experimental":false,"date":"2020-02-24T12:41:39+11:00","publisher":"HL7 Orders and Observations Workgroup","contact":[{"telecom":[{"system":"url","value":"http://www.hl7.org/Special/committees/orders/index.cfm"}]}],"description":"Substance category codes","immutable":true,"compose":{"include":[{"system":"http://terminology.hl7.org/CodeSystem/substance-category"}]}}