{"resourceType":"ValueSet","id":"v2-0119","text":{"status":"generated","div":"<div xmlns=\"http://www.w3.org/1999/xhtml\"><ul><li>Include all codes defined in <a href=\"CodeSystem-v2-0119.html\"><code>http://terminology.hl7.org/CodeSystem/v2-0119</code></a></li></ul></div>"},"url":"http://terminology.hl7.org/ValueSet/v2-0119","identifier":[{"system":"urn:ietf:rfc:3986","value":"urn:oid:2.16.840.1.113883.21.52"}],"version":"2.0.0","name":"Hl7VSOrderControl","title":"hl7VS-orderControl","status":"active","experimental":false,"date":"2019-12-01","publisher":"HL7, Inc","contact":[{"telecom":[{"system":"url","value":"https://github.com/HL7/UTG"}]}],"description":"Concepts which are used to determine the function of the order segment.  Depending on the message, the action specifies by one of these control codes may refer to an order or an individual service.","copyright":"Copyright HL7. Licensed under creative commons public domain","compose":{"include":[{"system":"http://terminology.hl7.org/CodeSystem/v2-0119","version":"2.8.0"}]}}