{"resourceType":"ValueSet","id":"episodeofcare-type","meta":{"lastUpdated":"2020-02-24T12:41:39.109+11:00","profile":["http://hl7.org/fhir/StructureDefinition/shareablevalueset"]},"text":{"status":"generated","div":"<div xmlns=\"http://www.w3.org/1999/xhtml\"><ul><li>Include all codes defined in <a href=\"CodeSystem-episodeofcare-type.html\"><code>http://terminology.hl7.org/CodeSystem/episodeofcare-type</code></a></li></ul></div>"},"extension":[{"url":"http://hl7.org/fhir/StructureDefinition/structuredefinition-wg","valueCode":"pa"},{"url":"http://hl7.org/fhir/StructureDefinition/structuredefinition-fmm","valueInteger":1}],"url":"http://terminology.hl7.org/ValueSet/episodeofcare-type","identifier":[{"system":"urn:ietf:rfc:3986","value":"urn:oid:2.16.840.1.113883.4.642.3.666"}],"version":"0.2.0","name":"EpisodeOfCareType","title":"Episode of care type","status":"draft","experimental":false,"date":"2020-02-24T12:41:39+11:00","publisher":"FHIR Project team","contact":[{"telecom":[{"system":"url","value":"http://hl7.org/fhir"}]}],"description":"This example value set defines a set of codes that can be used to express the usage type of an EpisodeOfCare record.","immutable":true,"compose":{"include":[{"system":"http://terminology.hl7.org/CodeSystem/episodeofcare-type"}]}}