{"resourceType":"ValueSet","id":"v2-0189","text":{"status":"generated","div":"<div xmlns=\"http://www.w3.org/1999/xhtml\"><ul><li>Include all codes defined in <a href=\"CodeSystem-v2-0189.html\"><code>http://terminology.hl7.org/CodeSystem/v2-0189</code></a></li></ul></div>"},"url":"http://terminology.hl7.org/ValueSet/v2-0189","identifier":[{"system":"urn:ietf:rfc:3986","value":"urn:oid:2.16.840.1.113883.21.112"}],"version":"2.0.0","name":"Hl7VSEthnicGroup","title":"hl7VS-ethnicGroup","status":"active","experimental":false,"date":"2019-12-01","publisher":"HL7, Inc","contact":[{"telecom":[{"system":"url","value":"https://github.com/HL7/UTG"}]}],"description":"Concepts further defining a patient's ancestry.  In the US, a current use is to use these codes to report ethnicity in line with US federal standards for Hispanic origin.  Used for HL7 Version 2 messaging in the PID segment.","copyright":"Copyright HL7. Licensed under creative commons public domain","compose":{"include":[{"system":"http://terminology.hl7.org/CodeSystem/v2-0189","version":"2.1.0"}]}}