{"resourceType":"ValueSet","id":"contract-signer-type","meta":{"lastUpdated":"2020-02-24T12:41:39.109+11:00","profile":["http://hl7.org/fhir/StructureDefinition/shareablevalueset"]},"text":{"status":"generated","div":"<div xmlns=\"http://www.w3.org/1999/xhtml\"><ul><li>Include all codes defined in <a href=\"CodeSystem-contractsignertypecodes.html\"><code>http://terminology.hl7.org/CodeSystem/contractsignertypecodes</code></a></li></ul></div>"},"extension":[{"url":"http://hl7.org/fhir/StructureDefinition/valueset-extensible","valueBoolean":true},{"url":"http://hl7.org/fhir/StructureDefinition/structuredefinition-wg","valueCode":"fm"}],"url":"http://terminology.hl7.org/ValueSet/contract-signer-type","identifier":[{"system":"urn:ietf:rfc:3986","value":"urn:oid:2.16.840.1.113883.4.642.3.737"}],"version":"0.3.0","name":"ContractSignerTypeCodes","title":"Contract Signer Type Codes","status":"draft","experimental":false,"date":"2020-02-24T12:41:39+11:00","publisher":"Financial Management","contact":[{"telecom":[{"system":"url","value":"http://hl7.org/fhir"},{"system":"email","value":"fhir@lists.hl7.org"}]}],"description":"This value set includes sample Contract Signer Type codes.","immutable":true,"copyright":"This is an example set based on ASTM Standard, E1762-95 (2013) HL7 RoleClass OID 2.16.840.1.113883.5.110, HL7 Role Code 2.16.840.1.113883.5.111, HL7 ParticipationType OID: 2.16.840.1.113883.5.90, HL7 ParticipationFunction codes at OID: 2.16.840.1.113883.5.88, and HL7 Security and Privacy Domain Analysis Model roles classes.","compose":{"include":[{"system":"http://terminology.hl7.org/CodeSystem/contractsignertypecodes"}]}}