{"resourceType":"ValueSet","id":"allergyintolerance-clinical","meta":{"lastUpdated":"2020-02-24T12:41:39.109+11:00","profile":["http://hl7.org/fhir/StructureDefinition/shareablevalueset"]},"text":{"status":"generated","div":"<div xmlns=\"http://www.w3.org/1999/xhtml\"><ul><li>Include all codes defined in <a href=\"CodeSystem-allergyintolerance-clinical.html\"><code>http://terminology.hl7.org/CodeSystem/allergyintolerance-clinical</code></a></li></ul></div>"},"extension":[{"url":"http://hl7.org/fhir/StructureDefinition/structuredefinition-wg","valueCode":"pc"},{"url":"http://hl7.org/fhir/StructureDefinition/structuredefinition-fmm","valueInteger":3}],"url":"http://terminology.hl7.org/ValueSet/allergyintolerance-clinical","identifier":[{"system":"urn:ietf:rfc:3986","value":"urn:oid:2.16.840.1.113883.4.642.3.1372"}],"version":"0.5.0","name":"AllergyIntoleranceClinicalStatusCodes","title":"AllergyIntolerance Clinical Status Codes","status":"draft","experimental":false,"date":"2020-02-24T12:41:39+11:00","publisher":"FHIR Project team","contact":[{"telecom":[{"system":"url","value":"http://hl7.org/fhir"}]}],"description":"Preferred value set for AllergyIntolerance Clinical Status.","immutable":true,"compose":{"include":[{"system":"http://terminology.hl7.org/CodeSystem/allergyintolerance-clinical"}]}}