{"resourceType":"ValueSet","id":"mif-conceptRelationshipReflexivity","text":{"status":"extensions","div":"<div xmlns=\"http://www.w3.org/1999/xhtml\"><p>This value set includes codes based on the following rules:</p><ul><li>Include codes from <a href=\"CodeSystem-hl7TermMaintInfra.html\"><code>http://terminology.hl7.org/CodeSystem/hl7TermMaintInfra</code></a> where concept  is-a  <a href=\"CodeSystem-hl7TermMaintInfra.html#hl7TermMaintInfra-MIF-ConceptRelationshipReflexivity\">MIF-ConceptRelationshipReflexivity</a></li></ul><p>This value set excludes codes based on the following rules:</p><ul><li>Exclude these codes as defined in <a href=\"CodeSystem-hl7TermMaintInfra.html\"><code>http://terminology.hl7.org/CodeSystem/hl7TermMaintInfra</code></a><table class=\"none\"><tr><td style=\"white-space:nowrap\"><b>Code</b></td><td><b>Display</b></td><td><b>Definition</b></td></tr><tr><td><a href=\"CodeSystem-hl7TermMaintInfra.html#hl7TermMaintInfra-MIF-ConceptRelationshipReflexivity\">MIF-ConceptRelationshipReflexivity</a></td><td/><td>Grouper code for MIF SupportedConceptRelationship.reflexivity codes</td></tr></table></li></ul></div>"},"url":"http://terminology.hl7.org/ValueSet/mif-conceptRelationshipReflexivity","version":"1.0.0","name":"MIFConceptRelationshipReflexivity","title":"MIF Concept Relationship Reflexivity","status":"draft","experimental":false,"date":"2023-07-18T00:43:45-06:00","description":"Codes for use in the ext-mif-relationship-reflexivity to capture V3 Model Interchange Format (MIF) SupportedConceptRelationship.reflexivity values","compose":{"include":[{"system":"http://terminology.hl7.org/CodeSystem/hl7TermMaintInfra","filter":[{"property":"concept","op":"is-a","value":"MIF-ConceptRelationshipReflexivity"}]}],"exclude":[{"system":"http://terminology.hl7.org/CodeSystem/hl7TermMaintInfra","concept":[{"code":"MIF-ConceptRelationshipReflexivity"}]}]}}