{"resourceType":"ValueSet","id":"v2-0092","text":{"status":"generated","div":"<div xmlns=\"http://www.w3.org/1999/xhtml\"><ul><li>Include all codes defined in <a href=\"CodeSystem-v2-0092.html\"><code>http://terminology.hl7.org/CodeSystem/v2-0092</code></a></li></ul></div>"},"url":"http://terminology.hl7.org/ValueSet/v2-0092","identifier":[{"system":"urn:ietf:rfc:3986","value":"urn:oid:2.16.840.1.113883.21.40"}],"version":"2.0.0","name":"Hl7VSReAdmissionIndicator","title":"hl7VS-re-admissionIndicator","status":"active","experimental":false,"date":"2019-12-01","publisher":"HL7, Inc","contact":[{"telecom":[{"system":"url","value":"https://github.com/HL7/UTG"}]}],"description":"Value Set of codes which are used to specify that a patient is being re-admitted to a healthcare facility from which they were discharged, and indicates the circumstances around such re-admission.","copyright":"Copyright HL7. Licensed under creative commons public domain","compose":{"include":[{"system":"http://terminology.hl7.org/CodeSystem/v2-0092","version":"2.1.0"}]}}