{"resourceType":"ValueSet","id":"v2-0217","text":{"status":"generated","div":"<div xmlns=\"http://www.w3.org/1999/xhtml\"><ul><li>Include all codes defined in <a href=\"CodeSystem-v2-0217.html\"><code>http://terminology.hl7.org/CodeSystem/v2-0217</code></a></li></ul></div>"},"url":"http://terminology.hl7.org/ValueSet/v2-0217","identifier":[{"system":"urn:ietf:rfc:3986","value":"urn:oid:2.16.840.1.113883.21.133"}],"version":"2.0.0","name":"Hl7VSVisitPriorityCode","title":"hl7VS-visitPriorityCode","status":"active","experimental":false,"date":"2019-12-01","publisher":"HL7, Inc","contact":[{"telecom":[{"system":"url","value":"https://github.com/HL7/UTG"}]}],"description":"Value Set of codes that define a relative level of urgency applied to a patient visit.","copyright":"Copyright HL7. Licensed under creative commons public domain","compose":{"include":[{"system":"http://terminology.hl7.org/CodeSystem/v2-0217","version":"2.1.0"}]}}