{"resourceType":"ValueSet","id":"v2-0125","text":{"status":"generated","div":"<div xmlns=\"http://www.w3.org/1999/xhtml\"><ul><li>Include all codes defined in <a href=\"CodeSystem-v2-0440.html\"><code>http://terminology.hl7.org/CodeSystem/v2-0440</code></a></li></ul></div>"},"url":"http://terminology.hl7.org/ValueSet/v2-0125","identifier":[{"system":"urn:ietf:rfc:3986","value":"urn:oid:2.16.840.1.113883.21.57"}],"version":"2.0.0","name":"Hl7VSValueType","title":"hl7VS-valueType","status":"active","experimental":false,"date":"2019-12-01","publisher":"HL7, Inc","contact":[{"telecom":[{"system":"url","value":"https://github.com/HL7/UTG"}]}],"description":"Concepts which specify the data type of OBX-5, Observation Value, and are a subset of the datatypes defined in HL7 Version 2.x.","copyright":"Copyright HL7. Licensed under creative commons public domain","compose":{"include":[{"system":"http://terminology.hl7.org/CodeSystem/v2-0440","version":"2.4.0"}]}}