{"resourceType":"ValueSet","id":"insuranceplan-applicability","meta":{"lastUpdated":"2020-02-24T12:41:39.109+11:00","profile":["http://hl7.org/fhir/StructureDefinition/shareablevalueset"]},"text":{"status":"generated","div":"<div xmlns=\"http://www.w3.org/1999/xhtml\"><ul><li>Include all codes defined in <a href=\"CodeSystem-applicability.html\"><code>http://terminology.hl7.org/CodeSystem/applicability</code></a></li></ul></div>"},"extension":[{"url":"http://hl7.org/fhir/StructureDefinition/structuredefinition-wg","valueCode":"pa"},{"url":"http://hl7.org/fhir/StructureDefinition/structuredefinition-fmm","valueInteger":0}],"url":"http://terminology.hl7.org/ValueSet/insuranceplan-applicability","identifier":[{"system":"urn:ietf:rfc:3986","value":"urn:oid:2.16.840.1.113883.4.642.3.0"}],"version":"0.1.0","name":"BenefitCostApplicability","title":"Benefit cost applicability","status":"draft","experimental":false,"date":"2018-06-05T14:06:02+00:00","publisher":"HL7 (FHIR Project)","contact":[{"telecom":[{"system":"url","value":"http://hl7.org/fhir"},{"system":"email","value":"fhir@lists.hl7.org"}]}],"description":"Whether the cost applies to in-network or out-of-network providers.","immutable":true,"compose":{"include":[{"system":"http://terminology.hl7.org/CodeSystem/applicability"}]}}