{"resourceType":"ValueSet","id":"reason-medication-given-codes","meta":{"lastUpdated":"2020-02-24T12:41:39.109+11:00","profile":["http://hl7.org/fhir/StructureDefinition/shareablevalueset"]},"text":{"status":"generated","div":"<div xmlns=\"http://www.w3.org/1999/xhtml\"><ul><li>Include all codes defined in <a href=\"CodeSystem-reason-medication-given.html\"><code>http://terminology.hl7.org/CodeSystem/reason-medication-given</code></a></li></ul></div>"},"extension":[{"url":"http://hl7.org/fhir/StructureDefinition/structuredefinition-wg","valueCode":"phx"},{"url":"http://hl7.org/fhir/StructureDefinition/structuredefinition-fmm","valueInteger":1}],"url":"http://terminology.hl7.org/ValueSet/reason-medication-given-codes","identifier":[{"system":"urn:ietf:rfc:3986","value":"urn:oid:2.16.840.1.113883.4.642.3.344"}],"version":"0.3.0","name":"ReasonMedicationGivenCodes","title":"Reason Medication Given Codes","status":"draft","experimental":false,"date":"2020-02-24T12:41:39+11:00","publisher":"FHIR Project team","contact":[{"telecom":[{"system":"url","value":"http://hl7.org/fhir"}]}],"description":"This value set is provided as an example. The value set to instantiate this attribute should be drawn from a robust terminology code system that consists of or contains concepts to support the medication process.","immutable":true,"compose":{"include":[{"system":"http://terminology.hl7.org/CodeSystem/reason-medication-given"}]}}