{"resourceType":"ValueSet","id":"audit-event-outcome","meta":{"lastUpdated":"2020-02-24T12:41:39.109+11:00","profile":["http://hl7.org/fhir/StructureDefinition/shareablevalueset"]},"text":{"status":"generated","div":"<div xmlns=\"http://www.w3.org/1999/xhtml\"><ul><li>Include all codes defined in <a href=\"CodeSystem-audit-event-outcome.html\"><code>http://terminology.hl7.org/CodeSystem/audit-event-outcome</code></a></li></ul></div>"},"extension":[{"url":"http://hl7.org/fhir/StructureDefinition/structuredefinition-wg","valueCode":"sec"},{"url":"http://hl7.org/fhir/StructureDefinition/structuredefinition-fmm","valueInteger":3}],"url":"http://terminology.hl7.org/ValueSet/audit-event-outcome","identifier":[{"system":"urn:ietf:rfc:3986","value":"urn:oid:2.16.840.1.113883.4.642.3.466"}],"version":"0.5.0","name":"AuditEventOutcome","title":"Audit Event Outcome","status":"active","experimental":false,"date":"2010-08-26","publisher":"NEMA/DICOM","contact":[{"telecom":[{"system":"url","value":"http://hl7.org/fhir"},{"system":"email","value":"fhir@lists.hl7.org"}]}],"description":"The type of process where the audit event originated from.","immutable":true,"compose":{"include":[{"system":"http://terminology.hl7.org/CodeSystem/audit-event-outcome"}]}}