{"resourceType":"ValueSet","id":"v2-0228","text":{"status":"generated","div":"<div xmlns=\"http://www.w3.org/1999/xhtml\"><ul><li>Include all codes defined in <a href=\"CodeSystem-v2-0228.html\"><code>http://terminology.hl7.org/CodeSystem/v2-0228</code></a></li></ul></div>"},"url":"http://terminology.hl7.org/ValueSet/v2-0228","identifier":[{"system":"urn:ietf:rfc:3986","value":"urn:oid:2.16.840.1.113883.21.140"}],"version":"2.0.0","name":"Hl7VSDiagnosisClassification","title":"hl7VS-diagnosisClassification","status":"active","experimental":false,"date":"2019-12-01","publisher":"HL7, Inc","contact":[{"telecom":[{"system":"url","value":"https://github.com/HL7/UTG"}]}],"description":"Value Set of codes that classify whether a patient visit can be related to a diagnosis.","copyright":"Copyright HL7. Licensed under creative commons public domain","compose":{"include":[{"system":"http://terminology.hl7.org/CodeSystem/v2-0228","version":"2.1.0"}]}}