{"resourceType":"ValueSet","id":"measure-improvement-notation","meta":{"lastUpdated":"2020-02-24T12:41:39.109+11:00","profile":["http://hl7.org/fhir/StructureDefinition/shareablevalueset"]},"text":{"status":"generated","div":"<div xmlns=\"http://www.w3.org/1999/xhtml\"><ul><li>Include all codes defined in <a href=\"CodeSystem-measure-improvement-notation.html\"><code>http://terminology.hl7.org/CodeSystem/measure-improvement-notation</code></a></li></ul></div>"},"extension":[{"url":"http://hl7.org/fhir/StructureDefinition/structuredefinition-wg","valueCode":"cqi"},{"url":"http://hl7.org/fhir/StructureDefinition/structuredefinition-fmm","valueInteger":2}],"url":"http://terminology.hl7.org/ValueSet/measure-improvement-notation","identifier":[{"system":"urn:ietf:rfc:3986","value":"urn:oid:2.16.840.1.113883.4.642.3.1236"}],"version":"0.1.0","name":"MeasureImprovementNotation","title":"MeasureImprovementNotation","status":"draft","experimental":false,"date":"2020-02-24T12:41:39+11:00","publisher":"HL7 (FHIR Project)","contact":[{"telecom":[{"system":"url","value":"http://hl7.org/fhir"},{"system":"email","value":"fhir@lists.hl7.org"}]}],"description":"Observation values that indicate what change in a measurement value or score is indicative of an improvement in the measured item or scored issue.","immutable":true,"compose":{"include":[{"system":"http://terminology.hl7.org/CodeSystem/measure-improvement-notation"}]}}