{"resourceType":"ValueSet","id":"recorded-sex-or-gender-type","meta":{"profile":["http://hl7.org/fhir/StructureDefinition/shareablevalueset"]},"text":{"status":"generated","div":"<div xmlns=\"http://www.w3.org/1999/xhtml\"><ul><li>Include these codes as defined in <a href=\"http://loinc.org\"><code>http://loinc.org</code></a><table class=\"none\"><tr><td style=\"white-space:nowrap\"><b>Code</b></td><td><b>Display</b></td></tr><tr><td><a href=\"https://loinc.org/46098-0/\">46098-0</a></td><td>Sex</td></tr><tr><td><a href=\"https://loinc.org/76689-9/\">76689-9</a></td><td>Sex assigned at birth</td></tr><tr><td><a href=\"https://loinc.org/74698-2/\">74698-2</a></td><td>Sex [AHRQ]</td></tr></table></li></ul></div>"},"extension":[{"url":"http://hl7.org/fhir/StructureDefinition/structuredefinition-wg","valueCode":"pa"},{"url":"http://hl7.org/fhir/StructureDefinition/structuredefinition-standards-status","valueCode":"trial-use"},{"url":"http://hl7.org/fhir/StructureDefinition/structuredefinition-fmm","valueInteger":1}],"url":"http://terminology.hl7.org/ValueSet/recorded-sex-or-gender-type","identifier":[{"system":"urn:ietf:rfc:3986","value":"urn:oid:2.16.840.1.113883.4.642.3.3289"}],"version":"1.0.0","name":"RecordedSexOrGenderType","title":"Recorded Sex Or Gender Type","status":"active","experimental":false,"date":"2023-07-18T00:43:45-06:00","publisher":"FHIR Project team","contact":[{"telecom":[{"system":"url","value":"http://hl7.org/fhir"}]}],"description":"Codes that represent the type of the recorded sex and gender.","copyright":"This material contains content from LOINC (http://loinc.org). LOINC is copyright © 1995-2020, Regenstrief Institute, Inc. and the Logical Observation Identifiers Names and Codes (LOINC) Committee and is available at no cost under the license at http://loinc.org/license. LOINC® is a registered United States trademark of Regenstrief Institute, Inc","compose":{"include":[{"system":"http://loinc.org","concept":[{"code":"46098-0","display":"Sex"},{"code":"76689-9","display":"Sex assigned at birth"},{"code":"74698-2","display":"Sex [AHRQ]"}]}]}}