{"resourceType":"ValueSet","id":"v2-0070","text":{"status":"generated","div":"<div xmlns=\"http://www.w3.org/1999/xhtml\"><ul><li>Include all codes defined in <a href=\"CodeSystem-v2-0070.html\"><code>http://terminology.hl7.org/CodeSystem/v2-0070</code></a></li></ul></div>"},"url":"http://terminology.hl7.org/ValueSet/v2-0070","identifier":[{"system":"urn:ietf:rfc:3986","value":"urn:oid:2.16.840.1.113883.21.31"}],"version":"2.0.0","name":"Hl7VSSourceOfSpecimen","title":"hl7VS-sourceOfSpecimen","status":"active","experimental":false,"date":"2019-12-01","publisher":"HL7, Inc","contact":[{"telecom":[{"system":"url","value":"https://github.com/HL7/UTG"}]}],"description":"Value Set of codes which specify sources for speciments for clinical testing.  These concepts are used in HL7 Version 2.x messaging in the OBR segment prior to version 2.7, and was replaced by the concepts in table 0487 Specimen Type and table","copyright":"Copyright HL7. Licensed under creative commons public domain","compose":{"include":[{"system":"http://terminology.hl7.org/CodeSystem/v2-0070","version":"2.6.0"}]}}