{"resourceType":"ValueSet","id":"v2-0317","text":{"status":"generated","div":"<div xmlns=\"http://www.w3.org/1999/xhtml\"><ul><li>Include all codes defined in <a href=\"CodeSystem-v2-0317.html\"><code>http://terminology.hl7.org/CodeSystem/v2-0317</code></a></li></ul></div>"},"url":"http://terminology.hl7.org/ValueSet/v2-0317","identifier":[{"system":"urn:ietf:rfc:3986","value":"urn:oid:2.16.840.1.113883.21.205"}],"version":"2.0.0","name":"Hl7VSAnnotations","title":"hl7VS-annotations","status":"active","experimental":false,"date":"2019-12-01","publisher":"HL7, Inc","contact":[{"telecom":[{"system":"url","value":"https://github.com/HL7/UTG"}]}],"description":"Value Set of codes that specify the coded entry associated with a given point in time during the waveform recording.  Note codes beyond 9903 may exist; extensions to this table may be done by incrementing the code value.","copyright":"Copyright HL7. Licensed under creative commons public domain","compose":{"include":[{"system":"http://terminology.hl7.org/CodeSystem/v2-0317","version":"2.1.0"}]}}