{"resourceType":"ValueSet","id":"entformula-additive","meta":{"lastUpdated":"2020-02-24T12:41:39.109+11:00","profile":["http://hl7.org/fhir/StructureDefinition/shareablevalueset"]},"text":{"status":"generated","div":"<div xmlns=\"http://www.w3.org/1999/xhtml\"><ul><li>Include all codes defined in <a href=\"CodeSystem-entformula-additive.html\"><code>http://terminology.hl7.org/CodeSystem/entformula-additive</code></a></li></ul></div>"},"extension":[{"url":"http://hl7.org/fhir/StructureDefinition/structuredefinition-wg","valueCode":"oo"},{"url":"http://hl7.org/fhir/StructureDefinition/structuredefinition-fmm","valueInteger":1}],"url":"http://terminology.hl7.org/ValueSet/entformula-additive","identifier":[{"system":"urn:ietf:rfc:3986","value":"urn:oid:2.16.840.1.113883.4.642.3.392"}],"version":"0.3.0","name":"EnteralFormulaAdditiveTypeCode","title":"Enteral Formula Additive Type Code","status":"draft","experimental":false,"date":"2020-02-24T12:41:39+11:00","publisher":"FHIR NutritionOrder team","contact":[{"telecom":[{"system":"url","value":"http://hl7.org/fhir"}]}],"description":"EnteralFormulaAdditiveType: Codes for the type of modular component such as protein, carbohydrate or fiber to be provided in addition to or mixed with the base formula. This value set is provided as a suggestive example.","immutable":true,"compose":{"include":[{"system":"http://terminology.hl7.org/CodeSystem/entformula-additive"}]}}