{"resourceType":"ValueSet","id":"encounter-class","meta":{"lastUpdated":"2020-02-24T12:41:39.109+11:00","profile":["http://hl7.org/fhir/StructureDefinition/shareablevalueset"]},"text":{"status":"extensions","div":"<div xmlns=\"http://www.w3.org/1999/xhtml\"><ul><li>Include these codes as defined in <a href=\"CodeSystem-v3-ActCode.html\"><code>http://terminology.hl7.org/CodeSystem/v3-ActCode</code></a><table class=\"none\"><tr><td style=\"white-space:nowrap\"><b>Code</b></td><td><b>Display</b></td><td><b>Definition</b></td></tr><tr><td><a href=\"CodeSystem-v3-ActCode.html#v3-ActCode-IMP\">IMP</a></td><td>inpatient encounter</td><td>A patient encounter where a patient is admitted by a hospital or equivalent facility, assigned to a location where patients generally stay at least overnight and provided with room, board, and continuous nursing service.</td></tr><tr><td><a href=\"CodeSystem-v3-ActCode.html#v3-ActCode-AMB\">AMB</a></td><td>ambulatory</td><td>A comprehensive term for health care provided in a healthcare facility (e.g. a practitioneraTMs office, clinic setting, or hospital) on a nonresident basis. The term ambulatory usually implies that the patient has come to the location and is not assigned to a bed. Sometimes referred to as an outpatient encounter.</td></tr><tr><td><a href=\"CodeSystem-v3-ActCode.html#v3-ActCode-OBSENC\">OBSENC</a></td><td>observation encounter</td><td>An encounter where the patient usually will start in different encounter, such as one in the emergency department (EMER) but then transition to this type of encounter because they require a significant period of treatment and monitoring to determine whether or not their condition warrants an inpatient admission or discharge. In the majority of cases the decision about admission or discharge will occur within a time period determined by local, regional or national regulation, often between 24 and 48 hours.</td></tr><tr><td><a href=\"CodeSystem-v3-ActCode.html#v3-ActCode-EMER\">EMER</a></td><td>emergency</td><td>A patient encounter that takes place at a dedicated healthcare service delivery location where the patient receives immediate evaluation and treatment, provided until the patient can be discharged or responsibility for the patient's care is transferred elsewhere (for example, the patient could be admitted as an inpatient or transferred to another facility.)</td></tr><tr><td><a href=\"CodeSystem-v3-ActCode.html#v3-ActCode-VR\">VR</a></td><td>virtual</td><td>A patient encounter where the patient and the practitioner(s) are not in the same physical location. Examples include telephone conference, email exchange, robotic surgery, and televideo conference.</td></tr><tr><td><a href=\"CodeSystem-v3-ActCode.html#v3-ActCode-HH\">HH</a></td><td>home health</td><td>Healthcare encounter that takes place in the residence of the patient or a designee</td></tr></table></li></ul></div>"},"extension":[{"url":"http://hl7.org/fhir/StructureDefinition/structuredefinition-wg","valueCode":"pa"},{"url":"http://hl7.org/fhir/StructureDefinition/structuredefinition-fmm","valueInteger":1}],"url":"http://terminology.hl7.org/ValueSet/encounter-class","version":"1.0.0","name":"EncounterClass","title":"Encounter class","status":"draft","experimental":false,"date":"2020-02-24T12:41:39+11:00","publisher":"FHIR Project team","contact":[{"telecom":[{"system":"url","value":"http://hl7.org/fhir"}]}],"description":"This value set defines a set of codes that can be used to indicate the class of encounter: a specific code indicating class of service provided.","immutable":true,"compose":{"include":[{"system":"http://terminology.hl7.org/CodeSystem/v3-ActCode","concept":[{"code":"IMP","display":"inpatient encounter"},{"code":"AMB","display":"ambulatory"},{"code":"OBSENC","display":"observation encounter"},{"code":"EMER","display":"emergency"},{"code":"VR","display":"virtual"},{"code":"HH","display":"home health"}]}]}}