{"resourceType":"ValueSet","id":"testscript-profile-destination-types","meta":{"lastUpdated":"2020-02-24T12:41:39.109+11:00","profile":["http://hl7.org/fhir/StructureDefinition/shareablevalueset"]},"text":{"status":"generated","div":"<div xmlns=\"http://www.w3.org/1999/xhtml\"><ul><li>Include all codes defined in <a href=\"CodeSystem-testscript-profile-destination-types.html\"><code>http://terminology.hl7.org/CodeSystem/testscript-profile-destination-types</code></a></li></ul></div>"},"extension":[{"url":"http://hl7.org/fhir/StructureDefinition/structuredefinition-wg","valueCode":"fhir"},{"url":"http://hl7.org/fhir/StructureDefinition/structuredefinition-fmm","valueInteger":2}],"url":"http://terminology.hl7.org/ValueSet/testscript-profile-destination-types","identifier":[{"system":"urn:ietf:rfc:3986","value":"urn:oid:2.16.840.1.113883.4.642.3.714"}],"version":"0.2.0","name":"TestScriptProfileDestinationType","title":"Test script profile destination type","status":"draft","experimental":false,"date":"2020-02-24T12:41:39+11:00","publisher":"FHIR Project team","contact":[{"telecom":[{"system":"url","value":"http://hl7.org/fhir"}]}],"description":"This value set defines a set of codes that are used to indicate the profile type of a test system when acting as the destination within a TestScript.","immutable":true,"compose":{"include":[{"system":"http://terminology.hl7.org/CodeSystem/testscript-profile-destination-types"}]}}