{"resourceType":"ValueSet","id":"coverage-selfpay","meta":{"lastUpdated":"2020-02-24T12:41:39.109+11:00","profile":["http://hl7.org/fhir/StructureDefinition/shareablevalueset"]},"text":{"status":"generated","div":"<div xmlns=\"http://www.w3.org/1999/xhtml\"><ul><li>Include all codes defined in <a href=\"CodeSystem-coverage-selfpay.html\"><code>http://terminology.hl7.org/CodeSystem/coverage-selfpay</code></a></li></ul></div>"},"extension":[{"url":"http://hl7.org/fhir/StructureDefinition/structuredefinition-wg","valueCode":"fm"}],"url":"http://terminology.hl7.org/ValueSet/coverage-selfpay","identifier":[{"system":"urn:ietf:rfc:3986","value":"urn:oid:2.16.840.1.113883.4.642.3.525"}],"version":"0.2.0","name":"CoverageSelfPayCodes","title":"Coverage SelfPay Codes","status":"draft","experimental":false,"date":"2020-02-24T12:41:39+11:00","publisher":"Financial Management","contact":[{"telecom":[{"system":"url","value":"http://hl7.org/fhir"}]}],"description":"This value set includes Coverage SelfPay codes.","immutable":true,"copyright":"HL7 International.","compose":{"include":[{"system":"http://terminology.hl7.org/CodeSystem/coverage-selfpay"}]}}