{"resourceType":"ValueSet","id":"hl7-work-group","meta":{"lastUpdated":"2020-02-24T12:41:39.109+11:00","profile":["http://hl7.org/fhir/StructureDefinition/shareablevalueset"]},"text":{"status":"generated","div":"<div xmlns=\"http://www.w3.org/1999/xhtml\"><ul><li>Include all codes defined in <a href=\"CodeSystem-hl7-work-group.html\"><code>http://terminology.hl7.org/CodeSystem/hl7-work-group</code></a></li></ul></div>"},"extension":[{"url":"http://hl7.org/fhir/StructureDefinition/structuredefinition-wg","valueCode":"fhir"}],"url":"http://terminology.hl7.org/ValueSet/hl7-work-group","identifier":[{"system":"urn:ietf:rfc:3986","value":"urn:oid:2.16.840.1.113883.4.642.3.944"}],"version":"0.2.0","name":"HL7Workgroup","title":"HL7Workgroup","status":"draft","experimental":false,"date":"2020-02-24T12:41:39+11:00","publisher":"HL7 (FHIR Project)","contact":[{"telecom":[{"system":"url","value":"http://hl7.org/fhir"},{"system":"email","value":"fhir@lists.hl7.org"}]}],"description":"An HL7 administrative unit that owns artifacts in the FHIR specification.","immutable":true,"compose":{"include":[{"system":"http://terminology.hl7.org/CodeSystem/hl7-work-group"}]}}