{"resourceType":"ValueSet","id":"v2-0315","text":{"status":"generated","div":"<div xmlns=\"http://www.w3.org/1999/xhtml\"><ul><li>Include all codes defined in <a href=\"CodeSystem-v2-0315.html\"><code>http://terminology.hl7.org/CodeSystem/v2-0315</code></a></li></ul></div>"},"url":"http://terminology.hl7.org/ValueSet/v2-0315","identifier":[{"system":"urn:ietf:rfc:3986","value":"urn:oid:2.16.840.1.113883.21.202"}],"version":"2.0.0","name":"Hl7VSLivingWill","title":"hl7VS-livingWill","status":"active","experimental":false,"date":"2019-12-01","publisher":"HL7, Inc","contact":[{"telecom":[{"system":"url","value":"https://github.com/HL7/UTG"}]}],"description":"Value Set of codes that specify whether or not the patient has a living will and, if so, whether a copy fo the living will is on file at the healthcare facility.  If the patient does not have a living will, the value of this field indicates whether the ","copyright":"Copyright HL7. Licensed under creative commons public domain","compose":{"include":[{"system":"http://terminology.hl7.org/CodeSystem/v2-0315","version":"2.1.0"}]}}