{"resourceType":"ValueSet","id":"v2-0180","text":{"status":"generated","div":"<div xmlns=\"http://www.w3.org/1999/xhtml\"><ul><li>Include all codes defined in <a href=\"CodeSystem-v2-0180.html\"><code>http://terminology.hl7.org/CodeSystem/v2-0180</code></a></li></ul></div>"},"url":"http://terminology.hl7.org/ValueSet/v2-0180","identifier":[{"system":"urn:ietf:rfc:3986","value":"urn:oid:2.16.840.1.113883.21.107"}],"version":"2.0.0","name":"Hl7VSMasterfileActionCode","title":"hl7VS-masterfileActionCode","status":"active","experimental":false,"date":"2019-12-01","publisher":"HL7, Inc","contact":[{"telecom":[{"system":"url","value":"https://github.com/HL7/UTG"}]}],"description":"Concepts specifying an action for a master file record.  Used in HL7 V2.x messaging in the MFE segment.","copyright":"Copyright HL7. Licensed under creative commons public domain","compose":{"include":[{"system":"http://terminology.hl7.org/CodeSystem/v2-0180","version":"2.1.0"}]}}