{"resourceType":"ValueSet","id":"v2-0174","text":{"status":"generated","div":"<div xmlns=\"http://www.w3.org/1999/xhtml\"><ul><li>Include all codes defined in <a href=\"CodeSystem-v2-0174.html\"><code>http://terminology.hl7.org/CodeSystem/v2-0174</code></a></li></ul></div>"},"url":"http://terminology.hl7.org/ValueSet/v2-0174","identifier":[{"system":"urn:ietf:rfc:3986","value":"urn:oid:2.16.840.1.113883.21.102"}],"version":"2.0.0","name":"Hl7VSNatureOfServiceTestObservation","title":"hl7VS-natureOfServiceTestObservation","status":"active","experimental":false,"date":"2019-12-01","publisher":"HL7, Inc","contact":[{"telecom":[{"system":"url","value":"https://github.com/HL7/UTG"}]}],"description":"Concepts specifying an identification of a test battery, an entire functional procedure or study, a single test value (observation), multiple test batteries or functional procedures as an orderable unit (profile), or a single test value (observation) calculated from other independent observations, typically used as an indicator for Master Files.","copyright":"Copyright HL7. Licensed under creative commons public domain","compose":{"include":[{"system":"http://terminology.hl7.org/CodeSystem/v2-0174","version":"2.1.0"}]}}