{"resourceType":"ValueSet","id":"v2-0065","text":{"status":"generated","div":"<div xmlns=\"http://www.w3.org/1999/xhtml\"><ul><li>Include all codes defined in <a href=\"CodeSystem-v2-0065.html\"><code>http://terminology.hl7.org/CodeSystem/v2-0065</code></a></li></ul></div>"},"url":"http://terminology.hl7.org/ValueSet/v2-0065","identifier":[{"system":"urn:ietf:rfc:3986","value":"urn:oid:2.16.840.1.113883.21.28"}],"version":"2.0.0","name":"Hl7VSActionCode","title":"hl7VS-actionCode","status":"active","experimental":false,"date":"2019-12-01","publisher":"HL7, Inc","contact":[{"telecom":[{"system":"url","value":"https://github.com/HL7/UTG"}]}],"description":"Concepts which specify actions to be taken with respect to the specimens that accompany or precede an order.  The purpose of these are to further qualify (when appropriate) the general action indicated by the order control code (code system xxxx).","copyright":"Copyright HL7. Licensed under creative commons public domain","compose":{"include":[{"system":"http://terminology.hl7.org/CodeSystem/v2-0065","version":"2.2.0"}]}}